{
  "cost_levels": [
    0.0,
    0.005,
    0.01,
    0.015,
    0.02,
    0.025,
    0.03,
    0.035,
    0.04,
    0.045,
    0.05,
    0.055,
    0.06,
    0.065,
    0.07,
    0.075,
    0.08,
    0.085,
    0.09,
    0.095,
    0.1
  ],
  "models": {
    "Linear Regression": {
      "total_pnl": 230.14171781112927,
      "num_trades": 1542,
      "break_even_cost": 0.1492488442354924,
      "net_pnl_by_cost": [
        230.14171781112927,
        222.43171781112926,
        214.72171781112928,
        207.01171781112927,
        199.30171781112927,
        191.59171781112926,
        183.88171781112928,
        176.17171781112927,
        168.46171781112926,
        160.75171781112925,
        153.04171781112927,
        145.33171781112927,
        137.62171781112926,
        129.91171781112928,
        122.20171781112926,
        114.49171781112928,
        106.78171781112927,
        99.07171781112925,
        91.36171781112927,
        83.65171781112926,
        75.94171781112925
      ]
    },
    "Naive (Spread Closes)": {
      "total_pnl": 58.120531093856556,
      "num_trades": 1460,
      "break_even_cost": 0.03980858294099764,
      "net_pnl_by_cost": [
        58.120531093856556,
        50.82053109385656,
        43.520531093856555,
        36.22053109385656,
        28.920531093856557,
        21.620531093856556,
        14.320531093856559,
        7.020531093856555,
        -0.27946890614344255,
        -7.579468906143447,
        -14.879468906143444,
        -22.17946890614344,
        -29.47946890614344,
        -36.77946890614345,
        -44.07946890614345,
        -51.379468906143444,
        -58.67946890614344,
        -65.97946890614345,
        -73.27946890614345,
        -80.57946890614343,
        -87.87946890614344
      ]
    },
    "Volume (Higher Volume Correct)": {
      "total_pnl": 59.81199635862164,
      "num_trades": 1440,
      "break_even_cost": 0.04153610858237614,
      "net_pnl_by_cost": [
        59.81199635862164,
        52.61199635862164,
        45.41199635862164,
        38.21199635862165,
        31.01199635862164,
        23.81199635862164,
        16.611996358621646,
        9.411996358621636,
        2.21199635862164,
        -4.988003641378356,
        -12.188003641378359,
        -19.38800364137836,
        -26.58800364137835,
        -33.78800364137837,
        -40.98800364137837,
        -48.18800364137836,
        -55.38800364137836,
        -62.588003641378364,
        -69.78800364137835,
        -76.98800364137837,
        -84.18800364137836
      ]
    },
    "XGBoost": {
      "total_pnl": 238.40710590747386,
      "num_trades": 1538,
      "break_even_cost": 0.15501112217651097,
      "net_pnl_by_cost": [
        238.40710590747386,
        230.71710590747387,
        223.02710590747387,
        215.33710590747387,
        207.64710590747387,
        199.95710590747387,
        192.26710590747388,
        184.57710590747385,
        176.88710590747385,
        169.19710590747388,
        161.50710590747386,
        153.81710590747386,
        146.12710590747386,
        138.43710590747386,
        130.74710590747384,
        123.05710590747387,
        115.36710590747386,
        107.67710590747384,
        99.98710590747388,
        92.29710590747385,
        84.60710590747385
      ]
    },
    "GRU": {
      "total_pnl": 212.5026613341207,
      "num_trades": 1517,
      "break_even_cost": 0.1400808578339622,
      "net_pnl_by_cost": [
        212.5026613341207,
        204.91766133412068,
        197.3326613341207,
        189.7476613341207,
        182.16266133412068,
        174.57766133412068,
        166.9926613341207,
        159.4076613341207,
        151.82266133412068,
        144.23766133412067,
        136.6526613341207,
        129.0676613341207,
        121.48266133412069,
        113.89766133412068,
        106.31266133412068,
        98.7276613341207,
        91.14266133412069,
        83.55766133412067,
        75.97266133412069,
        68.38766133412068,
        60.80266133412067
      ]
    },
    "LSTM": {
      "total_pnl": 221.83971239912825,
      "num_trades": 1547,
      "break_even_cost": 0.14339994337370926,
      "net_pnl_by_cost": [
        221.83971239912825,
        214.10471239912823,
        206.36971239912825,
        198.63471239912826,
        190.89971239912825,
        183.16471239912823,
        175.42971239912825,
        167.69471239912824,
        159.95971239912825,
        152.22471239912824,
        144.48971239912822,
        136.75471239912827,
        129.01971239912825,
        121.28471239912824,
        113.54971239912824,
        105.81471239912825,
        98.07971239912824,
        90.34471239912824,
        82.60971239912826,
        74.87471239912824,
        67.13971239912823
      ]
    },
    "PPO-Filtered": {
      "total_pnl": 4.607821818303617,
      "num_trades": 899,
      "break_even_cost": 0.005125497017022934,
      "net_pnl_by_cost": [
        4.607821818303617,
        0.11282181830361715,
        -4.382178181696383,
        -8.877178181696383,
        -13.372178181696384,
        -17.867178181696385,
        -22.362178181696382,
        -26.857178181696387,
        -31.352178181696384,
        -35.84717818169638,
        -40.34217818169638,
        -44.83717818169638,
        -49.33217818169638,
        -53.82717818169638,
        -58.32217818169639,
        -62.81717818169638,
        -67.31217818169638,
        -71.80717818169639,
        -76.30217818169638,
        -80.79717818169638,
        -85.29217818169639
      ]
    },
    "PPO-Raw": {
      "total_pnl": 158.15298444845692,
      "num_trades": 1656,
      "break_even_cost": 0.09550300993264307,
      "net_pnl_by_cost": [
        158.15298444845692,
        149.87298444845692,
        141.59298444845692,
        133.31298444845692,
        125.03298444845692,
        116.75298444845691,
        108.47298444845691,
        100.19298444845691,
        91.91298444845692,
        83.63298444845692,
        75.35298444845691,
        67.07298444845692,
        58.79298444845692,
        50.51298444845692,
        42.232984448456904,
        33.95298444845693,
        25.67298444845693,
        17.3929844484569,
        9.112984448456928,
        0.8329844484569264,
        -7.447015551543103
      ]
    }
  }
}