{
  "model_name": "Linear Regression",
  "metrics": {
    "rmse": 0.1807905257133473,
    "mae": 0.12337832310493366,
    "directional_accuracy": 0.6666666666666666,
    "total_pnl": 21.730629600937185,
    "num_trades": 246,
    "win_rate": 0.6910569105691057,
    "sharpe_ratio": 8.427223384679833
  },
  "timestamp": "2026-04-05T15:09:06.794726+00:00",
  "threshold": 0.02,
  "n_train_rows": 1152,
  "n_test_rows": 286,
  "n_features": 35,
  "pnl_series": [
    0.09002711976906808,
    0.23911825429708056,
    0.2691126801610717,
    0.24790134272261105,
    0.2572636441401859,
    0.3248936406922876,
    0.3569440608603547,
    0.5209233004202292,
    0.5485761024419216,
    0.6588104578333174,
    0.7538415952392603,
    0.9015221048508952,
    0.8716320861259415,
    0.8650733354780986,
    0.9287405239374407,
    0.9891845759418825,
    0.9462108454237784,
    0.9639875799287644,
    0.9783130053253741,
    0.9924998142651874,
    0.9628300892943762,
    0.949440536472046,
    0.9190957843062155,
    0.9963399884767925,
    0.9834624282277536,
    0.9157713387019102,
    1.0900094900750756,
    1.193713081678001,
    1.2248732760802916,
    1.2550449669848636,
    1.3846884579275462,
    1.4982867386099923,
    1.5376828948897272,
    1.5925320899703266,
    1.6666837166923028,
    1.7962747163938464,
    1.9156157259353646,
    1.88984975493458,
    1.8789343809196613,
    1.9531975263323171,
    1.9136480770599413,
    2.498385089269237,
    2.7494928541618027,
    2.50580884455207,
    2.650310939334859,
    2.4602292179472562,
    2.411436910937876,
    2.4549844877646767,
    2.41204949451239,
    2.8281329953840695,
    2.993540164139505,
    3.2044950267594627,
    3.476589139442001,
    3.539145242606889,
    3.602813439638641,
    3.7753823094766017,
    4.10732022278043,
    4.278243908659082,
    4.513740025536534,
    4.581268320040422,
    5.195383925597045,
    5.342779343139233,
    5.5102787065908245,
    5.500445644606027,
    5.281929745928778,
    5.2632787868447535,
    5.831766684975054,
    6.312044128005773,
    6.7788298477762705,
    7.339081142637964,
    7.540057785432592,
    7.3751897719323996,
    7.342739876059363,
    7.8119281907557365,
    8.268750108433215,
    8.234565177262269,
    8.586592499752966,
    8.283552919402897,
    8.283552919402897,
    8.300249329216232,
    8.256070497661836,
    8.165444759763371,
    8.158441862484256,
    8.301980509827251,
    8.397341424963214,
    8.394196476576829,
    8.474196476576829,
    8.583505560524323,
    8.782862894395425,
    9.074409367394226,
    9.064781899566416,
    9.1650074918579,
    9.292195914399347,
    9.698619793060118,
    9.920928592214688,
    9.850376596733657,
    9.897546470972598,
    9.859172643507296,
    10.336124299277865,
    10.394781190773465,
    10.472736598743104,
    10.351442481096045,
    10.347442481096046,
    10.367942481096046,
    10.390879981096045,
    10.397332076172672,
    10.492479963629572,
    10.546697884136426,
    10.687091277938826,
    10.840967026929755,
    10.926151392805282,
    11.023944470662068,
    11.004145465535382,
    10.998022424777385,
    11.079442122921224,
    11.150688460378758,
    11.300789887493666,
    11.364946214792727,
    11.273784549323816,
    11.249408467430724,
    11.306684304348414,
    11.250824226222283,
    11.254788860439435,
    11.234116416953569,
    11.142293677364043,
    10.86240095738199,
    11.338451007145746,
    11.404216074312933,
    11.320729872700836,
    11.713559149128578,
    11.7309502326886,
    11.782710781438155,
    11.767197700722988,
    11.888727639946355,
    12.07187850539068,
    12.237414249087227,
    12.634480868343042,
    12.684127338580353,
    12.83680563729923,
    12.909968368040905,
    12.707573481224143,
    13.023488810986079,
    13.281710134086515,
    13.430401551516754,
    13.72428126269114,
    14.235801048074467,
    14.69555139645189,
    14.816963560490642,
    14.83019944808332,
    14.788094428048774,
    14.936904679138108,
    15.042243280240749,
    14.891122811379821,
    14.844297255777724,
    14.829320944330373,
    14.924391378955812,
    14.557752297764356,
    14.775674088684422,
    14.796455645895147,
    14.85939289586213,
    14.918685895863721,
    14.969387131824128,
    14.897268058130944,
    14.923340896660108,
    14.981738509854043,
    15.009708588743873,
    15.0325110457236,
    15.021779343524102,
    15.121092933586077,
    15.185866582599061,
    15.282007350326175,
    15.217526673582952,
    15.156580943595756,
    15.261555983580296,
    15.244666066041267,
    15.25904565371754,
    15.4319792095218,
    15.48628005533309,
    15.557722248840287,
    15.564516347521224,
    15.606073474288243,
    15.667002993318723,
    15.618970215037647,
    15.626583039040566,
    15.99897625600708,
    16.02077300478517,
    16.26666070656045,
    16.35259959463281,
    16.37118109034945,
    16.381276937051755,
    16.404644133616493,
    16.564861466513378,
    16.62447360449507,
    16.66460605950462,
    16.694528496976297,
    16.810803925058014,
    16.792295209014956,
    17.13207068520657,
    17.210222312198105,
    17.663586503155795,
    17.85002948019289,
    17.810866097847544,
    18.011995773356166,
    17.993150827888844,
    18.136612491369853,
    18.0024906017218,
    18.222970251016935,
    18.21995047508755,
    18.218397934174543,
    18.50750091513191,
    18.714501551501865,
    18.95647849455847,
    19.004453718110703,
    18.98401855673006,
    18.979472838355402,
    18.570106003315633,
    18.69509403530395,
    18.821047982628592,
    18.966154098412872,
    19.064316826855862,
    19.17621423866601,
    19.184095525033644,
    19.16722091181283,
    19.172138918427038,
    19.168422571145605,
    19.11021638973087,
    19.12021638973087,
    19.355376094890577,
    19.604700375898958,
    19.613677598117658,
    19.58552110602162,
    19.866356078218775,
    19.839322782890783,
    20.136552602932348,
    20.411662023112623,
    20.408428289948425,
    20.39928663328576,
    20.399066045050468,
    20.385731254840678,
    20.63923622577336,
    20.638725835694935,
    20.629557249442126,
    20.924749456620674,
    20.99516107218489,
    21.824896986853513,
    21.7306296009372
  ]
}