{
  "model_name": "Naive (Spread Closes)",
  "metrics": {
    "rmse": 0.23458761757990482,
    "mae": 0.17396596425334407,
    "directional_accuracy": 0.624561403508772,
    "total_pnl": 9.05833963263332,
    "num_trades": 258,
    "win_rate": 0.627906976744186,
    "sharpe_ratio": 8.955479745497591,
    "sharpe_per_trade": 0.20188530691154
  },
  "timestamp": "2026-04-05T15:18:11.083754+00:00",
  "threshold": 0.02,
  "n_train_rows": 1152,
  "n_test_rows": 286,
  "n_features": 35,
  "pnl_series": [
    0.09002711976906808,
    0.09002711976906808,
    0.12002154563305922,
    0.09881020819459857,
    0.1081725096121734,
    0.17580250616427512,
    0.20562469920671317,
    0.13300732620211791,
    0.165057746370185,
    0.32903698593005953,
    0.35668978795175194,
    0.46692414334314775,
    0.5619552807490906,
    0.7096357903607255,
    0.6797457716357718,
    0.6731870209879289,
    0.736854209447271,
    0.7084822812216047,
    0.724979352516147,
    0.7854234045205888,
    0.7424496740024847,
    0.7602264085074707,
    0.7745518339040804,
    0.7887386428438937,
    0.7590689178730825,
    0.7456793650507523,
    0.7153346128849218,
    0.6785377617665882,
    0.7557819659371652,
    0.4537483790757787,
    0.46662593932481755,
    0.5115577389329516,
    0.5767168078936714,
    0.6444078974195149,
    0.4701697460463494,
    0.5738733376492748,
    0.5427131432469843,
    0.5125414523424122,
    0.642184943285095,
    0.528586662602649,
    0.5679828188823839,
    0.6228320139629833,
    0.49018908226199626,
    0.5643407089839724,
    0.693931708685516,
    0.574590699143998,
    0.5488247281432135,
    0.5379093541282947,
    0.6121724995409505,
    0.46719285332547483,
    0.427643404053099,
    0.40843357645652806,
    0.9931705886658242,
    1.2442783535583897,
    1.2442783535583897,
    1.3887804483411788,
    1.1986987269535758,
    1.1499064199441955,
    1.1934539967709963,
    1.1505190035187092,
    1.5666025043903886,
    1.7320096731458239,
    1.975769239737795,
    2.1867241023577533,
    1.9146299896752148,
    1.9771860928401022,
    2.0408542898718545,
    2.2134231597098153,
    2.2134231597098153,
    2.3843468455884667,
    2.6198429624659183,
    2.687371256969806,
    2.687371256969806,
    2.687371256969806,
    2.729317118810913,
    2.561817755359321,
    2.571650817344118,
    2.7901667160213672,
    2.808817675105392,
    2.2403297769750923,
    2.720607220005812,
    2.253821500235315,
    2.8140727950970077,
    2.6130961523023797,
    2.777964165802572,
    2.8104140616756093,
    2.3412257469792355,
    2.798047664656713,
    2.8322325958276595,
    2.8322325958276595,
    2.5291930154775915,
    2.5291930154775915,
    2.512496605664257,
    2.5566754372186518,
    2.647301175117117,
    2.640298277838002,
    2.7838369251809976,
    2.6884760100450347,
    2.68533106165865,
    2.76533106165865,
    2.874640145606145,
    2.874640145606145,
    3.066504743315053,
    3.066504743315053,
    3.056877275487243,
    3.1571028677787254,
    3.0299144452372784,
    3.4363383238980485,
    3.658647123052619,
    3.7291991185336504,
    3.682029244294709,
    3.7204030717600096,
    3.243451415989442,
    3.302108307485043,
    3.3800637154546824,
    3.258769597807624,
    3.254769597807624,
    3.2752695978076236,
    3.298207097807624,
    3.304659192884251,
    3.399807080341151,
    3.4540250008480053,
    3.4540250008480053,
    3.594418394650406,
    3.670675938042368,
    3.745428908745303,
    3.899304657736233,
    3.9844890236117596,
    3.981067221111697,
    3.9862755544450303,
    3.9626535166074133,
    4.060446594464198,
    4.040647589337511,
    4.0345245485795145,
    4.115944246723353,
    4.115944246723353,
    4.266045673838262,
    4.330202001137322,
    4.421363666606234,
    4.396987584713142,
    4.4542634216308326,
    4.452305619736304,
    4.342602850392938,
    4.398462928519069,
    4.3944982943019175,
    4.415170737787784,
    4.506993477377311,
    4.506993477377311,
    4.983043527141067,
    5.048808594308254,
    4.965322392696158,
    5.358151669123899,
    5.340760585563875,
    5.289000036814321,
    5.304513117529487,
    4.981304106504724,
    5.102834045728089,
    5.285984911172414,
    5.120449167475868,
    5.356155013223876,
    4.959088393968061,
    5.0087348642053735,
    5.161413162924251,
    5.238568531830888,
    5.1654058010892125,
    4.96301091427245,
    5.278926244034385,
    5.020704920933948,
    5.169396338364186,
    5.463276049538571,
    5.974795834921899,
    6.434546183299321,
    6.434546183299321,
    6.421310295706642,
    6.463415315741187,
    6.314605064651854,
    6.247749643806701,
    6.353088244909342,
    6.50420871377027,
    6.5510342693723675,
    6.5510342693723675,
    6.5510342693723675,
    6.917673350563825,
    7.135595141483891,
    7.156376698694616,
    7.219313948661599,
    7.219313948661599,
    7.300100715884903,
    7.300100715884903,
    7.372219789578086,
    7.3982926281072485,
    7.3982926281072485,
    7.370322549217419,
    7.393125006197147,
    7.38239330399765,
    7.4817068940596245,
    7.546480543072609,
    7.450339775345495,
    7.514820452088718,
    7.575766182075914,
    7.575766182075914,
    7.592656099614943,
    7.607035687291216,
    7.434102131486957,
    7.488402977298248,
    7.5598451708054455,
    7.566639269486383,
    7.608196396253402,
    7.5491826920657035,
    7.610112211096184,
    7.629037448587197,
    7.671695502111472,
    7.671695502111472,
    7.671695502111472,
    7.623662723830397,
    7.631275547833315,
    8.003668764799828,
    8.025465513577917,
    8.271353215353198,
    8.357292103425557,
    8.269196419173998,
    8.287777914890638,
    8.297873761592946,
    8.321240958157686,
    8.48145829105457,
    8.48145829105457,
    8.441325836045019,
    8.336446648248142,
    8.366369085719818,
    8.482644513801535,
    8.464135797758477,
    8.80391127395009,
    8.80391127395009,
    8.350547082992401,
    8.536990060029497,
    8.72572370140843,
    8.764887083753775,
    8.563757408245156,
    8.425678664383446,
    8.406833718916124,
    8.550295382397133,
    8.416173492749078,
    8.636653142044214,
    8.63363336611483,
    8.632080825201825,
    8.921183806159192,
    9.128184442529147,
    9.370161385585753,
    9.418136609137985,
    9.39770144775734,
    9.393155729382682,
    9.369152726220664,
    8.959785891180895,
    9.084773923169209,
    9.210727870493852,
    9.065621754709573,
    9.163784483152565,
    9.223412302817316,
    9.223412302817316,
    9.157912905092116,
    9.165794191459753,
    9.137429646965904,
    9.120555033745088,
    9.125473040359298,
    9.121756693077867,
    9.06355051166313,
    9.07355051166313,
    9.308710216822835,
    9.059385935814452,
    9.068363158033153,
    9.040206665937113,
    9.321041638134266,
    9.348074933462259,
    9.348074933462259,
    9.623184353642534,
    9.626418086806732,
    9.626418086806732,
    9.626418086806732,
    9.626418086806732,
    9.626418086806732,
    9.625907696728307,
    9.616739110475498,
    9.911931317654046,
    9.982342933218261,
    9.152607018549636,
    9.058339632633322
  ]
}