{
  "model_name": "Volume (Higher Volume Correct)",
  "metrics": {
    "rmse": 0.21583587418340316,
    "mae": 0.15571378054885082,
    "directional_accuracy": 0.624561403508772,
    "total_pnl": 8.96472716647286,
    "num_trades": 255,
    "win_rate": 0.6274509803921569,
    "sharpe_ratio": 8.864995061119293,
    "sharpe_per_trade": 0.20105678875476565
  },
  "timestamp": "2026-04-05T15:18:11.084358+00:00",
  "threshold": 0.02,
  "n_train_rows": 1152,
  "n_test_rows": 286,
  "n_features": 35,
  "pnl_series": [
    0.09002711976906808,
    0.09002711976906808,
    0.12002154563305922,
    0.09881020819459857,
    0.1081725096121734,
    0.17580250616427512,
    0.20562469920671317,
    0.13300732620211791,
    0.165057746370185,
    0.32903698593005953,
    0.35668978795175194,
    0.46692414334314775,
    0.5619552807490906,
    0.7096357903607255,
    0.6797457716357718,
    0.6731870209879289,
    0.736854209447271,
    0.7084822812216047,
    0.724979352516147,
    0.7854234045205888,
    0.7424496740024847,
    0.7602264085074707,
    0.7745518339040804,
    0.7887386428438937,
    0.7590689178730825,
    0.7456793650507523,
    0.7153346128849218,
    0.6785377617665882,
    0.7557819659371652,
    0.4537483790757787,
    0.46662593932481755,
    0.5115577389329516,
    0.5767168078936714,
    0.6444078974195149,
    0.4701697460463494,
    0.5738733376492748,
    0.5427131432469843,
    0.5125414523424122,
    0.642184943285095,
    0.528586662602649,
    0.5679828188823839,
    0.6228320139629833,
    0.49018908226199626,
    0.5643407089839724,
    0.693931708685516,
    0.574590699143998,
    0.5488247281432135,
    0.5379093541282947,
    0.6121724995409505,
    0.46719285332547483,
    0.427643404053099,
    0.40843357645652806,
    0.9931705886658242,
    1.2442783535583897,
    1.2442783535583897,
    1.3887804483411788,
    1.1986987269535758,
    1.1499064199441955,
    1.1934539967709963,
    1.1505190035187092,
    1.5666025043903886,
    1.7320096731458239,
    1.975769239737795,
    2.1867241023577533,
    1.9146299896752148,
    1.9771860928401022,
    2.0408542898718545,
    2.2134231597098153,
    2.2134231597098153,
    2.3843468455884667,
    2.6198429624659183,
    2.687371256969806,
    2.687371256969806,
    2.687371256969806,
    2.729317118810913,
    2.561817755359321,
    2.571650817344118,
    2.7901667160213672,
    2.808817675105392,
    2.2403297769750923,
    2.720607220005812,
    2.253821500235315,
    2.8140727950970077,
    2.6130961523023797,
    2.777964165802572,
    2.8104140616756093,
    2.3412257469792355,
    2.798047664656713,
    2.8322325958276595,
    2.8322325958276595,
    2.5291930154775915,
    2.5291930154775915,
    2.512496605664257,
    2.5566754372186518,
    2.647301175117117,
    2.640298277838002,
    2.7838369251809976,
    2.6884760100450347,
    2.68533106165865,
    2.76533106165865,
    2.874640145606145,
    2.874640145606145,
    3.066504743315053,
    3.066504743315053,
    3.056877275487243,
    3.1571028677787254,
    3.0299144452372784,
    3.4363383238980485,
    3.658647123052619,
    3.7291991185336504,
    3.682029244294709,
    3.7204030717600096,
    3.243451415989442,
    3.302108307485043,
    3.3800637154546824,
    3.258769597807624,
    3.254769597807624,
    3.2752695978076236,
    3.298207097807624,
    3.304659192884251,
    3.399807080341151,
    3.4540250008480053,
    3.4540250008480053,
    3.594418394650406,
    3.670675938042368,
    3.745428908745303,
    3.899304657736233,
    3.9844890236117596,
    3.981067221111697,
    3.9862755544450303,
    3.9862755544450303,
    4.084068632301815,
    4.064269627175128,
    4.0581465864171316,
    4.13956628456097,
    4.13956628456097,
    4.289667711675879,
    4.353824038974939,
    4.353824038974939,
    4.329447957081848,
    4.386723793999538,
    4.3847659921050095,
    4.275063222761643,
    4.3309233008877746,
    4.326958666670623,
    4.347631110156489,
    4.439453849746016,
    4.439453849746016,
    4.915503899509773,
    4.98126896667696,
    4.897782765064863,
    5.290612041492604,
    5.273220957932581,
    5.221460409183027,
    5.236973489898192,
    4.913764478873429,
    5.035294418096795,
    5.2184452835411195,
    5.052909539844573,
    5.288615385592582,
    4.891548766336767,
    4.941195236574079,
    5.093873535292956,
    5.171028904199593,
    5.097866173457918,
    4.895471286641156,
    5.21138661640309,
    4.9531652933026535,
    5.101856710732892,
    5.3957364219072765,
    5.9072562072906045,
    6.367006555668026,
    6.367006555668026,
    6.353770668075348,
    6.395875688109893,
    6.247065437020559,
    6.1802100161754066,
    6.285548617278048,
    6.436669086138975,
    6.483494641741073,
    6.483494641741073,
    6.483494641741073,
    6.85013372293253,
    7.068055513852596,
    7.088837071063321,
    7.151774321030304,
    7.151774321030304,
    7.232561088253608,
    7.232561088253608,
    7.304680161946791,
    7.304680161946791,
    7.304680161946791,
    7.276710083056962,
    7.29951254003669,
    7.2887808378371925,
    7.388094427899167,
    7.452868076912152,
    7.356727309185038,
    7.421207985928261,
    7.482153715915457,
    7.482153715915457,
    7.499043633454486,
    7.5134232211307586,
    7.3404896653264995,
    7.394790511137791,
    7.466232704644988,
    7.473026803325926,
    7.514583930092945,
    7.455570225905246,
    7.516499744935727,
    7.53542498242674,
    7.578083035951015,
    7.578083035951015,
    7.578083035951015,
    7.53005025766994,
    7.537663081672858,
    7.910056298639372,
    7.9318530474174604,
    8.177740749192742,
    8.2636796372651,
    8.17558395301354,
    8.19416544873018,
    8.204261295432488,
    8.227628491997228,
    8.387845824894113,
    8.387845824894113,
    8.347713369884561,
    8.242834182087684,
    8.27275661955936,
    8.389032047641077,
    8.370523331598019,
    8.710298807789632,
    8.710298807789632,
    8.256934616831943,
    8.44337759386904,
    8.632111235247972,
    8.671274617593317,
    8.470144942084698,
    8.332066198222988,
    8.313221252755666,
    8.456682916236675,
    8.32256102658862,
    8.543040675883756,
    8.540020899954373,
    8.538468359041367,
    8.827571339998734,
    9.034571976368689,
    9.276548919425295,
    9.324524142977527,
    9.304088981596882,
    9.299543263222224,
    9.275540260060206,
    8.866173425020436,
    8.99116145700875,
    9.117115404333394,
    8.972009288549115,
    9.070172016992107,
    9.129799836656858,
    9.129799836656858,
    9.064300438931658,
    9.072181725299295,
    9.043817180805446,
    9.02694256758463,
    9.03186057419884,
    9.028144226917409,
    8.969938045502673,
    8.979938045502672,
    9.215097750662377,
    8.965773469653994,
    8.974750691872694,
    8.946594199776655,
    9.227429171973808,
    9.254462467301801,
    9.254462467301801,
    9.529571887482076,
    9.532805620646274,
    9.532805620646274,
    9.532805620646274,
    9.532805620646274,
    9.532805620646274,
    9.532295230567849,
    9.52312664431504,
    9.818318851493588,
    9.888730467057803,
    9.058994552389178,
    8.964727166472864
  ]
}