{
  "model_name": "XGBoost",
  "metrics": {
    "rmse": 0.1748700710365167,
    "mae": 0.12134439070095485,
    "directional_accuracy": 0.7052631578947368,
    "total_pnl": 23.4976242537478,
    "num_trades": 258,
    "win_rate": 0.7015503875968992,
    "sharpe_ratio": 24.89564443407694,
    "sharpe_per_trade": 0.5689165677750482
  },
  "timestamp": "2026-04-05T15:18:11.389720+00:00",
  "threshold": 0.02,
  "n_train_rows": 1152,
  "n_test_rows": 286,
  "n_features": 35,
  "pnl_series": [
    0.09002711976906808,
    0.23911825429708056,
    0.2691126801610717,
    0.24790134272261105,
    0.2572636441401859,
    0.3248936406922876,
    0.35471583373472565,
    0.4273332067393209,
    0.459383626907388,
    0.6233628664672626,
    0.651015668488955,
    0.7612500238803508,
    0.8562811612862937,
    1.0039616708979286,
    0.9740716521729749,
    0.967512901525132,
    1.031180089984474,
    1.0028081617588078,
    1.0028081617588078,
    1.0632522137632496,
    1.0632522137632496,
    1.0810289482682356,
    1.0810289482682356,
    1.0952157572080488,
    1.0655460322372377,
    1.0521564794149074,
    1.021811727249077,
    0.9850148761307433,
    1.0622590803013203,
    1.3642926671627067,
    1.351415106913668,
    1.396346906521802,
    1.396346906521802,
    1.4640379960476455,
    1.638276147420811,
    1.7419797390237364,
    1.7419797390237364,
    1.7118080481191642,
    1.8414515390618469,
    1.8414515390618469,
    1.8808476953415818,
    1.9356968904221812,
    2.068339822123168,
    2.1424914488451443,
    2.272082448546688,
    2.391423458088206,
    2.3656574870874216,
    2.354742113072503,
    2.4290052584851587,
    2.4290052584851587,
    2.389455809212783,
    2.370245981616212,
    2.9549829938255083,
    3.206090758718074,
    3.206090758718074,
    3.3505928535008627,
    3.3505928535008627,
    3.3018005464914824,
    3.345348123318283,
    3.3024131300659962,
    3.718496630937676,
    3.8839037996931114,
    3.6401442331011404,
    3.851099095721098,
    4.123193208403636,
    4.185749311568523,
    4.249417508600276,
    4.421986378438237,
    4.753924291742066,
    4.9248479776207175,
    5.1603440944981696,
    5.227872389002058,
    5.84198799455868,
    5.989383412100868,
    5.947437550259761,
    6.114936913711353,
    6.105103851726556,
    5.886587953049307,
    5.867936993965282,
    6.436424892095582,
    6.916702335126302,
    7.383488054896799,
    7.943739349758491,
    8.14471599255312,
    7.979847979052928,
    7.947398083179891,
    8.416586397876266,
    8.873408315553744,
    8.839223384382798,
    9.191250706873495,
    9.191250706873495,
    9.191250706873495,
    9.20794711668683,
    9.163768285132434,
    9.073142547233969,
    9.066139649954854,
    9.209678297297849,
    9.305039212433812,
    9.301894264047426,
    9.301894264047426,
    9.301894264047426,
    9.501251597918529,
    9.693116195627438,
    9.984662668626239,
    9.975035200798429,
    10.075260793089912,
    10.075260793089912,
    10.481684671750683,
    10.703993470905253,
    10.703993470905253,
    10.751163345144194,
    10.751163345144194,
    11.228115000914762,
    11.286771892410364,
    11.364727300380004,
    11.243433182732945,
    11.239433182732945,
    11.259933182732945,
    11.282870682732945,
    11.289322777809572,
    11.384470665266472,
    11.438688585773326,
    11.540262064571724,
    11.680655458374124,
    11.756913001766087,
    11.756913001766087,
    11.756913001766087,
    11.842097367641614,
    11.845519170141676,
    11.85072750347501,
    11.827105465637393,
    11.924898543494178,
    11.905099538367493,
    11.898976497609496,
    11.980396195753334,
    12.051642533210869,
    12.201743960325777,
    12.265900287624838,
    12.265900287624838,
    12.241524205731746,
    12.298800042649436,
    12.300757844543964,
    12.41046061388733,
    12.3546005357612,
    12.358565169978352,
    12.358565169978352,
    12.450387909567878,
    12.450387909567878,
    12.926437959331635,
    12.99220302649882,
    12.908716824886724,
    13.301546101314466,
    13.318937184874489,
    13.370697733624043,
    13.355184652908877,
    13.678393663933639,
    13.799923603157005,
    13.98307446860133,
    14.148610212297877,
    14.384316058045886,
    14.781382677301702,
    14.831029147539013,
    14.98370744625789,
    15.060862815164526,
    15.134025545906201,
    15.134025545906201,
    15.449940875668137,
    15.708162198768573,
    15.856853616198812,
    15.856853616198812,
    16.36837340158214,
    16.828123749959563,
    16.949535913998314,
    16.962771801590993,
    16.92066678155645,
    17.069477032645782,
    17.069477032645782,
    17.174815633748423,
    17.023695164887496,
    16.976869609285398,
    16.96189329783805,
    17.056963732463487,
    16.69032465127203,
    16.908246442192095,
    16.92902799940282,
    16.9919652493698,
    16.9919652493698,
    17.072752016593107,
    17.123453252553514,
    17.05133417886033,
    17.077407017389493,
    17.13580463058343,
    17.16377470947326,
    17.186577166452988,
    17.17584546425349,
    17.275159054315466,
    17.33993270332845,
    17.436073471055565,
    17.371592794312342,
    17.310647064325146,
    17.415622104309683,
    17.398732186770655,
    17.41311177444693,
    17.41311177444693,
    17.46741262025822,
    17.53885481376542,
    17.545648912446357,
    17.587206039213378,
    17.52819233502568,
    17.58912185405616,
    17.60804709154717,
    17.650705145071445,
    17.650705145071445,
    17.828403683959014,
    17.780370905677938,
    17.787983729680857,
    18.16037694664737,
    18.182173695425462,
    18.428061397200743,
    18.514000285273102,
    18.425904601021543,
    18.44448609673818,
    18.454581943440488,
    18.477949140005226,
    18.63816647290211,
    18.6977786108838,
    18.6977786108838,
    18.592899423086926,
    18.622821860558602,
    18.73909728864032,
    18.72058857259726,
    19.060364048788877,
    19.13851567578041,
    19.5918798667381,
    19.778322843775197,
    19.589589202396265,
    19.55042582005092,
    19.75155549555954,
    19.88963423942125,
    19.88963423942125,
    20.03309590290226,
    19.898974013254207,
    20.119453662549343,
    20.11643388661996,
    20.11488134570695,
    20.403984326664318,
    20.610984963034273,
    20.85296190609088,
    20.90093712964311,
    20.880501968262468,
    20.87595624988781,
    20.89995925304983,
    20.49059241801006,
    20.615580449998376,
    20.74153439732302,
    20.8866405131073,
    20.98480324155029,
    20.925175421885537,
    21.037072833695685,
    20.971573435970484,
    20.97945472233812,
    20.951090177844268,
    20.934215564623454,
    20.93913357123766,
    20.93541722395623,
    20.877211042541493,
    20.887211042541495,
    21.1223707477012,
    21.37169502870958,
    21.38067225092828,
    21.352515758832244,
    21.6333507310294,
    21.606317435701406,
    21.90354725574297,
    22.178656675923246,
    22.17542294275905,
    22.166281286096385,
    22.16606069786109,
    22.152725907651302,
    22.406230878583983,
    22.40572048850556,
    22.39655190225275,
    22.691744109431298,
    22.762155724995512,
    23.591891639664137,
    23.497624253747823
  ]
}