{
  "n_bootstrap": 1000,
  "ci_level": 0.95,
  "threshold": 0.02,
  "n_test_rows": 1673,
  "models": {
    "Naive (Spread Closes)": {
      "rmse": {
        "mean": 0.4997997307564616,
        "ci_lower": 0.4856374232784766,
        "ci_upper": 0.5146602173198612
      },
      "mae": {
        "mean": 0.3811056591897042,
        "ci_lower": 0.36670739326308593,
        "ci_upper": 0.39647274589618614
      },
      "directional_accuracy": {
        "mean": 0.5328079927399272,
        "ci_lower": 0.507022225680382,
        "ci_upper": 0.5587348480999984
      },
      "total_pnl": {
        "mean": 57.58244835353553,
        "ci_lower": 33.61920178624508,
        "ci_upper": 82.20807678369687
      },
      "num_trades": {
        "mean": 1460.689,
        "ci_lower": 1435.0,
        "ci_upper": 1486.0
      },
      "win_rate": {
        "mean": 0.4789187468034597,
        "ci_lower": 0.4552899636504898,
        "ci_upper": 0.5034884478858336
      },
      "sharpe_ratio": {
        "mean": 8.179954533576451,
        "ci_lower": 4.9628797939738805,
        "ci_upper": 11.173805308307317
      }
    },
    "Volume (Higher Volume Correct)": {
      "rmse": {
        "mean": 0.45679218321049947,
        "ci_lower": 0.4430855060979133,
        "ci_upper": 0.47058653219213986
      },
      "mae": {
        "mean": 0.34514741884773986,
        "ci_lower": 0.33186668856290885,
        "ci_upper": 0.35873376449948396
      },
      "directional_accuracy": {
        "mean": 0.5328079927399272,
        "ci_lower": 0.507022225680382,
        "ci_upper": 0.5587348480999984
      },
      "total_pnl": {
        "mean": 59.217650649295685,
        "ci_lower": 35.166979272942044,
        "ci_upper": 83.51050236088443
      },
      "num_trades": {
        "mean": 1440.753,
        "ci_lower": 1414.0,
        "ci_upper": 1468.0
      },
      "win_rate": {
        "mean": 0.479891321816183,
        "ci_lower": 0.45593184844321394,
        "ci_upper": 0.5046135291933654
      },
      "sharpe_ratio": {
        "mean": 8.366863490368072,
        "ci_lower": 5.248882407877539,
        "ci_upper": 11.482852071823128
      }
    },
    "Linear Regression": {
      "rmse": {
        "mean": 0.30752351991154414,
        "ci_lower": 0.28026402227657365,
        "ci_upper": 0.34853828997361963
      },
      "mae": {
        "mean": 0.22526048121938072,
        "ci_lower": 0.21577682958149724,
        "ci_upper": 0.2361133748175544
      },
      "directional_accuracy": {
        "mean": 0.6589333290221143,
        "ci_lower": 0.6328885172463258,
        "ci_upper": 0.6844712047598448
      },
      "total_pnl": {
        "mean": 230.04524577273676,
        "ci_lower": 206.32013984783583,
        "ci_upper": 253.56910519092617
      },
      "num_trades": {
        "mean": 1541.991,
        "ci_lower": 1520.975,
        "ci_upper": 1564.0
      },
      "win_rate": {
        "mean": 0.5728707643272339,
        "ci_lower": 0.5486087849701214,
        "ci_upper": 0.5978005889668183
      },
      "sharpe_ratio": {
        "mean": 14.85112298665516,
        "ci_lower": 13.127557765832192,
        "ci_upper": 16.69850163022912
      }
    },
    "XGBoost": {
      "rmse": {
        "mean": 0.2856529481142851,
        "ci_lower": 0.2754668536458396,
        "ci_upper": 0.29554634293832477
      },
      "mae": {
        "mean": 0.22163664360123778,
        "ci_lower": 0.21324481846243493,
        "ci_upper": 0.22990020705530143
      },
      "directional_accuracy": {
        "mean": 0.6773999252076417,
        "ci_lower": 0.6525697413052064,
        "ci_upper": 0.7027629118144608
      },
      "total_pnl": {
        "mean": 238.50835303312473,
        "ci_lower": 216.11254005336926,
        "ci_upper": 262.58859545080776
      },
      "num_trades": {
        "mean": 1538.154,
        "ci_lower": 1516.0,
        "ci_upper": 1559.0
      },
      "win_rate": {
        "mean": 0.5818386166468804,
        "ci_lower": 0.5572042515636392,
        "ci_upper": 0.606403285678519
      },
      "sharpe_ratio": {
        "mean": 15.056642555067592,
        "ci_lower": 13.3978425933024,
        "ci_upper": 16.917027787999995
      }
    },
    "GRU": {
      "rmse": {
        "mean": 0.287229336798497,
        "ci_lower": 0.2758278897671117,
        "ci_upper": 0.2978494919009594
      },
      "mae": {
        "mean": 0.2188560999434174,
        "ci_lower": 0.20962762931996534,
        "ci_upper": 0.22754216755567894
      },
      "directional_accuracy": {
        "mean": 0.6440949646615701,
        "ci_lower": 0.620221360863765,
        "ci_upper": 0.6699242736210327
      },
      "total_pnl": {
        "mean": 224.1176571722423,
        "ci_lower": 200.61480792652551,
        "ci_upper": 246.98565743797508
      },
      "num_trades": {
        "mean": 1529.886,
        "ci_lower": 1508.0,
        "ci_upper": 1552.0
      },
      "win_rate": {
        "mean": 0.5598590773572106,
        "ci_lower": 0.5354522602263222,
        "ci_upper": 0.585250770720981
      },
      "sharpe_ratio": {
        "mean": 14.623772082225878,
        "ci_lower": 12.86659172214489,
        "ci_upper": 16.396459489890855
      }
    },
    "LSTM": {
      "rmse": {
        "mean": 0.29090862723286,
        "ci_lower": 0.2793899208554587,
        "ci_upper": 0.30153149628778425
      },
      "mae": {
        "mean": 0.21991171917371685,
        "ci_lower": 0.2108598091829343,
        "ci_upper": 0.22850471501283362
      },
      "directional_accuracy": {
        "mean": 0.6581213355890534,
        "ci_lower": 0.6335629468845762,
        "ci_upper": 0.6829117419435187
      },
      "total_pnl": {
        "mean": 220.24557249545472,
        "ci_lower": 196.79260629527627,
        "ci_upper": 243.83392782342503
      },
      "num_trades": {
        "mean": 1526.036,
        "ci_lower": 1502.0,
        "ci_upper": 1548.0
      },
      "win_rate": {
        "mean": 0.5671252150117189,
        "ci_lower": 0.5425270336977386,
        "ci_upper": 0.5916868901730122
      },
      "sharpe_ratio": {
        "mean": 14.363842345479886,
        "ci_lower": 12.631344366448927,
        "ci_upper": 16.2648859519133
      }
    },
    "PPO-Raw": {
      "rmse": {
        "mean": 0.32129706500820143,
        "ci_lower": 0.3048306158663421,
        "ci_upper": 0.33659674675615664
      },
      "mae": {
        "mean": 0.20376456574134494,
        "ci_lower": 0.19172839428109584,
        "ci_upper": 0.21596159054496175
      },
      "directional_accuracy": {
        "mean": 0.41960488408814806,
        "ci_lower": 0.39285070801085037,
        "ci_upper": 0.44630463560503986
      },
      "total_pnl": {
        "mean": 105.76526668907427,
        "ci_lower": 82.85000246117926,
        "ci_upper": 130.13835217870985
      },
      "num_trades": {
        "mean": 1247.979,
        "ci_lower": 1213.0,
        "ci_upper": 1284.0
      },
      "win_rate": {
        "mean": 0.4798256079550529,
        "ci_lower": 0.451321196377992,
        "ci_upper": 0.507122246835443
      },
      "sharpe_ratio": {
        "mean": 11.867353906785501,
        "ci_lower": 9.51769036085327,
        "ci_upper": 14.405180900283208
      }
    },
    "PPO-Filtered": {
      "rmse": {
        "mean": 0.3269776737176469,
        "ci_lower": 0.3099244988720495,
        "ci_upper": 0.342115409062466
      },
      "mae": {
        "mean": 0.20380141071411864,
        "ci_lower": 0.19082051171933326,
        "ci_upper": 0.21629438689870545
      },
      "directional_accuracy": {
        "mean": 0.21597138174693295,
        "ci_lower": 0.19399414483640043,
        "ci_upper": 0.23885900610693317
      },
      "total_pnl": {
        "mean": -4.879077649642069,
        "ci_lower": -20.29633114660753,
        "ci_upper": 10.727999192563304
      },
      "num_trades": {
        "mean": 723.721,
        "ci_lower": 685.0,
        "ci_upper": 766.0
      },
      "win_rate": {
        "mean": 0.4258930970599531,