pair_id,kalshi_ticker,direction,exit_reason,category,live_pnl,sim_pnl,lr_pred,xgb_pred,avg_pred,actual_change,matched
kxkatzout26jan0127jan01-0xb25a93dc,KXKATZOUT-26JAN01-27JAN01,short_spread,RESOLUTION_EXIT,other,0.0,0.0,0.43400000000000316,0.4337970018386841,0.4338985009193436,0.0,True
kxtechlayoff26mar20-0x74f19011,KXTECHLAYOFF-26MAR-2.0,long_spread,RESOLUTION_EXIT,other,0.21500000000000008,-0.21500000000000008,-0.5149999999999962,-0.5212568044662476,-0.5181284022331218,0.21500000000000008,True
kxvotehubtrumpupdown26apr16-0xd2e96e78,KXVOTEHUBTRUMPUPDOWN-26APR16,long_spread,RESOLUTION_EXIT,other,0.010000000000000009,-0.010000000000000009,-0.33500000000000313,-0.32582688331604004,-0.33041344165802156,0.010000000000000009,True
kxcacpiyoy26apr20t2-0x1f61db83,KXCACPIYOY-26APR20-T2,short_spread,TIME_STOP,inflation,-0.0050000000000000044,0.0050000000000000044,0.4100000000000003,0.41273367404937744,0.4113668370246889,0.0050000000000000044,True
kxcacpiyoy26apr20t32-0x1f61db83,KXCACPIYOY-26APR20-T3.2,long_spread,TIME_STOP,inflation,0.0050000000000000044,-0.0050000000000000044,-0.484999999999999,-0.4894745945930481,-0.48723729729652354,0.0050000000000000044,True
kxtruthsocial26apr18t220-0x8cec42fa,KXTRUTHSOCIAL-26APR18-T220,long_spread,TIME_STOP,other,0.11500000000000005,-0.11500000000000005,-0.42500000000000704,-0.42145371437072754,-0.4232268571853673,0.11500000000000005,True
kxcacpiyoy26apr20t3-0x1f61db83,KXCACPIYOY-26APR20-T3,long_spread,TIME_STOP,inflation,0.0050000000000000044,-0.0050000000000000044,-0.41999999999999754,-0.41489431262016296,-0.4174471563100802,0.0050000000000000044,True
kxcacpiyoy26apr20t18-0x29c639f7,KXCACPIYOY-26APR20-T1.8,short_spread,TIME_STOP,inflation,0.0,0.0,0.6885000000000044,0.6849234104156494,0.6867117052078269,0.0,True
kxtruthsocial26apr18b210-0x8cec42fa,KXTRUTHSOCIAL-26APR18-B210,long_spread,TIME_STOP,other,0.11500000000000005,-0.11500000000000005,-0.4449999999999998,-0.4269704222679138,-0.43598521113395683,0.11500000000000005,True
kxcacpiyoy26apr20t2-0x29c639f7,KXCACPIYOY-26APR20-T2,short_spread,TIME_STOP,inflation,0.010000000000000009,-0.010000000000000009,0.7035000000000012,0.6995062232017517,0.7015031116008765,-0.010000000000000009,True
kxcacpiyoy26apr20t24-0x29c639f7,KXCACPIYOY-26APR20-T2.4,short_spread,TIME_STOP,inflation,0.010000000000000009,-0.010000000000000009,0.4735000000000006,0.47503313422203064,0.4742665671110156,-0.010000000000000009,True
kxcacpiyoy26apr20t19-0x29c639f7,KXCACPIYOY-26APR20-T1.9,short_spread,TIME_STOP,inflation,0.0,0.0,0.6785000000000001,0.6745906472206116,0.6765453236103058,0.0,True
kxukcpiyoy26apr22t35-0xbef75184,KXUKCPIYOY-26APR22-T3.5,long_spread,TIME_STOP,inflation,0.0,0.0,-0.6000000000000077,-0.5896109342575073,-0.5948054671287575,0.0,True
kxcacpiyoy26apr20t31-0x1f61db83,KXCACPIYOY-26APR20-T3.1,long_spread,TIME_STOP,inflation,0.0050000000000000044,-0.0050000000000000044,-0.4649999999999986,-0.46627503633499146,-0.465637518167495,0.0050000000000000044,True
kxtruthsocial26apr18t80-0xfe0744d8,KXTRUTHSOCIAL-26APR18-T80,long_spread,TIME_STOP,other,-0.10999999999999999,0.10999999999999999,-0.4900000000000068,-0.4932231903076172,-0.49161159515381203,-0.10999999999999999,True
kxtruthsocial26apr18b189-0x8cec42fa,KXTRUTHSOCIAL-26APR18-B189,long_spread,TIME_STOP,other,0.11500000000000005,-0.11500000000000005,-0.42500000000000404,-0.42145371437072754,-0.4232268571853658,0.11500000000000005,True
kxcacpiyoy26apr20t21-0x1f61db83,KXCACPIYOY-26APR20-T2.1,short_spread,TIME_STOP,inflation,-0.0050000000000000044,0.0050000000000000044,0.3700000000000005,0.36870211362838745,0.369351056814194,0.0050000000000000044,True
kxcacpiyoy26apr20t25-0x29c639f7,KXCACPIYOY-26APR20-T2.5,short_spread,TIME_STOP,inflation,0.010000000000000009,-0.010000000000000009,0.36350000000000054,0.3676168918609619,0.36555844593048126,-0.010000000000000009,True
kxukcpiyoy26apr22t3-0x1f61db83,KXUKCPIYOY-26APR22-T3,short_spread,TIME_STOP,inflation,-0.0050000000000000044,0.0050000000000000044,0.3449999999999909,0.33995676040649414,0.3424783802032425,0.0050000000000000044,True
kxcacpiyoy26apr20t21-0x29c639f7,KXCACPIYOY-26APR20-T2.1,short_spread,TIME_STOP,inflation,0.010000000000000009,-0.010000000000000009,0.6635000000000011,0.6546605229377747,0.6590802614688879,-0.010000000000000009,True
kxtruthsocial26apr18b89-0xfe0744d8,KXTRUTHSOCIAL-26APR18-B89,long_spread,TIME_STOP,other,-0.10999999999999999,0.10999999999999999,-0.454999999999996,-0.4611057937145233,-0.4580528968572597,-0.10999999999999999,True
kxcacpiyoy26apr20t22-0x29c639f7,KXCACPIYOY-26APR20-T2.2,short_spread,TIME_STOP,inflation,0.010000000000000009,-0.010000000000000009,0.5935000000000008,0.5987404584884644,0.5961202292442326,-0.010000000000000009,True
kxcacpiyoy26apr20t23-0x29c639f7,KXCACPIYOY-26APR20-T2.3,short_spread,TIME_STOP,inflation,0.010000000000000009,-0.010000000000000009,0.5235000000000006,0.5150681734085083,0.5192840867042545,-0.010000000000000009,True
kxtruthsocial26apr18b169-0x8cec42fa,KXTRUTHSOCIAL-26APR18-B169,long_spread,TIME_STOP,other,0.10500000000000004,-0.10500000000000004,-0.40500000000000563,-0.40290600061416626,-0.4039530003070859,0.10500000000000004,True
kxtechlayoff26mar20-0x74f19011,KXTECHLAYOFF-26MAR-2.0,long_spread,RESOLUTION_EXIT,other,0.015000000000000013,-0.015000000000000013,-0.4850000000000054,-0.488857239484787,-0.4869286197423962,0.015000000000000013,True
kxvotehubtrumpupdown26apr16-0xd2e96e78,KXVOTEHUBTRUMPUPDOWN-26APR16,long_spread,RESOLUTION_EXIT,other,-0.010000000000000009,0.010000000000000009,-0.32499999999999574,-0.32563257217407227,-0.325316286087034,-0.010000000000000009,True
kxkatzout26jan0127jan01-0xb25a93dc,KXKATZOUT-26JAN01-27JAN01,short_spread,RESOLUTION_EXIT,other,-0.0005000000000000004,0.0005000000000000004,0.43350000000000066,0.43367868661880493,0.4335893433094028,0.0005000000000000004,True
kxcpiyoy26aprt31-0x1f61db83,KXCPIYOY-26APR-T3.1,short_spread,TIME_STOP,inflation,0.009999999999999898,-0.009999999999999898,0.44500000000000345,0.4445945620536804,0.4447972810268419,-0.009999999999999898,True
kxpayrolls26aprt10000-0x73f2be73,KXPAYROLLS-26APR-T10000,short_spread,TIME_STOP,other,-0.015000000000000013,0.015000000000000013,0.6700000000000048,0.67437344789505,0.6721867239475274,0.015000000000000013,True
kxdegdpyoyf26apr30t02-0x88d5a8b1,KXDEGDPYOYF-26APR30-T0.2,short_spread,TIME_STOP,gdp,0.0,0.0,0.7829999999999983,0.7853673100471497,0.7841836550235739,0.0,True
kxcpiyoy26aprt32-0x1f61db83,KXCPIYOY-26APR-T3.2,short_spread,TIME_STOP,inflation,-0.015000000000000013,0.015000000000000013,0.43500000000000355,0.4328688085079193,0.43393440425396146,0.015000000000000013,True
kxcpiyoy26aprt34-0x1f61db83,KXCPIYOY-26APR-T3.4,short_spread,TIME_STOP,inflation,-0.010000000000000009,0.010000000000000009,0.39500000000000096,0.3962874710559845,0.3956437355279927,0.010000000000000009,True
kxcpiyoy26aprt33-0x1f61db83,KXCPIYOY-26APR-T3.3,short_spread,TIME_STOP,inflation,-0.0050000000000000044,0.0050000000000000044,0.42500000000000354,0.4248903691768646,0.4249451845884341,0.0050000000000000044,True
kxdegdpyoyf26apr30t05-0x88d5a8b1,KXDEGDPYOYF-26APR30-T0.5,short_spread,TIME_STOP,gdp,0.0,0.0,0.35799999999999654,0.35780414938926697,0.35790207469463176,0.0,True
kxdegdpyoyf26apr30t04-0x88d5a8b1,KXDEGDPYOYF-26APR30-T0.4,short_spread,TIME_STOP,gdp,0.0050000000000000044,-0.0050000000000000044,0.48299999999999665,0.4792701303958893,0.48113506519794297,-0.0050000000000000044,True
kxcpiyoy26aprt30-0x1f61db83,KXCPIYOY-26APR-T3.0,short_spread,TIME_STOP,inflation,0.0050000000000000044,-0.0050000000000000044,0.435,0.4328688085079193,0.4339344042539597,-0.0050000000000000044,True
kxdegdpyoyf26apr30t03-0x88d5a8b1,KXDEGDPYOYF-26APR30-T0.3,short_spread,TIME_STOP,gdp,-0.004999999999999893,0.004999999999999893,0.6129999999999967,0.6095462441444397,0.6112731220722182,0.004999999999999893,True
kxdegdpyoyf26apr30t01-0x88d5a8b1,KXDEGDPYOYF-26APR30-T0.1,short_spread,TIME_STOP,gdp,0.0,0.0,0.8130000000000003,0.8190208673477173,0.8160104336738587,0.0,True
kxukcpiyoy26apr22t4-0x1f61db83,KXUKCPIYOY-26APR22-T4,long_spread,TIME_STOP,inflation,0.0050000000000000044,-0.0050000000000000044,-0.41500000000000925,-0.41471150517463684,-0.41485575258732305,0.0050000000000000044,True
kxvotehubtrumpupdown26apr16-0xd2e96e78,KXVOTEHUBTRUMPUPDOWN-26APR16,long_spread,RESOLUTION_EXIT,other,0.0,0.0,-0.33500000000001035,-0.32582688331604004,-0.3304134416580252,0.0,True
kxtechlayoff26mar20-0x74f19011,KXTECHLAYOFF-26MAR-2.0,long_spread,RESOLUTION_EXIT,other,-0.030000000000000027,0.030000000000000027,-0.4799999999999962,-0.47775548696517944,-0.4788777434825878,-0.030000000000000027,True
kxtruthsocial26apr18b109-0xfe0744d8,KXTRUTHSOCIAL-26APR18-B109,long_spread,STOP_LOSS,other,-0.09499999999999997,0.09499999999999997,-0.3100000000000054,-0.3445638418197632,-0.3272819209098843,-0.09499999999999997,True
kxkatzout26jan0127jan01-0xb25a93dc,KXKATZOUT-26JAN01-27JAN01,short_spread,RESOLUTION_EXIT,other,0.0,0.0,0.433500000000005,0.43367868661880493,0.43358934330940496,0.0,True
kxmusknw26apr30t640-0x9218565b,KXMUSKNW-26APR30-T640,short_spread,TIME_STOP,other,-0.020000000000000018,0.020000000000000018,0.41999999999999504,0.420597106218338,0.42029855310916653,0.020000000000000018,True
kxcacpiyoy26apr20t23-0x29c639f7,KXCACPIYOY-26APR20-T2.3,short_spread,TIME_STOP,inflation,0.0034999999999999476,-0.0034999999999999476,0.5270000000000002,0.5308340191841125,0.5289170095920563,-0.0034999999999999476,True
kxukcpiyoy26apr22t35-0xbef75184,KXUKCPIYOY-26APR22-T3.5,long_spread,TIME_STOP,inflation,0.0,0.0,-0.60000000000001,-0.5896109342575073,-0.5948054671287586,0.0,True
kxtruthsocial26apr18b89-0xfe0744d8,KXTRUTHSOCIAL-26APR18-B89,long_spread,TIME_STOP,other,0.0050000000000000044,-0.0050000000000000044,-0.46000000000000985,-0.4662773907184601,-0.46313869535923496,0.0050000000000000044,True
kxcacpiyoy26apr20t22-0x29c639f7,KXCACPIYOY-26APR20-T2.2,short_spread,TIME_STOP,inflation,0.07850000000000013,-0.07850000000000013,0.6720000000000007,0.6745906472206116,0.6732953236103061,-0.07850000000000013,True
kxcacpiyoy26apr20t24-0x29c639f7,KXCACPIYOY-26APR20-T2.4,short_spread,TIME_STOP,inflation,0.008500000000000063,-0.008500000000000063,0.4820000000000004,0.4790520668029785,0.48052603340148947,-0.008500000000000063,True
kxcacpiyoy26apr20t19-0x29c639f7,KXCACPIYOY-26APR20-T1.9,short_spread,TIME_STOP,inflation,0.07850000000000001,-0.07850000000000001,0.7570000000000002,0.7538050413131714,0.7554025206565858,-0.07850000000000001,True
kxcacpiyoy26apr20t25-0x29c639f7,KXCACPIYOY-26APR20-T2.5,short_spread,TIME_STOP,inflation,0.013500000000000068,-0.013500000000000068,0.3770000000000005,0.3763309419155121,0.37666547095775627,-0.013500000000000068,True
kxukcpiyoy26apr22t3-0x1f61db83,KXUKCPIYOY-26APR22-T3,short_spread,TIME_STOP,inflation,0.0,0.0,0.3449999999999847,0.33995676040649414,0.3424783802032394,0.0,True
kxtruthsocial26apr18b210-0x8cec42fa,KXTRUTHSOCIAL-26APR18-B210,long_spread,TIME_STOP,other,0.0050000000000000044,-0.0050000000000000044,-0.4500000000000099,-0.43848153948783875,-0.44424076974392435,0.0050000000000000044,True
kxcacpiyoy26apr20t2-0x1f61db83,KXCACPIYOY-26APR20-T2,short_spread,TIME_STOP,inflation,0.03499999999999992,-0.03499999999999992,0.4450000000000001,0.4445945620536804,0.44479728102684024,-0.03499999999999992,True
kxcacpiyoy26apr20t31-0x1f61db83,KXCACPIYOY-26APR20-T3.1,long_spread,TIME_STOP,inflation,0.0,0.0,-0.4649999999999987,-0.46627503633499146,-0.4656375181674951,0.0,True
kxcacpiyoy26apr20t3-0x1f61db83,KXCACPIYOY-26APR20-T3,long_spread,TIME_STOP,inflation,0.010000000000000009,-0.010000000000000009,-0.42999999999999755,-0.431691974401474,-0.43084598720073575,0.010000000000000009,True
kxtruthsocial26apr18b169-0x8cec42fa,KXTRUTHSOCIAL-26APR18-B169,long_spread,TIME_STOP,other,-0.004999999999999949,0.004999999999999949,-0.40000000000000574,-0.40106329321861267,-0.4005316466093092,-0.004999999999999949,True
kxcacpiyoy26apr20t18-0x29c639f7,KXCACPIYOY-26APR20-T1.8,short_spread,TIME_STOP,inflation,0.0685,-0.0685,0.7570000000000044,0.7538050413131714,0.755402520656588,-0.0685,True
kxtruthsocial26apr18b109-0xfe0744d8,KXTRUTHSOCIAL-26APR18-B109,long_spread,TIME_STOP,other,0.0,0.0,-0.3100000000000056,-0.3445638418197632,-0.3272819209098844,0.0,True
kxcacpiyoy26apr20t2-0x29c639f7,KXCACPIYOY-26APR20-T2,short_spread,TIME_STOP,inflation,0.04349999999999998,-0.04349999999999998,0.7470000000000013,0.7458179593086243,0.7464089796543127,-0.04349999999999998,True
kxtruthsocial26apr18t220-0x8cec42fa,KXTRUTHSOCIAL-26APR18-T220,long_spread,TIME_STOP,other,0.0050000000000000044,-0.0050000000000000044,-0.4300000000000146,-0.4220494031906128,-0.4260247015953137,0.0050000000000000044,True
kxcacpiyoy26apr20t32-0x1f61db83,KXCACPIYOY-26APR20-T3.2,long_spread,TIME_STOP,inflation,0.0,0.0,-0.4849999999999991,-0.4894745945930481,-0.4872372972965236,0.0,True
kxcacpiyoy26apr20t21-0x29c639f7,KXCACPIYOY-26APR20-T2.1,short_spread,TIME_STOP,inflation,0.0635,-0.0635,0.7270000000000009,0.7235669493675232,0.725283474683762,-0.0635,True
kxcacpiyoy26apr20t22-0x1f61db83,KXCACPIYOY-26APR20-T2.2,short_spread,TIME_STOP,inflation,0.07000000000000006,-0.07000000000000006,0.36999999999999994,0.36870211362838745,0.36935105681419367,-0.07000000000000006,True
kxtruthsocial26apr18b189-0x8cec42fa,KXTRUTHSOCIAL-26APR18-B189,long_spread,TIME_STOP,other,0.0050000000000000044,-0.0050000000000000044,-0.43000000000000393,-0.4220494031906128,-0.42602470159530836,0.0050000000000000044,True
kxtruthsocial26apr18t80-0xfe0744d8,KXTRUTHSOCIAL-26APR18-T80,long_spread,TIME_STOP,other,0.0,0.0,-0.4900000000000145,-0.4932231903076172,-0.4916115951538158,0.0,True
kxcacpiyoy26apr20t21-0x1f61db83,KXCACPIYOY-26APR20-T2.1,short_spread,TIME_STOP,inflation,0.05499999999999994,-0.05499999999999994,0.42500000000000066,0.4248903691768646,0.42494518458843267,-0.05499999999999994,True
kxkatzout26jan0127jan01-0xb25a93dc,KXKATZOUT-26JAN01-27JAN01,short_spread,RESOLUTION_EXIT,other,0.0,0.0,0.43349999999999805,0.43367868661880493,0.43358934330940146,0.0,True
kxtechlayoff26mar20-0x74f19011,KXTECHLAYOFF-26MAR-2.0,long_spread,RESOLUTION_EXIT,other,0.025000000000000022,-0.025000000000000022,-0.5050000000000041,-0.5114066004753113,-0.5082033002376577,0.025000000000000022,True
kxvotehubtrumpupdown26apr16-0xd2e96e78,KXVOTEHUBTRUMPUPDOWN-26APR16,long_spread,RESOLUTION_EXIT,other,0.0,0.0,-0.33499999999999575,-0.32600969076156616,-0.33050484538078095,0.0,True
kxgdp26apr30t20-0x88d5a8b1,KXGDP-26APR30-T2.0,short_spread,MOMENTUM,gdp,-0.022000000000000075,0.022000000000000075,0.4449999999999994,0.44563546776771545,0.4453177338838574,0.022000000000000075,True
kxvisitvenezuela26may01nmadn-0x67f3f8d0,KXVISITVENEZUELA-26MAY01-NMADN,long_spread,TIME_STOP,politics_policy,0.010000000000000009,-0.010000000000000009,-0.3870000000000066,-0.37183135747909546,-0.37941567873955107,0.010000000000000009,True
kxukcpiyoy26apr22t4-0x1f61db83,KXUKCPIYOY-26APR22-T4,long_spread,TIME_STOP,inflation,0.0,0.0,-0.41500000000000925,-0.41471150517463684,-0.41485575258732305,0.0,True
kxgdp26apr30t20-0x0535dc99,KXGDP-26APR30-T2.0,short_spread,MOMENTUM,gdp,-0.008500000000000008,0.008500000000000008,0.3344999999999973,0.3353656232357025,0.33493281161784993,0.008500000000000008,True
kxvotehubtrumpupdown26apr16-0xd2e96e78,KXVOTEHUBTRUMPUPDOWN-26APR16,long_spread,RESOLUTION_EXIT,other,0.0,0.0,-0.33500000000001046,-0.32582688331604004,-0.3304134416580252,0.0,True
kxkatzout26jan0127jan01-0xb25a93dc,KXKATZOUT-26JAN01-27JAN01,short_spread,RESOLUTION_EXIT,other,0.0,0.0,0.433500000000005,0.43367868661880493,0.43358934330940496,0.0,True
kxtechlayoff26mar20-0x74f19011,KXTECHLAYOFF-26MAR-2.0,long_spread,RESOLUTION_EXIT,other,0.010000000000000009,-0.010000000000000009,-0.5199999999999964,-0.52222740650177,-0.5211137032508832,0.010000000000000009,True
kxgdp26apr30t15-0xbf7d903a,KXGDP-26APR30-T1.5,short_spread,MOMENTUM,gdp,-0.06650000000000023,0.06650000000000023,0.5414999999999985,0.5430982708930969,0.5422991354465477,0.06650000000000023,True
kxukcpiyoy26apr22t35-0xbef75184,KXUKCPIYOY-26APR22-T3.5,long_spread,TIME_STOP,inflation,-0.0050000000000001155,0.0050000000000001155,-0.5950000000000099,-0.5896109342575073,-0.5923054671287586,-0.0050000000000001155,True
kxcacpiyoy26apr20t21-0x29c639f7,KXCACPIYOY-26APR20-T2.1,short_spread,TIME_STOP,inflation,0.008500000000000063,-0.008500000000000063,0.7355000000000007,0.7346825003623962,0.7350912501811985,-0.008500000000000063,True
kxcacpiyoy26apr20t25-0x29c639f7,KXCACPIYOY-26APR20-T2.5,short_spread,TIME_STOP,inflation,0.058499999999999996,-0.058499999999999996,0.4355000000000005,0.43372419476509094,0.4346120973825457,-0.058499999999999996,True
kxtruthsocial26apr18t80-0xfe0744d8,KXTRUTHSOCIAL-26APR18-T80,long_spread,TIME_STOP,other,0.015000000000000013,-0.015000000000000013,-0.5050000000000145,-0.5026840567588806,-0.5038420283794476,0.015000000000000013,True
kxukcpiyoy26apr22t3-0x1f61db83,KXUKCPIYOY-26APR22-T3,short_spread,TIME_STOP,inflation,0.0,0.0,0.3449999999999847,0.33995676040649414,0.3424783802032394,0.0,True
kxtruthsocial26apr18t220-0x8cec42fa,KXTRUTHSOCIAL-26APR18-T220,long_spread,TIME_STOP,other,-0.010000000000000009,0.010000000000000009,-0.42000000000001453,-0.42145371437072754,-0.42072685718537106,-0.010000000000000009,True
kxcacpiyoy26apr20t2-0x29c639f7,KXCACPIYOY-26APR20-T2,short_spread,TIME_STOP,inflation,0.01849999999999996,-0.01849999999999996,0.765500000000001,0.7632876038551331,0.764393801927567,-0.01849999999999996,True
kxcacpiyoy26apr20t3-0x1f61db83,KXCACPIYOY-26APR20-T3,long_spread,TIME_STOP,inflation,0.0,0.0,-0.42999999999999766,-0.431691974401474,-0.43084598720073586,0.0,True
kxcacpiyoy26apr20t21-0x1f61db83,KXCACPIYOY-26APR20-T2.1,short_spread,TIME_STOP,inflation,0.0050000000000001155,-0.0050000000000001155,0.4300000000000003,0.42784109711647034,0.42892054855823536,-0.0050000000000001155,True
kxcacpiyoy26apr20t24-0x29c639f7,KXCACPIYOY-26APR20-T2.4,short_spread,TIME_STOP,inflation,0.0784999999999999,-0.0784999999999999,0.5605000000000003,0.5573946833610535,0.5589473416805268,-0.0784999999999999,True
kxcacpiyoy26apr20t23-0x29c639f7,KXCACPIYOY-26APR20-T2.3,short_spread,TIME_STOP,inflation,0.07350000000000001,-0.07350000000000001,0.6005000000000004,0.5987404584884644,0.5996202292442323,-0.07350000000000001,True
kxcacpiyoy26apr20t22-0x1f61db83,KXCACPIYOY-26APR20-T2.2,short_spread,TIME_STOP,inflation,0.030000000000000027,-0.030000000000000027,0.4000000000000001,0.40071478486061096,0.40035739243030555,-0.030000000000000027,True
kxcacpiyoy26apr20t22-0x29c639f7,KXCACPIYOY-26APR20-T2.2,short_spread,TIME_STOP,inflation,0.033499999999999974,-0.033499999999999974,0.7055000000000006,0.6999366879463196,0.7027183439731601,-0.033499999999999974,True
kxcacpiyoy26apr20t18-0x29c639f7,KXCACPIYOY-26APR20-T1.8,short_spread,TIME_STOP,inflation,0.008499999999999952,-0.008499999999999952,0.7655000000000044,0.7632876038551331,0.7643938019275687,-0.008499999999999952,True
kxtruthsocial26apr18b210-0x8cec42fa,KXTRUTHSOCIAL-26APR18-B210,long_spread,TIME_STOP,other,-0.010000000000000009,0.010000000000000009,-0.44000000000000994,-0.4269704222679138,-0.4334852111339619,-0.010000000000000009,True
kxcacpiyoy26apr20t31-0x1f61db83,KXCACPIYOY-26APR20-T3.1,long_spread,TIME_STOP,inflation,-0.0050000000000000044,0.0050000000000000044,-0.45999999999999874,-0.4611300826072693,-0.460565041303634,-0.0050000000000000044,True
kxtruthsocial26apr18b169-0x8cec42fa,KXTRUTHSOCIAL-26APR18-B169,long_spread,TIME_STOP,other,-0.010000000000000009,0.010000000000000009,-0.39000000000000595,-0.4004676043987274,-0.39523380219936666,-0.010000000000000009,True
kxtruthsocial26apr18b89-0xfe0744d8,KXTRUTHSOCIAL-26APR18-B89,long_spread,TIME_STOP,other,0.015000000000000013,-0.015000000000000013,-0.47500000000001,-0.47488662600517273,-0.4749433130025914,0.015000000000000013,True
kxtruthsocial26apr18b189-0x8cec42fa,KXTRUTHSOCIAL-26APR18-B189,long_spread,TIME_STOP,other,-0.010000000000000009,0.010000000000000009,-0.4200000000000042,-0.42145371437072754,-0.42072685718536584,-0.010000000000000009,True
kxcacpiyoy26apr20t32-0x1f61db83,KXCACPIYOY-26APR20-T3.2,long_spread,TIME_STOP,inflation,-0.0050000000000000044,0.0050000000000000044,-0.47999999999999926,-0.47846704721450806,-0.4792335236072537,-0.0050000000000000044,True
kxcacpiyoy26apr20t2-0x1f61db83,KXCACPIYOY-26APR20-T2,short_spread,TIME_STOP,inflation,0.015000000000000013,-0.015000000000000013,0.4599999999999999,0.4588298201560974,0.4594149100780487,-0.015000000000000013,True
kxcacpiyoy26apr20t19-0x29c639f7,KXCACPIYOY-26APR20-T1.9,short_spread,TIME_STOP,inflation,0.008499999999999952,-0.008499999999999952,0.7655000000000001,0.7632876038551331,0.7643938019275666,-0.008499999999999952,True
kxtruthsocial26apr18b109-0xfe0744d8,KXTRUTHSOCIAL-26APR18-B109,long_spread,TIME_STOP,other,0.010000000000000009,-0.010000000000000009,-0.3200000000000056,-0.3462701439857483,-0.33313507199287695,0.010000000000000009,True
kxvotehubtrumpupdown26apr16-0xd2e96e78,KXVOTEHUBTRUMPUPDOWN-26APR16,long_spread,RESOLUTION_EXIT,other,0.0050000000000000044,-0.0050000000000000044,-0.3399999999999957,-0.3411550223827362,-0.3405775111913659,0.0050000000000000044,True
kxtechlayoff26mar20-0x74f19011,KXTECHLAYOFF-26MAR-2.0,long_spread,RESOLUTION_EXIT,other,0.0,0.0,-0.5050000000000044,-0.5114066004753113,-0.5082033002376578,0.0,True
kxkatzout26jan0127jan01-0xb25a93dc,KXKATZOUT-26JAN01-27JAN01,short_spread,RESOLUTION_EXIT,other,0.0,0.0,0.433499999999998,0.43367868661880493,0.43358934330940146,0.0,True
kxdegdpyoyf26apr30t01-0xb0c7a573,KXDEGDPYOYF-26APR30-T0.1,short_spread,TIME_STOP,gdp,0.0,0.0,0.5749999999999983,0.5689884424209595,0.5719942212104789,0.0,True
kxdegdpyoyf26apr30t0-0xb0c7a573,KXDEGDPYOYF-26APR30-T0,short_spread,TIME_STOP,gdp,0.0,0.0,0.6150000000000009,0.6176193356513977,0.6163096678256993,0.0,True
kxpayrolls26aprt30000-0x73f2be73,KXPAYROLLS-26APR-T30000,short_spread,TIME_STOP,other,-0.025000000000000022,0.025000000000000022,0.5400000000000046,0.543113648891449,0.5415568244457267,0.025000000000000022,True
kxezgdpyoyf26apr30t04-0xbf7d903a,KXEZGDPYOYF-26APR30-T0.4,short_spread,TIME_STOP,other,-0.0025000000000000577,0.0025000000000000577,0.7239999999999978,0.7241344451904297,0.7240672225952137,0.0025000000000000577,True
kxpayrolls26aprt50000-0x73f2be73,KXPAYROLLS-26APR-T50000,short_spread,TIME_STOP,other,0.0,0.0,0.47000000000000475,0.46717599034309387,0.4685879951715493,0.0,True
kxpayrolls26aprt20000-0x73f2be73,KXPAYROLLS-26APR-T20000,short_spread,TIME_STOP,other,-0.004999999999999893,0.004999999999999893,0.6150000000000037,0.6171998381614685,0.6160999190807361,0.004999999999999893,True
kxpayrolls26aprt60000-0x73f2be73,KXPAYROLLS-26APR-T60000,short_spread,TIME_STOP,other,0.0,0.0,0.42500000000000476,0.4259793162345886,0.42548965811729667,0.0,True
kxezgdpyoyf26apr30t02-0xbf7d903a,KXEZGDPYOYF-26APR30-T0.2,short_spread,TIME_STOP,other,-0.0025000000000000577,0.0025000000000000577,0.7889999999999969,0.7863724231719971,0.787686211585997,0.0025000000000000577,True
kxpayrolls26aprt25000-0x73f2be73,KXPAYROLLS-26APR-T-25000,short_spread,TIME_STOP,other,0.0050000000000000044,-0.0050000000000000044,0.7800000000000038,0.7781556248664856,0.7790778124332447,-0.0050000000000000044,True
kxmusknw26apr30t600-0xa4e4a9dc,KXMUSKNW-26APR30-T600,short_spread,TIME_STOP,other,0.0,0.0,0.8449999999999982,0.8414663076400757,0.8432331538200369,0.0,True
kxpayrolls26aprt70000-0x73f2be73,KXPAYROLLS-26APR-T70000,short_spread,TIME_STOP,other,0.0,0.0,0.36500000000000465,0.36757370829582214,0.3662868541479134,0.0,True
kxdegdpyoyf26apr30t03-0xb0c7a573,KXDEGDPYOYF-26APR30-T0.3,short_spread,TIME_STOP,gdp,0.004999999999999893,-0.004999999999999893,0.37999999999999606,0.37646302580833435,0.37823151290416523,-0.004999999999999893,True
kxpayrolls26aprt40000-0x73f2be73,KXPAYROLLS-26APR-T40000,short_spread,TIME_STOP,other,-0.004999999999999893,0.004999999999999893,0.4900000000000048,0.4900568425655365,0.4900284212827707,0.004999999999999893,True
kxdegdpyoyf26apr30t02-0xb0c7a573,KXDEGDPYOYF-26APR30-T0.2,short_spread,TIME_STOP,gdp,0.0,0.0,0.5449999999999967,0.5429394245147705,0.5439697122573837,0.0,True
kxukcpiyoy26apr22t4-0x1f61db83,KXUKCPIYOY-26APR22-T4,long_spread,TIME_STOP,inflation,0.0,0.0,-0.41500000000000925,-0.41471150517463684,-0.41485575258732305,0.0,True
kxkatzout26jan0127jan01-0xb25a93dc,KXKATZOUT-26JAN01-27JAN01,short_spread,RESOLUTION_EXIT,other,-0.0005000000000000004,0.0005000000000000004,0.433000000000005,0.43367868661880493,0.43333934330940493,0.0005000000000000004,True
kxvotehubtrumpupdown26apr16-0xd2e96e78,KXVOTEHUBTRUMPUPDOWN-26APR16,long_spread,RESOLUTION_EXIT,other,0.0,0.0,-0.3450000000000103,-0.3456301689147949,-0.3453150844574026,0.0,True
kxtechlayoff26mar20-0x74f19011,KXTECHLAYOFF-26MAR-2.0,long_spread,RESOLUTION_EXIT,other,0.0,0.0,-0.5149999999999962,-0.5212568044662476,-0.5181284022331218,0.0,True
kxpayrolls26junt50000-0x73f2be73,KXPAYROLLS-26JUN-T50000,short_spread,TIME_STOP,other,0.0,0.0,0.39500000000000474,0.3984270691871643,0.3967135345935845,0.0,True
kxpayrolls26mayt50000-0x73f2be73,KXPAYROLLS-26MAY-T50000,short_spread,TIME_STOP,other,0.0050000000000000044,-0.0050000000000000044,0.4400000000000048,0.4447365403175354,0.4423682701587701,-0.0050000000000000044,True
kxpayrolls26mayt20000-0x73f2be73,KXPAYROLLS-26MAY-T20000,short_spread,TIME_STOP,other,-0.014999999999999902,0.014999999999999902,0.5450000000000047,0.543113648891449,0.5440568244457269,0.014999999999999902,True
kxpayrolls26junt10000-0x73f2be73,KXPAYROLLS-26JUN-T10000,short_spread,TIME_STOP,other,0.010000000000000009,-0.010000000000000009,0.5750000000000008,0.5685689449310303,0.5717844724655156,-0.010000000000000009,True
kxpayrolls26mayt60000-0x73f2be73,KXPAYROLLS-26MAY-T60000,short_spread,TIME_STOP,other,-0.010000000000000009,0.010000000000000009,0.3550000000000046,0.35774701833724976,0.3563735091686272,0.010000000000000009,True
kxpayrolls26junt60000-0x73f2be73,KXPAYROLLS-26JUN-T60000,short_spread,TIME_STOP,other,0.0,0.0,0.3450000000000047,0.33867499232292175,0.3418374961614632,0.0,True
kxpayrolls26junt30000-0x73f2be73,KXPAYROLLS-26JUN-T30000,short_spread,TIME_STOP,other,0.010000000000000009,-0.010000000000000009,0.4750000000000036,0.4751940667629242,0.4750970333814639,-0.010000000000000009,True
kxpayrolls26mayt10000-0x73f2be73,KXPAYROLLS-26MAY-T10000,short_spread,TIME_STOP,other,0.0,0.0,0.6100000000000048,0.6094890832901001,0.6097445416450524,0.0,True
kxpayrolls26mayt30000-0x73f2be73,KXPAYROLLS-26MAY-T30000,short_spread,TIME_STOP,other,0.0,0.0,0.5500000000000046,0.5565448999404907,0.5532724499702477,0.0,True
kxvotehubtrumpupdown26apr16-0xd2e96e78,KXVOTEHUBTRUMPUPDOWN-26APR16,long_spread,RESOLUTION_EXIT,other,-0.004999999999999949,0.004999999999999949,-0.3400000000000026,-0.3409722149372101,-0.3404861074686063,-0.004999999999999949,True
kxkatzout26jan0127jan01-0xb25a93dc,KXKATZOUT-26JAN01-27JAN01,short_spread,RESOLUTION_EXIT,other,0.0,0.0,0.4330000000000003,0.43367868661880493,0.4333393433094026,0.0,True
kxtechlayoff26mar20-0x74f19011,KXTECHLAYOFF-26MAR-2.0,long_spread,RESOLUTION_EXIT,other,0.0,0.0,-0.5150000000000056,-0.5212568044662476,-0.5181284022331265,0.0,True
kxcacpiyoy26apr20t3-0x1f61db83,KXCACPIYOY-26APR20-T3,long_spread,TIME_STOP,inflation,0.010000000000000009,-0.010000000000000009,-0.43999999999999745,-0.43632182478904724,-0.4381609123945224,0.010000000000000009,True
kxcacpiyoy26apr20t22-0x1f61db83,KXCACPIYOY-26APR20-T2.2,short_spread,TIME_STOP,inflation,0.0,0.0,0.4000000000000003,0.40071478486061096,0.40035739243030566,0.0,True
kxcacpiyoy26apr20t2-0x29c639f7,KXCACPIYOY-26APR20-T2,short_spread,TIME_STOP,inflation,-0.0024999999999999467,0.0024999999999999467,0.7630000000000005,0.7632876038551331,0.7631438019275667,0.0024999999999999467,True
kxcacpiyoy26apr20t22-0x29c639f7,KXCACPIYOY-26APR20-T2.2,short_spread,TIME_STOP,inflation,-0.0024999999999999467,0.0024999999999999467,0.7030000000000006,0.6995062232017517,0.7012531116008762,0.0024999999999999467,True
kxcacpiyoy26apr20t31-0x1f61db83,KXCACPIYOY-26APR20-T3.1,long_spread,TIME_STOP,inflation,0.0,0.0,-0.45999999999999874,-0.4611300826072693,-0.460565041303634,0.0,True
kxtruthsocial26apr18b210-0x8cec42fa,KXTRUTHSOCIAL-26APR18-B210,long_spread,TIME_STOP,other,0.034999999999999976,-0.034999999999999976,-0.4750000000000101,-0.47816020250320435,-0.4765801012516072,0.034999999999999976,True
kxcacpiyoy26apr20t24-0x29c639f7,KXCACPIYOY-26APR20-T2.4,short_spread,TIME_STOP,inflation,-0.0024999999999999467,0.0024999999999999467,0.5580000000000004,0.5573946833610535,0.5576973416805269,0.0024999999999999467,True
kxcacpiyoy26apr20t19-0x29c639f7,KXCACPIYOY-26APR20-T1.9,short_spread,TIME_STOP,inflation,-0.0024999999999999467,0.0024999999999999467,0.7630000000000018,0.7632876038551331,0.7631438019275674,0.0024999999999999467,True
kxukcpiyoy26apr22t35-0xbef75184,KXUKCPIYOY-26APR22-T3.5,long_spread,TIME_STOP,inflation,0.0,0.0,-0.5950000000000099,-0.5896109342575073,-0.5923054671287586,0.0,True
kxcacpiyoy26apr20t23-0x29c639f7,KXCACPIYOY-26APR20-T2.3,short_spread,TIME_STOP,inflation,-0.0024999999999999467,0.0024999999999999467,0.5980000000000004,0.5987404584884644,0.5983702292442323,0.0024999999999999467,True
kxtruthsocial26apr18b109-0xfe0744d8,KXTRUTHSOCIAL-26APR18-B109,long_spread,TIME_STOP,other,-0.015000000000000013,0.015000000000000013,-0.3050000000000053,-0.3445638418197632,-0.3247819209098842,-0.015000000000000013,True
kxcacpiyoy26apr20t32-0x1f61db83,KXCACPIYOY-26APR20-T3.2,long_spread,TIME_STOP,inflation,0.0,0.0,-0.47999999999999915,-0.47846704721450806,-0.4792335236072536,0.0,True
kxtruthsocial26apr18t220-0x8cec42fa,KXTRUTHSOCIAL-26APR18-T220,long_spread,TIME_STOP,other,0.044999999999999984,-0.044999999999999984,-0.4650000000000148,-0.471904456615448,-0.46845222830773137,0.044999999999999984,True
kxtruthsocial26apr18b169-0x8cec42fa,KXTRUTHSOCIAL-26APR18-B169,long_spread,TIME_STOP,other,0.03500000000000003,-0.03500000000000003,-0.4250000000000046,-0.4349948763847351,-0.42999743819236985,0.03500000000000003,True
kxcacpiyoy26apr20t25-0x29c639f7,KXCACPIYOY-26APR20-T2.5,short_spread,TIME_STOP,inflation,-0.0024999999999999467,0.0024999999999999467,0.43300000000000055,0.43372419476509094,0.4333620973825457,0.0024999999999999467,True
kxukcpiyoy26apr22t3-0x1f61db83,KXUKCPIYOY-26APR22-T3,short_spread,TIME_STOP,inflation,0.0,0.0,0.3449999999999845,0.33995676040649414,0.3424783802032393,0.0,True
kxtruthsocial26apr18t80-0xfe0744d8,KXTRUTHSOCIAL-26APR18-T80,long_spread,TIME_STOP,other,-0.015000000000000013,0.015000000000000013,-0.4900000000000147,-0.4932231903076172,-0.4916115951538159,-0.015000000000000013,True
kxcacpiyoy26apr20t21-0x29c639f7,KXCACPIYOY-26APR20-T2.1,short_spread,TIME_STOP,inflation,-0.0024999999999999467,0.0024999999999999467,0.7330000000000015,0.7346825003623962,0.7338412501811988,0.0024999999999999467,True
kxtruthsocial26apr18b189-0x8cec42fa,KXTRUTHSOCIAL-26APR18-B189,long_spread,TIME_STOP,other,0.03999999999999998,-0.03999999999999998,-0.4600000000000013,-0.4662773907184601,-0.4631386953592307,0.03999999999999998,True
kxtruthsocial26apr18b89-0xfe0744d8,KXTRUTHSOCIAL-26APR18-B89,long_spread,TIME_STOP,other,-0.015000000000000013,0.015000000000000013,-0.4600000000000102,-0.4662773907184601,-0.46313869535923513,-0.015000000000000013,True
kxcacpiyoy26apr20t18-0x29c639f7,KXCACPIYOY-26APR20-T1.8,short_spread,TIME_STOP,inflation,-0.0024999999999999467,0.0024999999999999467,0.7630000000000017,0.7632876038551331,0.7631438019275674,0.0024999999999999467,True
kxcacpiyoy26apr20t21-0x1f61db83,KXCACPIYOY-26APR20-T2.1,short_spread,TIME_STOP,inflation,0.0,0.0,0.4300000000000001,0.42784109711647034,0.42892054855823525,0.0,True
kxcacpiyoy26apr20t2-0x1f61db83,KXCACPIYOY-26APR20-T2,short_spread,TIME_STOP,inflation,0.0,0.0,0.46,0.4588298201560974,0.4594149100780487,0.0,True
kxkatzout26jan0127jan01-0xb25a93dc,KXKATZOUT-26JAN01-27JAN01,short_spread,RESOLUTION_EXIT,other,0.0,0.0,0.4329999999999981,0.43367868661880493,0.4333393433094015,0.0,True
kxvotehubtrumpupdown26apr16-0xd2e96e78,KXVOTEHUBTRUMPUPDOWN-26APR16,long_spread,RESOLUTION_EXIT,other,0.004999999999999949,-0.004999999999999949,-0.3449999999999957,-0.34638136625289917,-0.34569068312644746,0.004999999999999949,True
kxtechlayoff26mar20-0x74f19011,KXTECHLAYOFF-26MAR-2.0,long_spread,RESOLUTION_EXIT,other,-0.015000000000000013,0.015000000000000013,-0.500000000000004,-0.5066912770271301,-0.5033456385135671,-0.015000000000000013,True
kxgdp26apr30t20-0x0535dc99,KXGDP-26APR30-T2.0,short_spread,MOMENTUM,gdp,-0.012500000000000011,0.012500000000000011,0.31849999999999723,0.3220268487930298,0.3202634243965135,0.012500000000000011,True
kxgdp26apr30t10-0x88d5a8b1,KXGDP-26APR30-T1.0,short_spread,MOMENTUM,gdp,-0.013000000000000012,0.013000000000000012,0.7979999999999993,0.7949649691581726,0.7964824845790859,0.013000000000000012,True
kxgdp26apr30t10-0xbf7d903a,KXGDP-26APR30-T1.0,short_spread,MOMENTUM,gdp,-0.010000000000000009,0.010000000000000009,0.7244999999999986,0.7241344451904297,0.7243172225952141,0.010000000000000009,True
kxethmaxy27jan01600000-0x722db284,KXETHMAXY-27JAN01-6000.00,long_spread,MOMENTUM,crypto,0.12,-0.12,-0.3299999999999983,-0.32486385107040405,-0.3274319255352012,0.12,True
kxcpiyoy26aprt44-0x1f61db83,KXCPIYOY-26APR-T4.4,long_spread,TIME_STOP,inflation,0.0,0.0,-0.4949999999999968,-0.49448296427726746,-0.4947414821386321,0.0,True
kxcpiyoy26aprt42-0x1f61db83,KXCPIYOY-26APR-T4.2,long_spread,TIME_STOP,inflation,-0.010000000000000009,0.010000000000000009,-0.4649999999999971,-0.46627503633499146,-0.46563751816749427,-0.010000000000000009,True
kxhegsethannounceout26aprmay01-0x0fcfcfc3,KXHEGSETHANNOUNCEOUT-26APR-MAY01,long_spread,TIME_STOP,other,-0.015000000000000013,0.015000000000000013,-0.3599999999999981,-0.36349916458129883,-0.36174958229064846,-0.015000000000000013,True
kxmusknw26apr30t610-0x0f8ff5a3,KXMUSKNW-26APR30-T610,short_spread,TIME_STOP,other,0.019999999999999907,-0.019999999999999907,0.7199999999999984,0.7234069108963013,0.7217034554481498,-0.019999999999999907,True
kxlutnickout26may01-0x7978663d,KXLUTNICKOUT-26MAY01,long_spread,TIME_STOP,other,0.0030000000000000027,-0.0030000000000000027,-0.4705000000000027,-0.4637991487979889,-0.4671495743989958,0.0030000000000000027,True
kxhegsethout26aprmay01-0x0fcfcfc3,KXHEGSETHOUT-26APR-MAY01,long_spread,TIME_STOP,other,-0.019500000000000017,0.019500000000000017,-0.37349999999999556,-0.3721582889556885,-0.372829144477842,-0.019500000000000017,True
kxtechlayoff26mar20-0x74f19011,KXTECHLAYOFF-26MAR-2.0,long_spread,RESOLUTION_EXIT,other,0.04999999999999993,-0.04999999999999993,-0.439999999999996,-0.4377729892730713,-0.4388864946365336,0.04999999999999993,True
kxvotehubtrumpupdown26apr16-0xd2e96e78,KXVOTEHUBTRUMPUPDOWN-26APR16,long_spread,RESOLUTION_EXIT,other,0.0,0.0,-0.3500000000000094,-0.3480660915374756,-0.3490330457687425,0.0,True
kxkatzout26jan0127jan01-0xb25a93dc,KXKATZOUT-26JAN01-27JAN01,short_spread,RESOLUTION_EXIT,other,0.0,0.0,0.43300000000000277,0.43367868661880493,0.4333393433094038,0.0,True
kxukcpiyoy26apr22t4-0x1f61db83,KXUKCPIYOY-26APR22-T4,long_spread,TIME_STOP,inflation,0.0,0.0,-0.4150000000000098,-0.41471150517463684,-0.4148557525873233,0.0,True
kxvisitnyc26jun01djtnyc-0x154a7f7d,KXVISITNYC-26JUN01-DJTNYC,long_spread,MOMENTUM,politics_policy,-0.04150000000000009,0.04150000000000009,-0.5750000000000131,-0.5681617856025696,-0.5715808928012913,-0.04150000000000009,True
kxkatzout26jan0127jan01-0xb25a93dc,KXKATZOUT-26JAN01-27JAN01,short_spread,RESOLUTION_EXIT,other,0.0,0.0,0.432499999999998,0.42865097522735596,0.430575487613677,0.0,True
kxtechlayoff26mar20-0x74f19011,KXTECHLAYOFF-26MAR-2.0,long_spread,RESOLUTION_EXIT,other,0.0050000000000000044,-0.0050000000000000044,-0.4550000000000037,-0.46245530247688293,-0.4587276512384433,0.0050000000000000044,True
kxvotehubtrumpupdown26apr16-0xd2e96e78,KXVOTEHUBTRUMPUPDOWN-26APR16,long_spread,RESOLUTION_EXIT,other,-0.010000000000000009,0.010000000000000009,-0.3249999999999989,-0.32563257217407227,-0.32531628608703556,-0.010000000000000009,True
kxtruthsocial26apr18b89-0xfe0744d8,KXTRUTHSOCIAL-26APR18-B89,long_spread,STOP_LOSS,other,-0.15000000000000002,0.15000000000000002,-0.3050000000000109,-0.30663663148880005,-0.30581831574440543,-0.15000000000000002,True
kxtruthsocial26apr18t80-0xfe0744d8,KXTRUTHSOCIAL-26APR18-T80,long_spread,STOP_LOSS,other,-0.15000000000000002,0.15000000000000002,-0.335000000000015,-0.32312777638435364,-0.32906388819218435,-0.15000000000000002,True
kxcacpiyoy26apr20t2-0x1f61db83,KXCACPIYOY-26APR20-T2,short_spread,TIME_STOP,inflation,0.0,0.0,0.45999999999999946,0.4588298201560974,0.45941491007804847,0.0,True
kxcacpiyoy26apr20t32-0x1f61db83,KXCACPIYOY-26APR20-T3.2,long_spread,TIME_STOP,inflation,0.0,0.0,-0.4799999999999997,-0.47789865732192993,-0.47894932866096485,0.0,True
kxcacpiyoy26apr20t19-0x29c639f7,KXCACPIYOY-26APR20-T1.9,short_spread,TIME_STOP,inflation,0.029999999999999916,-0.029999999999999916,0.7909999999999998,0.7859881520271301,0.788494076013565,-0.029999999999999916,True
kxtruthsocial26apr18b189-0x8cec42fa,KXTRUTHSOCIAL-26APR18-B189,long_spread,TIME_STOP,other,0.08999999999999997,-0.08999999999999997,-0.5550000000000038,-0.557260274887085,-0.5561301374435443,0.08999999999999997,True
kxcacpiyoy26apr20t22-0x1f61db83,KXCACPIYOY-26APR20-T2.2,short_spread,TIME_STOP,inflation,0.0,0.0,0.3999999999999995,0.40071478486061096,0.4003573924303052,0.0,True
kxcacpiyoy26apr20t21-0x1f61db83,KXCACPIYOY-26APR20-T2.1,short_spread,TIME_STOP,inflation,0.0,0.0,0.42999999999999966,0.42784109711647034,0.428920548558235,0.0,True
kxtruthsocial26apr18b210-0x8cec42fa,KXTRUTHSOCIAL-26APR18-B210,long_spread,TIME_STOP,other,0.08999999999999997,-0.08999999999999997,-0.5700000000000108,-0.5582278370857239,-0.5641139185428674,0.08999999999999997,True
kxcacpiyoy26apr20t3-0x1f61db83,KXCACPIYOY-26APR20-T3,long_spread,TIME_STOP,inflation,0.0,0.0,-0.4399999999999978,-0.43632182478904724,-0.4381609123945225,0.0,True
kxcacpiyoy26apr20t31-0x1f61db83,KXCACPIYOY-26APR20-T3.1,long_spread,TIME_STOP,inflation,0.0,0.0,-0.4599999999999992,-0.4611300826072693,-0.46056504130363424,0.0,True
kxtruthsocial26apr18t220-0x8cec42fa,KXTRUTHSOCIAL-26APR18-T220,long_spread,TIME_STOP,other,0.08999999999999997,-0.08999999999999997,-0.5600000000000148,-0.5580925941467285,-0.5590462970733716,0.08999999999999997,True
kxcacpiyoy26apr20t25-0x29c639f7,KXCACPIYOY-26APR20-T2.5,short_spread,TIME_STOP,inflation,0.02999999999999997,-0.02999999999999997,0.46099999999999997,0.45814812183380127,0.4595740609169006,-0.02999999999999997,True
kxtruthsocial26apr18b149-0x8cec42fa,KXTRUTHSOCIAL-26APR18-B149,long_spread,TIME_STOP,other,0.09999999999999998,-0.09999999999999998,-0.3100000000000066,-0.32618772983551025,-0.31809386491775843,0.09999999999999998,True
kxcacpiyoy26apr20t23-0x29c639f7,KXCACPIYOY-26APR20-T2.3,short_spread,TIME_STOP,inflation,0.030000000000000027,-0.030000000000000027,0.6259999999999998,0.6171091794967651,0.6215545897483825,-0.030000000000000027,True
kxukcpiyoy26apr22t35-0xbef75184,KXUKCPIYOY-26APR22-T3.5,long_spread,TIME_STOP,inflation,0.0,0.0,-0.5950000000000096,-0.5896109342575073,-0.5923054671287584,0.0,True
kxtruthsocial26apr18b169-0x8cec42fa,KXTRUTHSOCIAL-26APR18-B169,long_spread,TIME_STOP,other,0.08999999999999997,-0.08999999999999997,-0.5200000000000056,-0.5184965133666992,-0.5192482566833524,0.08999999999999997,True
kxcacpiyoy26apr20t26-0x29c639f7,KXCACPIYOY-26APR20-T2.6,short_spread,TIME_STOP,inflation,0.02999999999999997,-0.02999999999999997,0.31600000000000034,0.3220268487930298,0.31901342439651503,-0.02999999999999997,True
kxcacpiyoy26apr20t24-0x29c639f7,KXCACPIYOY-26APR20-T2.4,short_spread,TIME_STOP,inflation,0.030000000000000027,-0.030000000000000027,0.5859999999999997,0.5836780667304993,0.5848390333652496,-0.030000000000000027,True
kxcacpiyoy26apr20t2-0x29c639f7,KXCACPIYOY-26APR20-T2,short_spread,TIME_STOP,inflation,0.029999999999999916,-0.029999999999999916,0.7910000000000005,0.7859881520271301,0.7884940760135652,-0.029999999999999916,True
kxcacpiyoy26apr20t22-0x29c639f7,KXCACPIYOY-26APR20-T2.2,short_spread,TIME_STOP,inflation,0.030000000000000027,-0.030000000000000027,0.7310000000000002,0.7350436449050903,0.7330218224525453,-0.030000000000000027,True
kxcacpiyoy26apr20t18-0x29c639f7,KXCACPIYOY-26APR20-T1.8,short_spread,TIME_STOP,inflation,0.029999999999999916,-0.029999999999999916,0.7910000000000044,0.7859881520271301,0.7884940760135672,-0.029999999999999916,True
kxukcpiyoy26apr22t3-0x1f61db83,KXUKCPIYOY-26APR22-T3,short_spread,TIME_STOP,inflation,0.0,0.0,0.34499999999998393,0.33995676040649414,0.34247838020323906,0.0,True
kxcacpiyoy26apr20t21-0x29c639f7,KXCACPIYOY-26APR20-T2.1,short_spread,TIME_STOP,inflation,0.030000000000000027,-0.030000000000000027,0.7609999999999999,0.7629958391189575,0.7619979195594787,-0.030000000000000027,True
kxvotehubtrumpupdown26apr16-0xd2e96e78,KXVOTEHUBTRUMPUPDOWN-26APR16,long_spread,RESOLUTION_EXIT,other,0.0,0.0,-0.3249999999999976,-0.32563257217407227,-0.32531628608703494,0.0,True
kxkatzout26jan0127jan01-0xb25a93dc,KXKATZOUT-26JAN01-27JAN01,short_spread,RESOLUTION_EXIT,other,0.0005000000000000004,-0.0005000000000000004,0.43299999999999966,0.43367868661880493,0.43333934330940227,-0.0005000000000000004,True
kxtechlayoff26mar20-0x74f19011,KXTECHLAYOFF-26MAR-2.0,long_spread,RESOLUTION_EXIT,other,0.03500000000000003,-0.03500000000000003,-0.49000000000000576,-0.488857239484787,-0.4894286197423964,0.03500000000000003,True
kxmusknw26apr30t620-0x88b2a7dd,KXMUSKNW-26APR30-T620,short_spread,TIME_STOP,other,0.0,0.0,0.4350000000000043,0.4338429272174835,0.4344214636087439,0.0,True
kxgdp26apr30t20-0x88d5a8b1,KXGDP-26APR30-T2.0,short_spread,TIME_STOP,gdp,-0.009500000000000008,0.009500000000000008,0.44049999999999884,0.4447936713695526,0.4426468356847757,0.009500000000000008,True
kxcpiyoy26aprt37-0xbef75184,KXCPIYOY-26APR-T3.7,long_spread,TIME_STOP,inflation,0.04499999999999993,-0.04499999999999993,-0.6449999999999984,-0.6332353353500366,-0.6391176676750174,0.04499999999999993,True
kxpayrolls26aprt80000-0x73f2be73,KXPAYROLLS-26APR-T80000,short_spread,TIME_STOP,other,0.024999999999999967,-0.024999999999999967,0.3400000000000047,0.33867499232292175,0.33933749616146325,-0.024999999999999967,True
kxcpiyoy26aprt36-0xbef75184,KXCPIYOY-26APR-T3.6,long_spread,TIME_STOP,inflation,0.010000000000000009,-0.010000000000000009,-0.4599999999999989,-0.4622393548488617,-0.4611196774244303,0.010000000000000009,True
kxmusknw26apr30t610-0x88b2a7dd,KXMUSKNW-26APR30-T610,short_spread,TIME_STOP,other,0.015000000000000013,-0.015000000000000013,0.4800000000000043,0.4761028289794922,0.47805141448974825,-0.015000000000000013,True
kxmusknw26apr30t600-0x88b2a7dd,KXMUSKNW-26APR30-T600,short_spread,TIME_STOP,other,0.010000000000000009,-0.010000000000000009,0.5849999999999972,0.5840042233467102,0.5845021116733538,-0.010000000000000009,True
kxmusknw26apr30t630-0x88b2a7dd,KXMUSKNW-26APR30-T630,short_spread,TIME_STOP,other,0.015000000000000124,-0.015000000000000124,0.34500000000000425,0.3388502597808838,0.341925129890444,-0.015000000000000124,True
kxgdp26apr30t15-0xbf7d903a,KXGDP-26APR30-T1.5,short_spread,MOMENTUM,gdp,-0.0044999999999998375,0.0044999999999998375,0.5394999999999979,0.5430982708930969,0.5412991354465474,0.0044999999999998375,True
kxgdp26apr30t15-0x88d5a8b1,KXGDP-26APR30-T1.5,short_spread,MOMENTUM,gdp,-0.004999999999999893,0.004999999999999893,0.6129999999999989,0.6095462441444397,0.6112731220722193,0.004999999999999893,True
kxkatzout26jan0127jan01-0xb25a93dc,KXKATZOUT-26JAN01-27JAN01,short_spread,RESOLUTION_EXIT,other,0.0005000000000000004,-0.0005000000000000004,0.433000000000005,0.43367868661880493,0.43333934330940493,-0.0005000000000000004,True
kxtechlayoff26mar20-0x74f19011,KXTECHLAYOFF-26MAR-2.0,long_spread,RESOLUTION_EXIT,other,0.0,0.0,-0.5499999999999962,-0.5555614233016968,-0.5527807116508465,0.0,True
kxvotehubtrumpupdown26apr16-0xd2e96e78,KXVOTEHUBTRUMPUPDOWN-26APR16,long_spread,RESOLUTION_EXIT,other,-0.0050000000000000044,0.0050000000000000044,-0.32000000000001,-0.3197116255760193,-0.31985581278801467,-0.0050000000000000044,True
kxukcpiyoy26apr22t4-0x1f61db83,KXUKCPIYOY-26APR22-T4,long_spread,TIME_STOP,inflation,0.0,0.0,-0.41500000000001014,-0.41471150517463684,-0.4148557525873235,0.0,True
kxcacpiyoy26apr20t31-0x1f61db83,KXCACPIYOY-26APR20-T3.1,long_spread,TIME_STOP,inflation,0.0,0.0,-0.4599999999999992,-0.4611300826072693,-0.46056504130363424,0.0,True
kxtruthsocial26apr18b169-0x8cec42fa,KXTRUTHSOCIAL-26APR18-B169,long_spread,TIME_STOP,other,0.07500000000000007,-0.07500000000000007,-0.5950000000000059,-0.5968375205993652,-0.5959187602996856,0.07500000000000007,True
kxcacpiyoy26apr20t23-0x29c639f7,KXCACPIYOY-26APR20-T2.3,short_spread,TIME_STOP,inflation,0.0,0.0,0.6259999999999998,0.6171091794967651,0.6215545897483825,0.0,True
kxukcpiyoy26apr22t35-0xbef75184,KXUKCPIYOY-26APR22-T3.5,long_spread,TIME_STOP,inflation,0.0,0.0,-0.5950000000000099,-0.5896109342575073,-0.5923054671287586,0.0,True
kxcacpiyoy26apr20t19-0x29c639f7,KXCACPIYOY-26APR20-T1.9,short_spread,TIME_STOP,inflation,0.0,0.0,0.7909999999999998,0.7859881520271301,0.788494076013565,0.0,True
kxtruthsocial26apr18b210-0x8cec42fa,KXTRUTHSOCIAL-26APR18-B210,long_spread,TIME_STOP,other,0.07500000000000007,-0.07500000000000007,-0.6450000000000115,-0.6408197283744812,-0.6429098641872464,0.07500000000000007,True
kxtruthsocial26apr18b129-0x8cec42fa,KXTRUTHSOCIAL-26APR18-B129,long_spread,TIME_STOP,other,0.07500000000000007,-0.07500000000000007,-0.3250000000000036,-0.33033397793769836,-0.327666988968851,0.07500000000000007,True
kxcacpiyoy26apr20t2-0x1f61db83,KXCACPIYOY-26APR20-T2,short_spread,TIME_STOP,inflation,0.0,0.0,0.45999999999999946,0.4588298201560974,0.45941491007804847,0.0,True
kxukcpiyoy26apr22t3-0x1f61db83,KXUKCPIYOY-26APR22-T3,short_spread,TIME_STOP,inflation,0.0,0.0,0.3449999999999836,0.33995676040649414,0.34247838020323884,0.0,True
kxgdp26apr30t20-0x0535dc99,KXGDP-26APR30-T2.0,short_spread,MOMENTUM,gdp,-0.008500000000000008,0.008500000000000008,0.30999999999999733,0.3165264129638672,0.3132632064819323,0.008500000000000008,True
kxcacpiyoy26apr20t21-0x1f61db83,KXCACPIYOY-26APR20-T2.1,short_spread,TIME_STOP,inflation,0.0,0.0,0.42999999999999966,0.42784109711647034,0.428920548558235,0.0,True
kxtruthsocial26apr18t220-0x8cec42fa,KXTRUTHSOCIAL-26APR18-T220,long_spread,TIME_STOP,other,0.07500000000000007,-0.07500000000000007,-0.6350000000000153,-0.6386851668357849,-0.6368425834179001,0.07500000000000007,True
kxcacpiyoy26apr20t21-0x29c639f7,KXCACPIYOY-26APR20-T2.1,short_spread,TIME_STOP,inflation,0.0,0.0,0.7609999999999999,0.7629958391189575,0.7619979195594787,0.0,True
kxtruthsocial26apr18b149-0x8cec42fa,KXTRUTHSOCIAL-26APR18-B149,long_spread,TIME_STOP,other,0.07500000000000007,-0.07500000000000007,-0.38500000000000684,-0.3966480791568756,-0.39082403957844125,0.07500000000000007,True
kxcacpiyoy26apr20t24-0x29c639f7,KXCACPIYOY-26APR20-T2.4,short_spread,TIME_STOP,inflation,0.0,0.0,0.5859999999999997,0.5836780667304993,0.5848390333652496,0.0,True
kxcacpiyoy26apr20t2-0x29c639f7,KXCACPIYOY-26APR20-T2,short_spread,TIME_STOP,inflation,0.0,0.0,0.7910000000000005,0.7859881520271301,0.7884940760135652,0.0,True
kxcacpiyoy26apr20t32-0x1f61db83,KXCACPIYOY-26APR20-T3.2,long_spread,TIME_STOP,inflation,0.0,0.0,-0.4799999999999997,-0.47789865732192993,-0.47894932866096485,0.0,True
kxcacpiyoy26apr20t26-0x29c639f7,KXCACPIYOY-26APR20-T2.6,short_spread,TIME_STOP,inflation,0.0,0.0,0.31600000000000034,0.3220268487930298,0.31901342439651503,0.0,True
kxcacpiyoy26apr20t3-0x1f61db83,KXCACPIYOY-26APR20-T3,long_spread,TIME_STOP,inflation,0.0,0.0,-0.4399999999999978,-0.43632182478904724,-0.4381609123945225,0.0,True
kxcacpiyoy26apr20t22-0x1f61db83,KXCACPIYOY-26APR20-T2.2,short_spread,TIME_STOP,inflation,0.0,0.0,0.3999999999999995,0.40071478486061096,0.4003573924303052,0.0,True
kxtruthsocial26apr18b189-0x8cec42fa,KXTRUTHSOCIAL-26APR18-B189,long_spread,TIME_STOP,other,0.07000000000000006,-0.07000000000000006,-0.6250000000000043,-0.6381498575210571,-0.6315749287605308,0.07000000000000006,True
kxcacpiyoy26apr20t22-0x29c639f7,KXCACPIYOY-26APR20-T2.2,short_spread,TIME_STOP,inflation,0.0,0.0,0.7310000000000002,0.7350436449050903,0.7330218224525453,0.0,True
kxcacpiyoy26apr20t25-0x29c639f7,KXCACPIYOY-26APR20-T2.5,short_spread,TIME_STOP,inflation,0.0,0.0,0.46099999999999997,0.45814812183380127,0.4595740609169006,0.0,True
kxcacpiyoy26apr20t18-0x29c639f7,KXCACPIYOY-26APR20-T1.8,short_spread,TIME_STOP,inflation,0.0,0.0,0.7910000000000044,0.7859881520271301,0.7884940760135672,0.0,True
kxtechlayoff26mar20-0x74f19011,KXTECHLAYOFF-26MAR-2.0,long_spread,RESOLUTION_EXIT,other,0.0,0.0,-0.5500000000000039,-0.5555614233016968,-0.5527807116508503,0.0,True
kxvotehubtrumpupdown26apr16-0xd2e96e78,KXVOTEHUBTRUMPUPDOWN-26APR16,long_spread,RESOLUTION_EXIT,other,0.0,0.0,-0.3300000000000006,-0.32582688331604004,-0.32791344165802033,0.0,True
kxkatzout26jan0127jan01-0xb25a93dc,KXKATZOUT-26JAN01-27JAN01,short_spread,RESOLUTION_EXIT,other,0.0,0.0,0.4329999999999979,0.43367868661880493,0.4333393433094014,0.0,True
kxmusknw26apr30t640-0xc264391c,KXMUSKNW-26APR30-T640,short_spread,TIME_STOP,other,-0.015000000000000013,0.015000000000000013,0.4400000000000038,0.44464853405952454,0.44232426702976413,0.015000000000000013,True
kxtechlayoff26mar20-0x74f19011,KXTECHLAYOFF-26MAR-2.0,long_spread,RESOLUTION_EXIT,other,0.0,0.0,-0.5500000000000059,-0.5555614233016968,-0.5527807116508514,0.0,True
kxkatzout26jan0127jan01-0xb25a93dc,KXKATZOUT-26JAN01-27JAN01,short_spread,RESOLUTION_EXIT,other,0.0,0.0,0.43299999999999966,0.43367868661880493,0.43333934330940227,0.0,True
kxvotehubtrumpupdown26apr16-0xd2e96e78,KXVOTEHUBTRUMPUPDOWN-26APR16,long_spread,RESOLUTION_EXIT,other,0.0,0.0,-0.3300000000000006,-0.32582688331604004,-0.32791344165802033,0.0,True
kxkatzout26jan0127jan01-0xb25a93dc,KXKATZOUT-26JAN01-27JAN01,short_spread,RESOLUTION_EXIT,other,0.0,0.0,0.433000000000005,0.43367868661880493,0.43333934330940493,0.0,True
kxtechlayoff26mar20-0x74f19011,KXTECHLAYOFF-26MAR-2.0,long_spread,RESOLUTION_EXIT,other,0.0,0.0,-0.5499999999999962,-0.5555614233016968,-0.5527807116508465,0.0,True
kxvotehubtrumpupdown26apr16-0xd2e96e78,KXVOTEHUBTRUMPUPDOWN-26APR16,long_spread,RESOLUTION_EXIT,other,0.0,0.0,-0.33000000000000995,-0.32582688331604004,-0.327913441658025,0.0,True
kxukcpiyoy26apr22t4-0x1f61db83,KXUKCPIYOY-26APR22-T4,long_spread,TIME_STOP,inflation,0.0,0.0,-0.41500000000001014,-0.41471150517463684,-0.4148557525873235,0.0,True
kxgdp26apr30t20-0x0535dc99,KXGDP-26APR30-T2.0,short_spread,MOMENTUM,gdp,-0.008000000000000007,0.008000000000000007,0.30200000000000365,0.30169668793678284,0.3018483439683932,0.008000000000000007,True
kxgdp26apr30t15-0xbf7d903a,KXGDP-26APR30-T1.5,short_spread,MOMENTUM,gdp,0.0,0.0,0.5394999999999982,0.5430982708930969,0.5412991354465475,0.0,True
kxkatzout26jan0127jan01-0xb25a93dc,KXKATZOUT-26JAN01-27JAN01,short_spread,RESOLUTION_EXIT,other,0.0,0.0,0.43299999999999794,0.43367868661880493,0.43333934330940144,0.0,True
kxtechlayoff26mar20-0x74f19011,KXTECHLAYOFF-26MAR-2.0,long_spread,RESOLUTION_EXIT,other,-0.0050000000000000044,0.0050000000000000044,-0.545000000000004,-0.5555614233016968,-0.5502807116508504,-0.0050000000000000044,True
kxvotehubtrumpupdown26apr16-0xd2e96e78,KXVOTEHUBTRUMPUPDOWN-26APR16,long_spread,RESOLUTION_EXIT,other,0.0,0.0,-0.3300000000000006,-0.32582688331604004,-0.32791344165802033,0.0,True
kxtruthsocial26apr18b169-0x8cec42fa,KXTRUTHSOCIAL-26APR18-B169,long_spread,TIME_STOP,other,0.0,0.0,-0.5950000000000031,-0.5968375205993652,-0.5959187602996842,0.0,True
kxtruthsocial26apr18b189-0x8cec42fa,KXTRUTHSOCIAL-26APR18-B189,long_spread,TIME_STOP,other,0.0,0.0,-0.625000000000003,-0.6381498575210571,-0.6315749287605301,0.0,True
kxcacpiyoy26apr20t24-0x29c639f7,KXCACPIYOY-26APR20-T2.4,short_spread,TIME_STOP,inflation,0.04749999999999999,-0.04749999999999999,0.5909999999999997,0.5836780667304993,0.5873390333652495,-0.04749999999999999,True
kxcacpiyoy26apr20t2-0x1f61db83,KXCACPIYOY-26APR20-T2,short_spread,TIME_STOP,inflation,0.0,0.0,0.46000000000000346,0.4588298201560974,0.45941491007805046,0.0,True
kxcacpiyoy26apr20t22-0x1f61db83,KXCACPIYOY-26APR20-T2.2,short_spread,TIME_STOP,inflation,0.0,0.0,0.3999999999999993,0.40071478486061096,0.4003573924303051,0.0,True
kxukcpiyoy26apr22t35-0xbef75184,KXUKCPIYOY-26APR22-T3.5,long_spread,TIME_STOP,inflation,0.0,0.0,-0.5950000000000099,-0.5896109342575073,-0.5923054671287586,0.0,True
kxcacpiyoy26apr20t32-0x1f61db83,KXCACPIYOY-26APR20-T3.2,long_spread,TIME_STOP,inflation,0.0,0.0,-0.4799999999999997,-0.47789865732192993,-0.47894932866096485,0.0,True
kxcacpiyoy26apr20t23-0x29c639f7,KXCACPIYOY-26APR20-T2.3,short_spread,TIME_STOP,inflation,0.0525000000000001,-0.0525000000000001,0.6359999999999998,0.6328068971633911,0.6344034485816954,-0.0525000000000001,True
kxcacpiyoy26apr20t22-0x29c639f7,KXCACPIYOY-26APR20-T2.2,short_spread,TIME_STOP,inflation,0.04250000000000009,-0.04250000000000009,0.7310000000000002,0.7350436449050903,0.7330218224525453,-0.04250000000000009,True
kxtruthsocial26apr18b149-0x8cec42fa,KXTRUTHSOCIAL-26APR18-B149,long_spread,TIME_STOP,other,0.0,0.0,-0.3850000000000031,-0.3966480791568756,-0.39082403957843936,0.0,True
kxcacpiyoy26apr20t2-0x29c639f7,KXCACPIYOY-26APR20-T2,short_spread,TIME_STOP,inflation,0.04249999999999998,-0.04249999999999998,0.7910000000000044,0.7859881520271301,0.7884940760135672,-0.04249999999999998,True
kxcacpiyoy26apr20t3-0x1f61db83,KXCACPIYOY-26APR20-T3,long_spread,TIME_STOP,inflation,0.0,0.0,-0.4399999999999978,-0.43632182478904724,-0.4381609123945225,0.0,True
kxcacpiyoy26apr20t19-0x29c639f7,KXCACPIYOY-26APR20-T1.9,short_spread,TIME_STOP,inflation,0.04249999999999998,-0.04249999999999998,0.7910000000000044,0.7859881520271301,0.7884940760135672,-0.04249999999999998,True
kxcacpiyoy26apr20t26-0x29c639f7,KXCACPIYOY-26APR20-T2.6,short_spread,TIME_STOP,inflation,0.06250000000000006,-0.06250000000000006,0.3360000000000004,0.3353656232357025,0.33568281161785146,-0.06250000000000006,True
kxcacpiyoy26apr20t31-0x1f61db83,KXCACPIYOY-26APR20-T3.1,long_spread,TIME_STOP,inflation,0.0,0.0,-0.4599999999999992,-0.4611300826072693,-0.46056504130363424,0.0,True
kxtruthsocial26apr18b210-0x8cec42fa,KXTRUTHSOCIAL-26APR18-B210,long_spread,TIME_STOP,other,0.0,0.0,-0.6450000000000112,-0.6408197283744812,-0.6429098641872462,0.0,True
kxcacpiyoy26apr20t23-0x1f61db83,KXCACPIYOY-26APR20-T2.3,short_spread,TIME_STOP,inflation,0.010000000000000009,-0.010000000000000009,0.30499999999999877,0.31391945481300354,0.3094597274065012,-0.010000000000000009,True
kxcacpiyoy26apr20t18-0x29c639f7,KXCACPIYOY-26APR20-T1.8,short_spread,TIME_STOP,inflation,0.04249999999999998,-0.04249999999999998,0.7910000000000044,0.7859881520271301,0.7884940760135672,-0.04249999999999998,True
kxtruthsocial26apr18t220-0x8cec42fa,KXTRUTHSOCIAL-26APR18-T220,long_spread,TIME_STOP,other,0.0,0.0,-0.6350000000000153,-0.6386851668357849,-0.6368425834179001,0.0,True
kxcacpiyoy26apr20t21-0x1f61db83,KXCACPIYOY-26APR20-T2.1,short_spread,TIME_STOP,inflation,0.0,0.0,0.4299999999999992,0.42784109711647034,0.4289205485582348,0.0,True
kxtruthsocial26apr18b129-0x8cec42fa,KXTRUTHSOCIAL-26APR18-B129,long_spread,TIME_STOP,other,-0.010000000000000009,0.010000000000000009,-0.31500000000000566,-0.3295360505580902,-0.32226802527904796,-0.010000000000000009,True
kxcacpiyoy26apr20t25-0x29c639f7,KXCACPIYOY-26APR20-T2.5,short_spread,TIME_STOP,inflation,0.05749999999999994,-0.05749999999999994,0.4759999999999998,0.47503313422203064,0.4755165671110152,-0.05749999999999994,True
kxcacpiyoy26apr20t21-0x29c639f7,KXCACPIYOY-26APR20-T2.1,short_spread,TIME_STOP,inflation,0.04250000000000009,-0.04250000000000009,0.761,0.7629958391189575,0.7619979195594788,-0.04250000000000009,True
kxukcpiyoy26apr22t3-0x1f61db83,KXUKCPIYOY-26APR22-T3,short_spread,TIME_STOP,inflation,0.0,0.0,0.3449999999999836,0.33995676040649414,0.34247838020323884,0.0,True
kxgdp26apr30t10-0xbf7d903a,KXGDP-26APR30-T1.0,short_spread,MOMENTUM,gdp,-0.01100000000000001,0.01100000000000001,0.7144999999999987,0.7130736112594604,0.7137868056297296,0.01100000000000001,True
kxtechlayoff26mar20-0x74f19011,KXTECHLAYOFF-26MAR-2.0,long_spread,RESOLUTION_EXIT,other,0.0050000000000000044,-0.0050000000000000044,-0.5500000000000059,-0.5555614233016968,-0.5527807116508514,0.0050000000000000044,True
kxvotehubtrumpupdown26apr16-0xd2e96e78,KXVOTEHUBTRUMPUPDOWN-26APR16,long_spread,RESOLUTION_EXIT,other,0.0,0.0,-0.3300000000000006,-0.32582688331604004,-0.32791344165802033,0.0,True
kxkatzout26jan0127jan01-0xb25a93dc,KXKATZOUT-26JAN01-27JAN01,short_spread,RESOLUTION_EXIT,other,0.0,0.0,0.43299999999999966,0.43367868661880493,0.43333934330940227,0.0,True
kxgdp26apr30t10-0x88d5a8b1,KXGDP-26APR30-T1.0,short_spread,TIME_STOP,gdp,-0.008000000000000007,0.008000000000000007,0.7884999999999994,0.7853673100471497,0.7869336550235746,0.008000000000000007,True
kxdegdpyoyf26apr30t01-0x88d5a8b1,KXDEGDPYOYF-26APR30-T0.1,short_spread,TIME_STOP,gdp,0.0,0.0,0.8130000000000003,0.8190208673477173,0.8160104336738587,0.0,True
kxcpiyoy26aprt30-0x1f61db83,KXCPIYOY-26APR-T3.0,short_spread,TIME_STOP,inflation,0.0,0.0,0.4349999999999998,0.4328688085079193,0.43393440425395957,0.0,True
kxdegdpyoyf26apr30t02-0x88d5a8b1,KXDEGDPYOYF-26APR30-T0.2,short_spread,TIME_STOP,gdp,0.0,0.0,0.7829999999999983,0.7853673100471497,0.7841836550235739,0.0,True
kxdegdpyoyf26apr30t05-0x88d5a8b1,KXDEGDPYOYF-26APR30-T0.5,short_spread,TIME_STOP,gdp,0.0,0.0,0.35799999999999654,0.35780414938926697,0.35790207469463176,0.0,True
kxcpiyoy26aprt34-0x1f61db83,KXCPIYOY-26APR-T3.4,short_spread,TIME_STOP,inflation,-0.0050000000000000044,0.0050000000000000044,0.39000000000000096,0.38767901062965393,0.38883950531482747,0.0050000000000000044,True
kxcpiyoy26aprt31-0x1f61db83,KXCPIYOY-26APR-T3.1,short_spread,TIME_STOP,inflation,0.0,0.0,0.44500000000000256,0.4445945620536804,0.44479728102684146,0.0,True
kxdegdpyoyf26apr30t03-0x88d5a8b1,KXDEGDPYOYF-26APR30-T0.3,short_spread,TIME_STOP,gdp,0.004999999999999893,-0.004999999999999893,0.6179999999999966,0.6172569990158081,0.6176284995079023,-0.004999999999999893,True
kxcpiyoy26aprt32-0x1f61db83,KXCPIYOY-26APR-T3.2,short_spread,TIME_STOP,inflation,0.004999999999999893,-0.004999999999999893,0.43500000000000355,0.4328688085079193,0.43393440425396146,-0.004999999999999893,True
kxpayrolls26aprt10000-0x73f2be73,KXPAYROLLS-26APR-T10000,short_spread,TIME_STOP,other,0.0,0.0,0.6700000000000048,0.67437344789505,0.6721867239475274,0.0,True
kxcpiyoy26aprt33-0x1f61db83,KXCPIYOY-26APR-T3.3,short_spread,TIME_STOP,inflation,0.0,0.0,0.4250000000000029,0.4248903691768646,0.4249451845884338,0.0,True
kxdegdpyoyf26apr30t04-0x88d5a8b1,KXDEGDPYOYF-26APR30-T0.4,short_spread,TIME_STOP,gdp,-0.0050000000000000044,0.0050000000000000044,0.4779999999999966,0.4762747883796692,0.4771373941898329,0.0050000000000000044,True
kxukcpiyoy26apr22t4-0x1f61db83,KXUKCPIYOY-26APR22-T4,long_spread,TIME_STOP,inflation,0.0,0.0,-0.41500000000001014,-0.41471150517463684,-0.4148557525873235,0.0,True
kxtechlayoff26mar20-0x74f19011,KXTECHLAYOFF-26MAR-2.0,long_spread,RESOLUTION_EXIT,other,0.0,0.0,-0.5500000000000059,-0.5555614233016968,-0.5527807116508514,0.0,True
kxkatzout26jan0127jan01-0xb25a93dc,KXKATZOUT-26JAN01-27JAN01,short_spread,RESOLUTION_EXIT,other,0.0,0.0,0.43299999999999966,0.43367868661880493,0.43333934330940227,0.0,True
kxvotehubtrumpupdown26apr16-0xd2e96e78,KXVOTEHUBTRUMPUPDOWN-26APR16,long_spread,RESOLUTION_EXIT,other,0.0,0.0,-0.3300000000000006,-0.32582688331604004,-0.32791344165802033,0.0,True
kxgdp26apr30t20-0x0535dc99,KXGDP-26APR30-T2.0,short_spread,MOMENTUM,gdp,-0.0020000000000000018,0.0020000000000000018,0.29999999999999755,0.30169668793678284,0.3008483439683902,0.0020000000000000018,True
kxcacpiyoy26apr20t31-0x1f61db83,KXCACPIYOY-26APR20-T3.1,long_spread,TIME_STOP,inflation,0.0,0.0,-0.4599999999999991,-0.4611300826072693,-0.4605650413036342,0.0,True
kxcacpiyoy26apr20t3-0x1f61db83,KXCACPIYOY-26APR20-T3,long_spread,TIME_STOP,inflation,0.0,0.0,-0.43999999999999767,-0.43632182478904724,-0.4381609123945225,0.0,True
kxtruthsocial26apr18b189-0x8cec42fa,KXTRUTHSOCIAL-26APR18-B189,long_spread,TIME_STOP,other,0.019999999999999907,-0.019999999999999907,-0.6450000000000028,-0.6484647393226624,-0.6467323696613325,0.019999999999999907,True
kxcacpiyoy26apr20t32-0x1f61db83,KXCACPIYOY-26APR20-T3.2,long_spread,TIME_STOP,inflation,0.0,0.0,-0.4799999999999996,-0.47789865732192993,-0.47894932866096473,0.0,True
kxcacpiyoy26apr20t23-0x1f61db83,KXCACPIYOY-26APR20-T2.3,short_spread,TIME_STOP,inflation,0.0,0.0,0.304999999999999,0.31391945481300354,0.3094597274065013,0.0,True
kxcacpiyoy26apr20t23-0x29c639f7,KXCACPIYOY-26APR20-T2.3,short_spread,TIME_STOP,inflation,-0.007000000000000117,0.007000000000000117,0.6289999999999999,0.6328068971633911,0.6309034485816956,0.007000000000000117,True
kxcacpiyoy26apr20t2-0x1f61db83,KXCACPIYOY-26APR20-T2,short_spread,TIME_STOP,inflation,0.0,0.0,0.46000000000000346,0.4588298201560974,0.45941491007805046,0.0,True
kxcacpiyoy26apr20t26-0x29c639f7,KXCACPIYOY-26APR20-T2.6,short_spread,TIME_STOP,inflation,-0.007000000000000006,0.007000000000000006,0.32900000000000057,0.33519962430000305,0.33209981215000184,0.007000000000000006,True
kxcacpiyoy26apr20t22-0x1f61db83,KXCACPIYOY-26APR20-T2.2,short_spread,TIME_STOP,inflation,0.0,0.0,0.3999999999999994,0.40071478486061096,0.4003573924303052,0.0,True
kxcacpiyoy26apr20t22-0x29c639f7,KXCACPIYOY-26APR20-T2.2,short_spread,TIME_STOP,inflation,-0.007000000000000117,0.007000000000000117,0.7240000000000003,0.7239280939102173,0.7239640469551087,0.007000000000000117,True
kxcacpiyoy26apr20t25-0x29c639f7,KXCACPIYOY-26APR20-T2.5,short_spread,TIME_STOP,inflation,-0.007000000000000006,0.007000000000000006,0.4689999999999999,0.4670150578022003,0.4680075289011001,0.007000000000000006,True
kxcacpiyoy26apr20t21-0x1f61db83,KXCACPIYOY-26APR20-T2.1,short_spread,TIME_STOP,inflation,0.0,0.0,0.4299999999999993,0.42784109711647034,0.4289205485582348,0.0,True
kxtruthsocial26apr18b210-0x8cec42fa,KXTRUTHSOCIAL-26APR18-B210,long_spread,TIME_STOP,other,0.019999999999999907,-0.019999999999999907,-0.6650000000000114,-0.6667993664741516,-0.6658996832370815,0.019999999999999907,True
kxtruthsocial26apr18t220-0x8cec42fa,KXTRUTHSOCIAL-26APR18-T220,long_spread,TIME_STOP,other,0.019999999999999907,-0.019999999999999907,-0.6550000000000152,-0.6481198668479919,-0.6515599334240036,0.019999999999999907,True
kxcacpiyoy26apr20t24-0x29c639f7,KXCACPIYOY-26APR20-T2.4,short_spread,TIME_STOP,inflation,-0.006999999999999895,0.006999999999999895,0.584,0.5836780667304993,0.5838390333652497,0.006999999999999895,True
kxtruthsocial26apr18b129-0x8cec42fa,KXTRUTHSOCIAL-26APR18-B129,long_spread,TIME_STOP,other,0.019999999999999907,-0.019999999999999907,-0.3350000000000053,-0.33387479186058044,-0.33443739593029287,0.019999999999999907,True
kxtruthsocial26apr18b149-0x8cec42fa,KXTRUTHSOCIAL-26APR18-B149,long_spread,TIME_STOP,other,0.019999999999999907,-0.019999999999999907,-0.4050000000000065,-0.41437774896621704,-0.40968887448311175,0.019999999999999907,True
kxcacpiyoy26apr20t2-0x29c639f7,KXCACPIYOY-26APR20-T2,short_spread,TIME_STOP,inflation,-0.006999999999999895,0.006999999999999895,0.7840000000000044,0.7859881520271301,0.7849940760135672,0.006999999999999895,True
kxcacpiyoy26apr20t18-0x29c639f7,KXCACPIYOY-26APR20-T1.8,short_spread,TIME_STOP,inflation,-0.006999999999999895,0.006999999999999895,0.7840000000000044,0.7859881520271301,0.7849940760135672,0.006999999999999895,True
kxukcpiyoy26apr22t35-0xbef75184,KXUKCPIYOY-26APR22-T3.5,long_spread,TIME_STOP,inflation,-0.004999999999999893,0.004999999999999893,-0.5900000000000098,-0.5896109342575073,-0.5898054671287586,-0.004999999999999893,True
kxtruthsocial26apr18b169-0x8cec42fa,KXTRUTHSOCIAL-26APR18-B169,long_spread,TIME_STOP,other,0.019999999999999907,-0.019999999999999907,-0.6150000000000027,-0.6375921368598938,-0.6262960684299482,0.019999999999999907,True
kxcacpiyoy26apr20t21-0x29c639f7,KXCACPIYOY-26APR20-T2.1,short_spread,TIME_STOP,inflation,-0.007000000000000117,0.007000000000000117,0.7540000000000001,0.7536942958831787,0.7538471479415894,0.007000000000000117,True
kxcacpiyoy26apr20t19-0x29c639f7,KXCACPIYOY-26APR20-T1.9,short_spread,TIME_STOP,inflation,-0.006999999999999895,0.006999999999999895,0.7840000000000044,0.7859881520271301,0.7849940760135672,0.006999999999999895,True
kxukcpiyoy26apr22t3-0x1f61db83,KXUKCPIYOY-26APR22-T3,short_spread,TIME_STOP,inflation,0.0,0.0,0.3449999999999835,0.33995676040649414,0.34247838020323884,0.0,True
kxmusknw26apr30t640-0x9218565b,KXMUSKNW-26APR30-T640,short_spread,TIME_STOP,other,0.010000000000000009,-0.010000000000000009,0.42999999999999566,0.4286370277404785,0.4293185138702371,-0.010000000000000009,True
kxkatzout26jan0127jan01-0xb25a93dc,KXKATZOUT-26JAN01-27JAN01,short_spread,RESOLUTION_EXIT,other,0.0,0.0,0.43300000000000355,0.43367868661880493,0.43333934330940427,0.0,True
kxvotehubtrumpupdown26apr16-0xd2e96e78,KXVOTEHUBTRUMPUPDOWN-26APR16,long_spread,RESOLUTION_EXIT,other,0.0,0.0,-0.33000000000000324,-0.32582688331604004,-0.3279134416580216,0.0,True
kxtechlayoff26mar20-0x74f19011,KXTECHLAYOFF-26MAR-2.0,long_spread,RESOLUTION_EXIT,other,0.0,0.0,-0.5499999999999962,-0.5555614233016968,-0.5527807116508465,0.0,True
kxkatzout26jan0127jan01-0xb25a93dc,KXKATZOUT-26JAN01-27JAN01,short_spread,RESOLUTION_EXIT,other,0.0,0.0,0.433000000000005,0.43367868661880493,0.43333934330940493,0.0,True
kxtechlayoff26mar20-0x74f19011,KXTECHLAYOFF-26MAR-2.0,long_spread,RESOLUTION_EXIT,other,0.0,0.0,-0.5499999999999962,-0.5555614233016968,-0.5527807116508465,0.0,True
kxvotehubtrumpupdown26apr16-0xd2e96e78,KXVOTEHUBTRUMPUPDOWN-26APR16,long_spread,RESOLUTION_EXIT,other,0.0,0.0,-0.33000000000001006,-0.32582688331604004,-0.32791344165802505,0.0,True
kxukcpiyoy26apr22t4-0x1f61db83,KXUKCPIYOY-26APR22-T4,long_spread,TIME_STOP,inflation,0.0,0.0,-0.41500000000001025,-0.41471150517463684,-0.41485575258732355,0.0,True
kxvisitvenezuela26may01nmadn-0x67f3f8d0,KXVISITVENEZUELA-26MAY01-NMADN,long_spread,MOMENTUM,politics_policy,-0.009000000000000008,0.009000000000000008,-0.3680000000000057,-0.3564695715904236,-0.3622347857952146,-0.009000000000000008,True
kxtechlayoff26mar20-0x74f19011,KXTECHLAYOFF-26MAR-2.0,long_spread,RESOLUTION_EXIT,other,0.0,0.0,-0.5500000000000057,-0.5555614233016968,-0.5527807116508512,0.0,True
kxvotehubtrumpupdown26apr16-0xd2e96e78,KXVOTEHUBTRUMPUPDOWN-26APR16,long_spread,RESOLUTION_EXIT,other,0.0,0.0,-0.33000000000000057,-0.32582688331604004,-0.3279134416580203,0.0,True
kxkatzout26jan0127jan01-0xb25a93dc,KXKATZOUT-26JAN01-27JAN01,short_spread,RESOLUTION_EXIT,other,0.0,0.0,0.4329999999999999,0.43367868661880493,0.4333393433094024,0.0,True
kxkatzout26jan0127jan01-0xb25a93dc,KXKATZOUT-26JAN01-27JAN01,short_spread,RESOLUTION_EXIT,other,0.0,0.0,0.433,0.43367868661880493,0.4333393433094025,0.0,True
kxtechlayoff26mar20-0x74f19011,KXTECHLAYOFF-26MAR-2.0,long_spread,RESOLUTION_EXIT,other,0.0,0.0,-0.5500000000000057,-0.5555614233016968,-0.5527807116508512,0.0,True
kxvotehubtrumpupdown26apr16-0xd2e96e78,KXVOTEHUBTRUMPUPDOWN-26APR16,long_spread,RESOLUTION_EXIT,other,0.0,0.0,-0.32999999999999785,-0.32600969076156616,-0.328004845380782,0.0,True
kxtruthsocial26apr18b210-0x8cec42fa,KXTRUTHSOCIAL-26APR18-B210,long_spread,TIME_STOP,other,0.015000000000000013,-0.015000000000000013,-0.6800000000000116,-0.6684998273849487,-0.6742499136924802,0.015000000000000013,True
kxcacpiyoy26apr20t26-0x29c639f7,KXCACPIYOY-26APR20-T2.6,short_spread,TIME_STOP,inflation,0.021999999999999964,-0.021999999999999964,0.35100000000000015,0.3577902019023895,0.35439510095119486,-0.021999999999999964,True
kxtruthsocial26apr18b189-0x8cec42fa,KXTRUTHSOCIAL-26APR18-B189,long_spread,TIME_STOP,other,0.015000000000000013,-0.015000000000000013,-0.6600000000000041,-0.6644707322120667,-0.6622353661060354,0.015000000000000013,True
kxcacpiyoy26apr20t21-0x29c639f7,KXCACPIYOY-26APR20-T2.1,short_spread,TIME_STOP,inflation,0.02200000000000002,-0.02200000000000002,0.7759999999999997,0.7771813869476318,0.7765906934738158,-0.02200000000000002,True
kxukcpiyoy26apr22t35-0xbef75184,KXUKCPIYOY-26APR22-T3.5,long_spread,TIME_STOP,inflation,0.0,0.0,-0.5900000000000098,-0.5896109342575073,-0.5898054671287586,0.0,True
kxcacpiyoy26apr20t2-0x29c639f7,KXCACPIYOY-26APR20-T2,short_spread,TIME_STOP,inflation,0.02199999999999991,-0.02199999999999991,0.8060000000000003,0.8066341280937195,0.8063170640468599,-0.02199999999999991,True
kxtruthsocial26apr18b169-0x8cec42fa,KXTRUTHSOCIAL-26APR18-B169,long_spread,TIME_STOP,other,0.015000000000000013,-0.015000000000000013,-0.6300000000000058,-0.638472318649292,-0.6342361593246488,0.015000000000000013,True
kxcacpiyoy26apr20t22-0x1f61db83,KXCACPIYOY-26APR20-T2.2,short_spread,TIME_STOP,inflation,0.0,0.0,0.3999999999999992,0.40071478486061096,0.4003573924303051,0.0,True
kxukcpiyoy26apr22t3-0x1f61db83,KXUKCPIYOY-26APR22-T3,short_spread,TIME_STOP,inflation,0.0,0.0,0.3449999999999835,0.33995676040649414,0.34247838020323884,0.0,True
kxcacpiyoy26apr20t18-0x29c639f7,KXCACPIYOY-26APR20-T1.8,short_spread,TIME_STOP,inflation,0.02199999999999991,-0.02199999999999991,0.8060000000000044,0.8066341280937195,0.806317064046862,-0.02199999999999991,True
kxcacpiyoy26apr20t24-0x29c639f7,KXCACPIYOY-26APR20-T2.4,short_spread,TIME_STOP,inflation,0.02199999999999991,-0.02199999999999991,0.6059999999999993,0.609549343585968,0.6077746717929837,-0.02199999999999991,True
kxcacpiyoy26apr20t3-0x1f61db83,KXCACPIYOY-26APR20-T3,long_spread,TIME_STOP,inflation,0.0,0.0,-0.4399999999999979,-0.43632182478904724,-0.4381609123945226,0.0,True
kxcacpiyoy26apr20t32-0x1f61db83,KXCACPIYOY-26APR20-T3.2,long_spread,TIME_STOP,inflation,0.0,0.0,-0.48000000000000004,-0.4777158498764038,-0.4788579249382019,0.0,True
kxcacpiyoy26apr20t19-0x29c639f7,KXCACPIYOY-26APR20-T1.9,short_spread,TIME_STOP,inflation,0.02199999999999991,-0.02199999999999991,0.8059999999999997,0.8066341280937195,0.8063170640468595,-0.02199999999999991,True
kxcacpiyoy26apr20t25-0x29c639f7,KXCACPIYOY-26APR20-T2.5,short_spread,TIME_STOP,inflation,0.02700000000000008,-0.02700000000000008,0.4959999999999996,0.48989591002464294,0.49294795501232125,-0.02700000000000008,True
kxcacpiyoy26apr20t22-0x29c639f7,KXCACPIYOY-26APR20-T2.2,short_spread,TIME_STOP,inflation,0.02200000000000002,-0.02200000000000002,0.7459999999999998,0.7465099692344666,0.7462549846172332,-0.02200000000000002,True
kxtruthsocial26apr18t220-0x8cec42fa,KXTRUTHSOCIAL-26APR18-T220,long_spread,TIME_STOP,other,0.015000000000000013,-0.015000000000000013,-0.6700000000000154,-0.6641258001327515,-0.6670629000663835,0.015000000000000013,True
kxcacpiyoy26apr20t31-0x1f61db83,KXCACPIYOY-26APR20-T3.1,long_spread,TIME_STOP,inflation,0.0,0.0,-0.4599999999999995,-0.46056169271469116,-0.46028084635734534,0.0,True
kxcacpiyoy26apr20t2-0x1f61db83,KXCACPIYOY-26APR20-T2,short_spread,TIME_STOP,inflation,0.0,0.0,0.45999999999999946,0.4588298201560974,0.45941491007804847,0.0,True
kxcacpiyoy26apr20t21-0x1f61db83,KXCACPIYOY-26APR20-T2.1,short_spread,TIME_STOP,inflation,0.0,0.0,0.42999999999999944,0.42784109711647034,0.4289205485582349,0.0,True
kxcacpiyoy26apr20t23-0x29c639f7,KXCACPIYOY-26APR20-T2.3,short_spread,TIME_STOP,inflation,0.02200000000000002,-0.02200000000000002,0.6509999999999994,0.6545616984367371,0.6527808492183682,-0.02200000000000002,True
kxtruthsocial26apr18b149-0x8cec42fa,KXTRUTHSOCIAL-26APR18-B149,long_spread,TIME_STOP,other,0.015000000000000013,-0.015000000000000013,-0.4200000000000066,-0.4177097678184509,-0.41885488390922876,0.015000000000000013,True
kxtruthsocial26apr18b129-0x8cec42fa,KXTRUTHSOCIAL-26APR18-B129,long_spread,TIME_STOP,other,0.010000000000000009,-0.010000000000000009,-0.3450000000000036,-0.34487468004226685,-0.3449373400211352,0.010000000000000009,True
kxcacpiyoy26apr20t23-0x1f61db83,KXCACPIYOY-26APR20-T2.3,short_spread,TIME_STOP,inflation,0.0,0.0,0.30499999999999833,0.31391945481300354,0.30945972740650096,0.0,True
kxvotehubtrumpupdown26apr16-0xd2e96e78,KXVOTEHUBTRUMPUPDOWN-26APR16,long_spread,RESOLUTION_EXIT,other,0.0,0.0,-0.3300000000000007,-0.32582688331604004,-0.3279134416580204,0.0,True
kxtechlayoff26mar20-0x74f19011,KXTECHLAYOFF-26MAR-2.0,long_spread,RESOLUTION_EXIT,other,0.0,0.0,-0.5500000000000055,-0.5555614233016968,-0.5527807116508512,0.0,True
kxkatzout26jan0127jan01-0xb25a93dc,KXKATZOUT-26JAN01-27JAN01,short_spread,RESOLUTION_EXIT,other,0.0,0.0,0.4330000000000001,0.43367868661880493,0.4333393433094025,0.0,True
kxukcpiyoy26apr22t4-0x1f61db83,KXUKCPIYOY-26APR22-T4,long_spread,TIME_STOP,inflation,0.0,0.0,-0.41500000000000853,-0.41471150517463684,-0.41485575258732266,0.0,True
kxdegdpyoyf26apr30t0-0xb0c7a573,KXDEGDPYOYF-26APR30-T0,short_spread,MOMENTUM,gdp,-0.008000000000000007,0.008000000000000007,0.6140000000000009,0.6097245812416077,0.6118622906208042,0.008000000000000007,True
kxdegdpyoyf26apr30t02-0xb0c7a573,KXDEGDPYOYF-26APR30-T0.2,short_spread,MOMENTUM,gdp,-0.008000000000000007,0.008000000000000007,0.5439999999999966,0.5429394245147705,0.5434697122573835,0.008000000000000007,True
kxdegdpyoyf26apr30t01-0xb0c7a573,KXDEGDPYOYF-26APR30-T0.1,short_spread,MOMENTUM,gdp,-0.008000000000000007,0.008000000000000007,0.5739999999999984,0.5688044428825378,0.5714022214412682,0.008000000000000007,True
kxdegdpyoyf26apr30t03-0xb0c7a573,KXDEGDPYOYF-26APR30-T0.3,short_spread,MOMENTUM,gdp,-0.013000000000000123,0.013000000000000123,0.378999999999996,0.37646302580833435,0.3777315129041652,0.013000000000000123,True
kxmusknw26apr30t600-0xa4e4a9dc,KXMUSKNW-26APR30-T600,short_spread,TIME_STOP,other,-0.029999999999999916,0.029999999999999916,0.814999999999998,0.8190116882324219,0.8170058441162099,0.029999999999999916,True
kxpayrolls26aprt50000-0x73f2be73,KXPAYROLLS-26APR-T50000,short_spread,TIME_STOP,other,0.0050000000000000044,-0.0050000000000000044,0.4750000000000048,0.4751940667629242,0.4750970333814645,-0.0050000000000000044,True
kxpayrolls26aprt20000-0x73f2be73,KXPAYROLLS-26APR-T20000,short_spread,TIME_STOP,other,0.0,0.0,0.6150000000000038,0.6171998381614685,0.6160999190807361,0.0,True
kxpayrolls26aprt25000-0x73f2be73,KXPAYROLLS-26APR-T-25000,short_spread,TIME_STOP,other,0.0050000000000000044,-0.0050000000000000044,0.7850000000000038,0.7864603996276855,0.7857301998138446,-0.0050000000000000044,True
kxgdp26apr30t10-0xbf7d903a,KXGDP-26APR30-T1.0,short_spread,TIME_STOP,gdp,0.0,0.0,0.7149999999999987,0.7130736112594604,0.7140368056297296,0.0,True
kxfed26aprt375-0xf88da08f,KXFED-26APR-T3.75,long_spread,TIME_STOP,fed_rates,0.010000000000000009,-0.010000000000000009,-0.3029999999999954,-0.29892581701278687,-0.3009629085063911,0.010000000000000009,True
kxezgdpyoyf26apr30t04-0xbf7d903a,KXEZGDPYOYF-26APR30-T0.4,short_spread,TIME_STOP,other,0.0,0.0,0.7244999999999978,0.7241344451904297,0.7243172225952137,0.0,True
kxpayrolls26aprt40000-0x73f2be73,KXPAYROLLS-26APR-T40000,short_spread,TIME_STOP,other,0.0,0.0,0.4900000000000048,0.4900568425655365,0.4900284212827707,0.0,True
kxpayrolls26aprt30000-0x73f2be73,KXPAYROLLS-26APR-T30000,short_spread,TIME_STOP,other,0.015000000000000013,-0.015000000000000013,0.5550000000000047,0.5565448999404907,0.5557724499702477,-0.015000000000000013,True
kxpayrolls26aprt70000-0x73f2be73,KXPAYROLLS-26APR-T70000,short_spread,TIME_STOP,other,0.0,0.0,0.36500000000000465,0.36757370829582214,0.3662868541479134,0.0,True
kxezgdpyoyf26apr30t02-0xbf7d903a,KXEZGDPYOYF-26APR30-T0.2,short_spread,TIME_STOP,other,0.0,0.0,0.789499999999997,0.7863724231719971,0.787936211585997,0.0,True
kxpayrolls26aprt60000-0x73f2be73,KXPAYROLLS-26APR-T60000,short_spread,TIME_STOP,other,0.010000000000000009,-0.010000000000000009,0.4350000000000047,0.4339577555656433,0.434478877782824,-0.010000000000000009,True
kxtechlayoff26mar20-0x74f19011,KXTECHLAYOFF-26MAR-2.0,long_spread,RESOLUTION_EXIT,other,0.0,0.0,-0.5499999999999962,-0.5555614233016968,-0.5527807116508465,0.0,True
kxkatzout26jan0127jan01-0xb25a93dc,KXKATZOUT-26JAN01-27JAN01,short_spread,RESOLUTION_EXIT,other,0.0,0.0,0.433000000000005,0.43367868661880493,0.43333934330940493,0.0,True
kxvotehubtrumpupdown26apr16-0xd2e96e78,KXVOTEHUBTRUMPUPDOWN-26APR16,long_spread,RESOLUTION_EXIT,other,0.0050000000000000044,-0.0050000000000000044,-0.33500000000000985,-0.32582688331604004,-0.33041344165802494,0.0050000000000000044,True
kxtechlayoff26mar20-0x74f19011,KXTECHLAYOFF-26MAR-2.0,long_spread,RESOLUTION_EXIT,other,0.0,0.0,-0.5500000000000059,-0.5555614233016968,-0.5527807116508514,0.0,True
kxvotehubtrumpupdown26apr16-0xd2e96e78,KXVOTEHUBTRUMPUPDOWN-26APR16,long_spread,RESOLUTION_EXIT,other,-0.0050000000000000044,0.0050000000000000044,-0.3300000000000008,-0.32582688331604004,-0.3279134416580204,-0.0050000000000000044,True
kxkatzout26jan0127jan01-0xb25a93dc,KXKATZOUT-26JAN01-27JAN01,short_spread,RESOLUTION_EXIT,other,0.0,0.0,0.4329999999999994,0.43367868661880493,0.43333934330940216,0.0,True
kxcacpiyoy26apr20t2-0x29c639f7,KXCACPIYOY-26APR20-T2,short_spread,TIME_STOP,inflation,-0.03249999999999997,0.03249999999999997,0.7735000000000004,0.7775272130966187,0.7755136065483095,0.03249999999999997,True
kxtruthsocial26apr18t220-0x8cec42fa,KXTRUTHSOCIAL-26APR18-T220,long_spread,TIME_STOP,other,0.0050000000000000044,-0.0050000000000000044,-0.6750000000000154,-0.6641258001327515,-0.6695629000663834,0.0050000000000000044,True
kxcacpiyoy26apr20t3-0x1f61db83,KXCACPIYOY-26APR20-T3,long_spread,TIME_STOP,inflation,0.0,0.0,-0.43999999999999756,-0.43632182478904724,-0.4381609123945224,0.0,True
kxcacpiyoy26apr20t26-0x29c639f7,KXCACPIYOY-26APR20-T2.6,short_spread,TIME_STOP,inflation,-0.03249999999999997,0.03249999999999997,0.3185000000000007,0.3220268487930298,0.32026342439651523,0.03249999999999997,True
kxukcpiyoy26apr22t35-0xbef75184,KXUKCPIYOY-26APR22-T3.5,long_spread,TIME_STOP,inflation,0.0,0.0,-0.5900000000000103,-0.5896109342575073,-0.5898054671287588,0.0,True
kxcacpiyoy26apr20t19-0x29c639f7,KXCACPIYOY-26APR20-T1.9,short_spread,TIME_STOP,inflation,-0.03249999999999997,0.03249999999999997,0.7734999999999995,0.7775272130966187,0.775513606548309,0.03249999999999997,True
kxcacpiyoy26apr20t32-0x1f61db83,KXCACPIYOY-26APR20-T3.2,long_spread,TIME_STOP,inflation,0.0,0.0,-0.47999999999999937,-0.47789865732192993,-0.4789493286609646,0.0,True
kxcacpiyoy26apr20t21-0x29c639f7,KXCACPIYOY-26APR20-T2.1,short_spread,TIME_STOP,inflation,-0.03249999999999997,0.03249999999999997,0.7434999999999999,0.7458637952804565,0.7446818976402283,0.03249999999999997,True
kxtruthsocial26apr18b189-0x8cec42fa,KXTRUTHSOCIAL-26APR18-B189,long_spread,TIME_STOP,other,0.0050000000000000044,-0.0050000000000000044,-0.6650000000000041,-0.6644707322120667,-0.6647353661060353,0.0050000000000000044,True
kxcacpiyoy26apr20t2-0x1f61db83,KXCACPIYOY-26APR20-T2,short_spread,TIME_STOP,inflation,0.0,0.0,0.45999999999999935,0.4588298201560974,0.45941491007804836,0.0,True
kxcacpiyoy26apr20t23-0x29c639f7,KXCACPIYOY-26APR20-T2.3,short_spread,TIME_STOP,inflation,-0.03249999999999997,0.03249999999999997,0.6185000000000002,0.6169530153274536,0.6177265076637268,0.03249999999999997,True
kxcacpiyoy26apr20t25-0x29c639f7,KXCACPIYOY-26APR20-T2.5,short_spread,TIME_STOP,inflation,-0.03249999999999997,0.03249999999999997,0.4635000000000004,0.4670150578022003,0.4652575289011004,0.03249999999999997,True
kxukcpiyoy26apr22t3-0x1f61db83,KXUKCPIYOY-26APR22-T3,short_spread,TIME_STOP,inflation,0.0,0.0,0.3449999999999838,0.33995676040649414,0.34247838020323895,0.0,True
kxtruthsocial26apr18b149-0x8cec42fa,KXTRUTHSOCIAL-26APR18-B149,long_spread,TIME_STOP,other,0.0050000000000000044,-0.0050000000000000044,-0.42500000000000676,-0.4310208857059479,-0.4280104428529773,0.0050000000000000044,True
kxcacpiyoy26apr20t31-0x1f61db83,KXCACPIYOY-26APR20-T3.1,long_spread,TIME_STOP,inflation,0.0,0.0,-0.45999999999999885,-0.4611300826072693,-0.46056504130363407,0.0,True
kxcacpiyoy26apr20t18-0x29c639f7,KXCACPIYOY-26APR20-T1.8,short_spread,TIME_STOP,inflation,-0.03249999999999997,0.03249999999999997,0.7735000000000044,0.7775272130966187,0.7755136065483115,0.03249999999999997,True
kxcacpiyoy26apr20t22-0x29c639f7,KXCACPIYOY-26APR20-T2.2,short_spread,TIME_STOP,inflation,-0.03249999999999997,0.03249999999999997,0.7135000000000006,0.7133233547210693,0.713411677360535,0.03249999999999997,True
kxtruthsocial26apr18b169-0x8cec42fa,KXTRUTHSOCIAL-26APR18-B169,long_spread,TIME_STOP,other,0.0050000000000000044,-0.0050000000000000044,-0.6350000000000057,-0.638472318649292,-0.6367361593246488,0.0050000000000000044,True
kxtruthsocial26apr18b210-0x8cec42fa,KXTRUTHSOCIAL-26APR18-B210,long_spread,TIME_STOP,other,0.0050000000000000044,-0.0050000000000000044,-0.6850000000000114,-0.6684998273849487,-0.67674991369248,0.0050000000000000044,True
kxcacpiyoy26apr20t24-0x29c639f7,KXCACPIYOY-26APR20-T2.4,short_spread,TIME_STOP,inflation,-0.03249999999999997,0.03249999999999997,0.5735000000000001,0.5683221220970154,0.5709110610485078,0.03249999999999997,True
kxcacpiyoy26apr20t23-0x1f61db83,KXCACPIYOY-26APR20-T2.3,short_spread,TIME_STOP,inflation,0.0,0.0,0.3049999999999992,0.31391945481300354,0.3094597274065014,0.0,True
kxcacpiyoy26apr20t22-0x1f61db83,KXCACPIYOY-26APR20-T2.2,short_spread,TIME_STOP,inflation,0.0,0.0,0.39999999999999986,0.40071478486061096,0.40035739243030544,0.0,True
kxcacpiyoy26apr20t21-0x1f61db83,KXCACPIYOY-26APR20-T2.1,short_spread,TIME_STOP,inflation,0.0,0.0,0.42999999999999977,0.42784109711647034,0.428920548558235,0.0,True
kxtruthsocial26apr18b129-0x8cec42fa,KXTRUTHSOCIAL-26APR18-B129,long_spread,TIME_STOP,other,0.0050000000000000044,-0.0050000000000000044,-0.3500000000000039,-0.35974663496017456,-0.3548733174800892,0.0050000000000000044,True
kxvotehubtrumpupdown26apr16-0xd2e96e78,KXVOTEHUBTRUMPUPDOWN-26APR16,long_spread,RESOLUTION_EXIT,other,0.0,0.0,-0.3300000000000094,-0.32582688331604004,-0.3279134416580247,0.0,True
kxkatzout26jan0127jan01-0xb25a93dc,KXKATZOUT-26JAN01-27JAN01,short_spread,RESOLUTION_EXIT,other,0.0,0.0,0.4329999999999994,0.43367868661880493,0.43333934330940216,0.0,True
kxtechlayoff26mar20-0x74f19011,KXTECHLAYOFF-26MAR-2.0,long_spread,RESOLUTION_EXIT,other,0.0,0.0,-0.5500000000000059,-0.5555614233016968,-0.5527807116508514,0.0,True
kxukcpiyoy26apr22t4-0x1f61db83,KXUKCPIYOY-26APR22-T4,long_spread,TIME_STOP,inflation,0.0,0.0,-0.41500000000000853,-0.41471150517463684,-0.41485575258732266,0.0,True
kxhegsethannounceout26aprmay01-0x0fcfcfc3,KXHEGSETHANNOUNCEOUT-26APR-MAY01,long_spread,TIME_STOP,other,0.04500000000000004,-0.04500000000000004,-0.4049999999999982,-0.4036571979522705,-0.4043285989761344,0.04500000000000004,True
kxcpiyoy26aprt42-0x1f61db83,KXCPIYOY-26APR-T4.2,long_spread,TIME_STOP,inflation,0.040000000000000036,-0.040000000000000036,-0.5049999999999971,-0.5028668642044067,-0.503933432102202,0.040000000000000036,True
kxmusknw26apr30t610-0x0f8ff5a3,KXMUSKNW-26APR30-T610,short_spread,TIME_STOP,other,-0.0050000000000000044,0.0050000000000000044,0.7050000000000048,0.6997194886207581,0.7023597443103815,0.0050000000000000044,True
kxcpiyoy26aprt44-0x1f61db83,KXCPIYOY-26APR-T4.4,long_spread,TIME_STOP,inflation,0.0,0.0,-0.4949999999999968,-0.49448296427726746,-0.4947414821386321,0.0,True
kxlutnickout26may01-0x7978663d,KXLUTNICKOUT-26MAY01,long_spread,TIME_STOP,other,-0.020499999999999963,0.020499999999999963,-0.4550000000000049,-0.45353734493255615,-0.45426867246628055,-0.020499999999999963,True
kxhegsethout26aprmay01-0x0fcfcfc3,KXHEGSETHOUT-26APR-MAY01,long_spread,TIME_STOP,other,0.04450000000000004,-0.04450000000000004,-0.41799999999999565,-0.4143613576889038,-0.41618067884444976,0.04450000000000004,True
kxtechlayoff26mar20-0x74f19011,KXTECHLAYOFF-26MAR-2.0,long_spread,RESOLUTION_EXIT,other,0.0,0.0,-0.5499999999999962,-0.5555614233016968,-0.5527807116508465,0.0,True
kxkatzout26jan0127jan01-0xb25a93dc,KXKATZOUT-26JAN01-27JAN01,short_spread,RESOLUTION_EXIT,other,0.0,0.0,0.433000000000005,0.43367868661880493,0.43333934330940493,0.0,True
kxvotehubtrumpupdown26apr16-0xd2e96e78,KXVOTEHUBTRUMPUPDOWN-26APR16,long_spread,RESOLUTION_EXIT,other,0.0,0.0,-0.3300000000000096,-0.32582688331604004,-0.32791344165802483,0.0,True
kxkatzout26jan0127jan01-0xb25a93dc,KXKATZOUT-26JAN01-27JAN01,short_spread,RESOLUTION_EXIT,other,0.0,0.0,0.43299999999999944,0.43367868661880493,0.43333934330940216,0.0,True
kxtechlayoff26mar20-0x74f19011,KXTECHLAYOFF-26MAR-2.0,long_spread,RESOLUTION_EXIT,other,0.0,0.0,-0.5500000000000057,-0.5555614233016968,-0.5527807116508512,0.0,True
kxvotehubtrumpupdown26apr16-0xd2e96e78,KXVOTEHUBTRUMPUPDOWN-26APR16,long_spread,RESOLUTION_EXIT,other,0.0,0.0,-0.33000000000000945,-0.32582688331604004,-0.3279134416580247,0.0,True
kxcacpiyoy26apr20t22-0x29c639f7,KXCACPIYOY-26APR20-T2.2,short_spread,TIME_STOP,inflation,0.03249999999999997,-0.03249999999999997,0.7459999999999998,0.7465099692344666,0.7462549846172332,-0.03249999999999997,True
kxcacpiyoy26apr20t22-0x1f61db83,KXCACPIYOY-26APR20-T2.2,short_spread,TIME_STOP,inflation,0.0,0.0,0.3999999999999992,0.40071478486061096,0.4003573924303051,0.0,True
kxcacpiyoy26apr20t2-0x1f61db83,KXCACPIYOY-26APR20-T2,short_spread,TIME_STOP,inflation,0.0,0.0,0.4599999999999996,0.4588298201560974,0.45941491007804847,0.0,True
kxcacpiyoy26apr20t2-0x29c639f7,KXCACPIYOY-26APR20-T2,short_spread,TIME_STOP,inflation,0.03249999999999997,-0.03249999999999997,0.8060000000000004,0.8066341280937195,0.80631706404686,-0.03249999999999997,True
kxcacpiyoy26apr20t24-0x29c639f7,KXCACPIYOY-26APR20-T2.4,short_spread,TIME_STOP,inflation,0.03249999999999997,-0.03249999999999997,0.6059999999999993,0.609549343585968,0.6077746717929837,-0.03249999999999997,True
kxtruthsocial26apr18b129-0x8cec42fa,KXTRUTHSOCIAL-26APR18-B129,long_spread,TIME_STOP,other,0.0050000000000000044,-0.0050000000000000044,-0.3550000000000029,-0.36304935812950134,-0.3590246790647521,0.0050000000000000044,True
kxcacpiyoy26apr20t21-0x29c639f7,KXCACPIYOY-26APR20-T2.1,short_spread,TIME_STOP,inflation,0.03249999999999997,-0.03249999999999997,0.7759999999999997,0.7771813869476318,0.7765906934738158,-0.03249999999999997,True
kxtruthsocial26apr18b149-0x8cec42fa,KXTRUTHSOCIAL-26APR18-B149,long_spread,TIME_STOP,other,0.0050000000000000044,-0.0050000000000000044,-0.43000000000000455,-0.43432357907295227,-0.43216178953647844,0.0050000000000000044,True
kxukcpiyoy26apr22t35-0xbef75184,KXUKCPIYOY-26APR22-T3.5,long_spread,TIME_STOP,inflation,0.0,0.0,-0.5900000000000103,-0.5896109342575073,-0.5898054671287588,0.0,True
kxcacpiyoy26apr20t31-0x1f61db83,KXCACPIYOY-26APR20-T3.1,long_spread,TIME_STOP,inflation,0.0,0.0,-0.4599999999999995,-0.46056169271469116,-0.46028084635734534,0.0,True
kxcacpiyoy26apr20t25-0x29c639f7,KXCACPIYOY-26APR20-T2.5,short_spread,TIME_STOP,inflation,0.03249999999999997,-0.03249999999999997,0.4959999999999996,0.48989591002464294,0.49294795501232125,-0.03249999999999997,True
kxcacpiyoy26apr20t18-0x29c639f7,KXCACPIYOY-26APR20-T1.8,short_spread,TIME_STOP,inflation,0.03249999999999997,-0.03249999999999997,0.8060000000000044,0.8066341280937195,0.806317064046862,-0.03249999999999997,True
kxtruthsocial26apr18b169-0x8cec42fa,KXTRUTHSOCIAL-26APR18-B169,long_spread,TIME_STOP,other,0.0050000000000000044,-0.0050000000000000044,-0.640000000000003,-0.6486406326293945,-0.6443203163146988,0.0050000000000000044,True
kxtruthsocial26apr18b210-0x8cec42fa,KXTRUTHSOCIAL-26APR18-B210,long_spread,TIME_STOP,other,0.0050000000000000044,-0.0050000000000000044,-0.6900000000000114,-0.7018031477928162,-0.6959015738964138,0.0050000000000000044,True
kxtruthsocial26apr18t220-0x8cec42fa,KXTRUTHSOCIAL-26APR18-T220,long_spread,TIME_STOP,other,0.0050000000000000044,-0.0050000000000000044,-0.6800000000000153,-0.6738187074661255,-0.6769093537330704,0.0050000000000000044,True
kxukcpiyoy26apr22t3-0x1f61db83,KXUKCPIYOY-26APR22-T3,short_spread,TIME_STOP,inflation,0.0,0.0,0.3449999999999838,0.33995676040649414,0.34247838020323895,0.0,True
kxtruthsocial26apr18b189-0x8cec42fa,KXTRUTHSOCIAL-26APR18-B189,long_spread,TIME_STOP,other,0.0050000000000000044,-0.0050000000000000044,-0.6700000000000015,-0.6724631190299988,-0.6712315595150001,0.0050000000000000044,True
kxcacpiyoy26apr20t3-0x1f61db83,KXCACPIYOY-26APR20-T3,long_spread,TIME_STOP,inflation,0.0,0.0,-0.4399999999999979,-0.43632182478904724,-0.4381609123945226,0.0,True
kxcacpiyoy26apr20t23-0x1f61db83,KXCACPIYOY-26APR20-T2.3,short_spread,TIME_STOP,inflation,0.0,0.0,0.30499999999999833,0.31391945481300354,0.30945972740650096,0.0,True
kxcacpiyoy26apr20t26-0x29c639f7,KXCACPIYOY-26APR20-T2.6,short_spread,TIME_STOP,inflation,0.03249999999999997,-0.03249999999999997,0.35100000000000015,0.3577902019023895,0.35439510095119486,-0.03249999999999997,True
kxcacpiyoy26apr20t19-0x29c639f7,KXCACPIYOY-26APR20-T1.9,short_spread,TIME_STOP,inflation,0.03249999999999997,-0.03249999999999997,0.8059999999999998,0.8066341280937195,0.8063170640468597,-0.03249999999999997,True
kxcacpiyoy26apr20t23-0x29c639f7,KXCACPIYOY-26APR20-T2.3,short_spread,TIME_STOP,inflation,0.03249999999999997,-0.03249999999999997,0.6509999999999994,0.6545616984367371,0.6527808492183682,-0.03249999999999997,True
kxcacpiyoy26apr20t21-0x1f61db83,KXCACPIYOY-26APR20-T2.1,short_spread,TIME_STOP,inflation,0.0,0.0,0.42999999999999955,0.42784109711647034,0.4289205485582349,0.0,True
kxcacpiyoy26apr20t32-0x1f61db83,KXCACPIYOY-26APR20-T3.2,long_spread,TIME_STOP,inflation,0.0,0.0,-0.48000000000000004,-0.4777158498764038,-0.4788579249382019,0.0,True
kxkatzout26jan0127jan01-0xb25a93dc,KXKATZOUT-26JAN01-27JAN01,short_spread,RESOLUTION_EXIT,other,0.0,0.0,0.43299999999999944,0.43367868661880493,0.43333934330940216,0.0,True
kxvotehubtrumpupdown26apr16-0xd2e96e78,KXVOTEHUBTRUMPUPDOWN-26APR16,long_spread,RESOLUTION_EXIT,other,0.0,0.0,-0.3300000000000094,-0.32582688331604004,-0.3279134416580247,0.0,True
kxtechlayoff26mar20-0x74f19011,KXTECHLAYOFF-26MAR-2.0,long_spread,RESOLUTION_EXIT,other,0.0,0.0,-0.5499999999999962,-0.5555614233016968,-0.5527807116508465,0.0,True
kxukcpiyoy26apr22t4-0x1f61db83,KXUKCPIYOY-26APR22-T4,long_spread,TIME_STOP,inflation,0.0,0.0,-0.4150000000000084,-0.41471150517463684,-0.41485575258732266,0.0,True
kxvisitvenezuela26may01nmadn-0x67f3f8d0,KXVISITVENEZUELA-26MAY01-NMADN,long_spread,MOMENTUM,politics_policy,0.08150000000000002,-0.08150000000000002,-0.48400000000000754,-0.47294875979423523,-0.4784743798971214,0.08150000000000002,True
kxcpiyoy26mayt34-0x1f61db83,KXCPIYOY-26MAY-T3.4,short_spread,TIME_STOP,inflation,0.040000000000000036,-0.040000000000000036,0.32499999999999857,0.3232418894767761,0.3241209447383874,-0.040000000000000036,True
kxcpiyoy26junt30-0x1f61db83,KXCPIYOY-26JUN-T3.0,short_spread,TIME_STOP,inflation,-0.010000000000000009,0.010000000000000009,0.41500000000000353,0.41864222288131714,0.41682111144066036,0.010000000000000009,True
kxcpiyoy26junt31-0x1f61db83,KXCPIYOY-26JUN-T3.1,short_spread,TIME_STOP,inflation,0.0,0.0,0.3950000000000025,0.3962639272212982,0.39563196361065034,0.0,True
kxcpiyoy26mayt30-0x1f61db83,KXCPIYOY-26MAY-T3.0,short_spread,TIME_STOP,inflation,-0.025000000000000022,0.025000000000000022,0.4300000000000019,0.42805489897727966,0.4290274494886408,0.025000000000000022,True
kxcpiyoy26junt33-0x1f61db83,KXCPIYOY-26JUN-T3.3,short_spread,TIME_STOP,inflation,0.04499999999999993,-0.04499999999999993,0.36500000000000127,0.3681207001209259,0.3665603500604636,-0.04499999999999993,True
kxcpiyoy26junt32-0x1f61db83,KXCPIYOY-26JUN-T3.2,short_spread,TIME_STOP,inflation,0.020000000000000018,-0.020000000000000018,0.38500000000000184,0.38765546679496765,0.3863277333974847,-0.020000000000000018,True
kxfed26junt350-0xaf3a3a07,KXFED-26JUN-T3.50,short_spread,TIME_STOP,fed_rates,-0.0050000000000000044,0.0050000000000000044,0.8000000000000039,0.7953917384147644,0.7976958692073841,0.0050000000000000044,True
kxtechlayoff26mar20-0x74f19011,KXTECHLAYOFF-26MAR-2.0,long_spread,RESOLUTION_EXIT,other,0.0050000000000000044,-0.0050000000000000044,-0.5549999999999963,-0.5555614233016968,-0.5552807116508465,0.0050000000000000044,True
kxkatzout26jan0127jan01-0xb25a93dc,KXKATZOUT-26JAN01-27JAN01,short_spread,RESOLUTION_EXIT,other,0.0,0.0,0.433000000000005,0.43367868661880493,0.43333934330940493,0.0,True
kxvotehubtrumpupdown26apr16-0xd2e96e78,KXVOTEHUBTRUMPUPDOWN-26APR16,long_spread,RESOLUTION_EXIT,other,-0.02499999999999991,0.02499999999999991,-0.32500000000001045,-0.32544976472854614,-0.32522488236427827,-0.02499999999999991,True
kxmusknw26apr30t620-0x88b2a7dd,KXMUSKNW-26APR30-T620,short_spread,TIME_STOP,other,0.020000000000000018,-0.020000000000000018,0.4600000000000044,0.45826685428619385,0.4591334271430991,-0.020000000000000018,True
kxgdp26apr30t15-0xbf7d903a,KXGDP-26APR30-T1.5,short_spread,TIME_STOP,gdp,-0.010000000000000009,0.010000000000000009,0.5295000000000046,0.530992865562439,0.5302464327812217,0.010000000000000009,True
kxmusknw26apr30t630-0x88b2a7dd,KXMUSKNW-26APR30-T630,short_spread,TIME_STOP,other,0.015000000000000013,-0.015000000000000013,0.36500000000000427,0.3677489757537842,0.3663744878768942,-0.015000000000000013,True
kxpayrolls26aprt80000-0x73f2be73,KXPAYROLLS-26APR-T80000,short_spread,TIME_STOP,other,-0.034999999999999976,0.034999999999999976,0.3050000000000047,0.3164832293987274,0.31074161469936606,0.034999999999999976,True
kxmusknw26apr30t610-0x88b2a7dd,KXMUSKNW-26APR30-T610,short_spread,TIME_STOP,other,0.010000000000000009,-0.010000000000000009,0.4950000000000045,0.4899420142173767,0.49247100710869063,-0.010000000000000009,True
kxcpiyoy26aprt37-0xbef75184,KXCPIYOY-26APR-T3.7,long_spread,TIME_STOP,inflation,-0.05999999999999994,0.05999999999999994,-0.5849999999999985,-0.5896109342575073,-0.587305467128753,-0.05999999999999994,True
kxgdp26apr30t15-0x88d5a8b1,KXGDP-26APR30-T1.5,short_spread,TIME_STOP,gdp,-0.010000000000000009,0.010000000000000009,0.6030000000000049,0.5990444421768188,0.6010222210884119,0.010000000000000009,True
kxgdp26apr30t20-0x88d5a8b1,KXGDP-26APR30-T2.0,short_spread,TIME_STOP,gdp,0.0030000000000000027,-0.0030000000000000027,0.44350000000000267,0.4447936713695526,0.44414683568477764,-0.0030000000000000027,True
kxmusknw26apr30t600-0x88b2a7dd,KXMUSKNW-26APR30-T600,short_spread,TIME_STOP,other,0.019999999999999796,-0.019999999999999796,0.6100000000000031,0.6099085807800293,0.6099542903900161,-0.019999999999999796,True
kxhegsethannounceout26aprjun01-0x0fcfcfc3,KXHEGSETHANNOUNCEOUT-26APR-JUN01,long_spread,TIME_STOP,other,0.014999999999999958,-0.014999999999999958,-0.2999999999999983,-0.30596041679382324,-0.30298020839691076,0.014999999999999958,True
kxcpiyoy26aprt36-0xbef75184,KXCPIYOY-26APR-T3.6,long_spread,TIME_STOP,inflation,-0.06000000000000005,0.06000000000000005,-0.39999999999999875,-0.4122559428215027,-0.40612797141075074,-0.06000000000000005,True
kxfed26octt350-0xf9ca1f66,KXFED-26OCT-T3.50,short_spread,STOP_LOSS,fed_rates,-0.11849999999999994,0.11849999999999994,0.3905000000000029,0.3871656060218811,0.38883280301094203,0.11849999999999994,True
kxukcpiyoy26apr22t3-0x1f61db83,KXUKCPIYOY-26APR22-T3,short_spread,TIME_STOP,inflation,0.0,0.0,0.34499999999997205,0.33995676040649414,0.34247838020323307,0.0,True
kxukcpiyoy26apr22t35-0xbef75184,KXUKCPIYOY-26APR22-T3.5,long_spread,TIME_STOP,inflation,0.0,0.0,-0.5900000000000216,-0.5896109342575073,-0.5898054671287645,0.0,True
kxtechlayoff26mar20-0x74f19011,KXTECHLAYOFF-26MAR-2.0,long_spread,RESOLUTION_EXIT,other,-0.004999999999999893,0.004999999999999893,-0.5349999999999963,-0.5233573913574219,-0.529178695678709,-0.004999999999999893,True
kxkatzout26jan0127jan01-0xb25a93dc,KXKATZOUT-26JAN01-27JAN01,short_spread,RESOLUTION_EXIT,other,0.0,0.0,0.43300000000000305,0.43367868661880493,0.433339343309404,0.0,True
kxvotehubtrumpupdown26apr16-0xd2e96e78,KXVOTEHUBTRUMPUPDOWN-26APR16,long_spread,RESOLUTION_EXIT,other,-0.004999999999999949,0.004999999999999949,-0.35000000000000314,-0.3480660915374756,-0.3490330457687394,-0.004999999999999949,True
kxcacpiyoy26apr20t21-0x29c639f7,KXCACPIYOY-26APR20-T2.1,short_spread,TIME_STOP,inflation,-0.014500000000000068,0.014500000000000068,0.746,0.7459178566932678,0.7459589283466339,0.014500000000000068,True
kxcacpiyoy26apr20t32-0x1f61db83,KXCACPIYOY-26APR20-T3.2,long_spread,TIME_STOP,inflation,0.0,0.0,-0.47999999999999937,-0.47789865732192993,-0.4789493286609646,0.0,True
kxtruthsocial26apr18b169-0x8cec42fa,KXTRUTHSOCIAL-26APR18-B169,long_spread,TIME_STOP,other,0.015000000000000013,-0.015000000000000013,-0.6500000000000057,-0.6495303511619568,-0.6497651755809812,0.015000000000000013,True
kxcacpiyoy26apr20t21-0x1f61db83,KXCACPIYOY-26APR20-T2.1,short_spread,TIME_STOP,inflation,0.0,0.0,0.42999999999999977,0.42784109711647034,0.428920548558235,0.0,True
kxtruthsocial26apr18t220-0x8cec42fa,KXTRUTHSOCIAL-26APR18-T220,long_spread,TIME_STOP,other,0.015000000000000013,-0.015000000000000013,-0.6900000000000227,-0.6939116716384888,-0.6919558358192557,0.015000000000000013,True
kxcacpiyoy26apr20t26-0x29c639f7,KXCACPIYOY-26APR20-T2.6,short_spread,TIME_STOP,inflation,-0.014500000000000013,0.014500000000000013,0.3210000000000007,0.3220268487930298,0.3215134243965152,0.014500000000000013,True
kxtruthsocial26apr18b129-0x8cec42fa,KXTRUTHSOCIAL-26APR18-B129,long_spread,TIME_STOP,other,0.015000000000000013,-0.015000000000000013,-0.36500000000000365,-0.3711049258708954,-0.3680524629354495,0.015000000000000013,True
kxtruthsocial26apr18b210-0x8cec42fa,KXTRUTHSOCIAL-26APR18-B210,long_spread,TIME_STOP,other,0.015000000000000013,-0.015000000000000013,-0.7000000000000096,-0.7021512389183044,-0.701075619459157,0.015000000000000013,True
kxcacpiyoy26apr20t2-0x1f61db83,KXCACPIYOY-26APR20-T2,short_spread,TIME_STOP,inflation,0.0,0.0,0.45999999999999935,0.4588298201560974,0.45941491007804836,0.0,True
kxcacpiyoy26apr20t19-0x29c639f7,KXCACPIYOY-26APR20-T1.9,short_spread,TIME_STOP,inflation,-0.014499999999999957,0.014499999999999957,0.7759999999999995,0.7775272130966187,0.776763606548309,0.014499999999999957,True
kxcacpiyoy26apr20t22-0x29c639f7,KXCACPIYOY-26APR20-T2.2,short_spread,TIME_STOP,inflation,-0.014500000000000068,0.014500000000000068,0.7160000000000005,0.7133233547210693,0.714661677360535,0.014500000000000068,True
kxtruthsocial26apr18b189-0x8cec42fa,KXTRUTHSOCIAL-26APR18-B189,long_spread,TIME_STOP,other,0.015000000000000013,-0.015000000000000013,-0.6800000000000039,-0.6741635799407959,-0.6770817899703999,0.015000000000000013,True
kxcacpiyoy26apr20t22-0x1f61db83,KXCACPIYOY-26APR20-T2.2,short_spread,TIME_STOP,inflation,0.0,0.0,0.39999999999999986,0.40071478486061096,0.40035739243030544,0.0,True
kxcacpiyoy26apr20t25-0x29c639f7,KXCACPIYOY-26APR20-T2.5,short_spread,TIME_STOP,inflation,-0.009499999999999897,0.009499999999999897,0.46600000000000036,0.4670150578022003,0.46650752890110037,0.009499999999999897,True
kxcacpiyoy26apr20t3-0x1f61db83,KXCACPIYOY-26APR20-T3,long_spread,TIME_STOP,inflation,0.0,0.0,-0.43999999999999767,-0.43632182478904724,-0.4381609123945225,0.0,True
kxcacpiyoy26apr20t18-0x29c639f7,KXCACPIYOY-26APR20-T1.8,short_spread,TIME_STOP,inflation,-0.014499999999999957,0.014499999999999957,0.7760000000000044,0.7775272130966187,0.7767636065483114,0.014499999999999957,True
kxcacpiyoy26apr20t2-0x29c639f7,KXCACPIYOY-26APR20-T2,short_spread,TIME_STOP,inflation,-0.014499999999999957,0.014499999999999957,0.7760000000000004,0.7775272130966187,0.7767636065483094,0.014499999999999957,True
kxtruthsocial26apr18b149-0x8cec42fa,KXTRUTHSOCIAL-26APR18-B149,long_spread,TIME_STOP,other,0.015000000000000013,-0.015000000000000013,-0.44000000000000644,-0.4377729892730713,-0.43888649463653884,0.015000000000000013,True
kxcacpiyoy26apr20t24-0x29c639f7,KXCACPIYOY-26APR20-T2.4,short_spread,TIME_STOP,inflation,-0.014499999999999957,0.014499999999999957,0.5760000000000001,0.5683221220970154,0.5721610610485077,0.014499999999999957,True
kxcacpiyoy26apr20t31-0x1f61db83,KXCACPIYOY-26APR20-T3.1,long_spread,TIME_STOP,inflation,0.0,0.0,-0.45999999999999897,-0.4611300826072693,-0.4605650413036341,0.0,True
kxcacpiyoy26apr20t23-0x1f61db83,KXCACPIYOY-26APR20-T2.3,short_spread,TIME_STOP,inflation,0.0,0.0,0.3049999999999991,0.31391945481300354,0.3094597274065013,0.0,True
kxcacpiyoy26apr20t23-0x29c639f7,KXCACPIYOY-26APR20-T2.3,short_spread,TIME_STOP,inflation,-0.014500000000000068,0.014500000000000068,0.6210000000000001,0.6169530153274536,0.6189765076637268,0.014500000000000068,True
kxtechlayoff26mar20-0x74f19011,KXTECHLAYOFF-26MAR-2.0,long_spread,RESOLUTION_EXIT,other,0.0,0.0,-0.5350000000000036,-0.5233573913574219,-0.5291786956787128,0.0,True
kxkatzout26jan0127jan01-0xb25a93dc,KXKATZOUT-26JAN01-27JAN01,short_spread,RESOLUTION_EXIT,other,-0.0015000000000000013,0.0015000000000000013,0.43149999999999833,0.42865097522735596,0.43007548761367714,0.0015000000000000013,True
kxukcpiyoy26apr22t4-0x1f61db83,KXUKCPIYOY-26APR22-T4,long_spread,TIME_STOP,inflation,0.0,0.0,-0.4150000000000177,-0.41471150517463684,-0.41485575258732726,0.0,True
kxgdp26jul30t15-0x0535dc99,KXGDP-26JUL30-T1.5,short_spread,MOMENTUM,gdp,0.018499999999999905,-0.018499999999999905,0.4705000000000043,0.4670150578022003,0.46875752890110234,-0.018499999999999905,True
kxgdp26jul30t20-0x0535dc99,KXGDP-26JUL30-T2.0,short_spread,MOMENTUM,gdp,-0.016500000000000015,0.016500000000000015,0.3155000000000017,0.3211823105812073,0.31834115529060447,0.016500000000000015,True
kxkatzout26jan0127jan01-0xb25a93dc,KXKATZOUT-26JAN01-27JAN01,short_spread,RESOLUTION_EXIT,other,0.0,0.0,0.431500000000005,0.42865097522735596,0.4300754876136805,0.0,True
kxtechlayoff26mar20-0x74f19011,KXTECHLAYOFF-26MAR-2.0,long_spread,RESOLUTION_EXIT,other,0.004999999999999893,-0.004999999999999893,-0.5399999999999961,-0.5233573913574219,-0.531678695678709,0.004999999999999893,True
kxukcpiyoy26apr22t35-0xbef75184,KXUKCPIYOY-26APR22-T3.5,long_spread,TIME_STOP,inflation,0.0,0.0,-0.590000000000021,-0.5896109342575073,-0.5898054671287641,0.0,True
kxukcpiyoy26apr22t3-0x1f61db83,KXUKCPIYOY-26APR22-T3,short_spread,TIME_STOP,inflation,0.0,0.0,0.3449999999999727,0.33995676040649414,0.3424783802032334,0.0,True
kxmusknw26apr30t640-0xc264391c,KXMUSKNW-26APR30-T640,short_spread,TIME_STOP,other,0.029999999999999916,-0.029999999999999916,0.46000000000000413,0.45838168263435364,0.4591908413171789,-0.029999999999999916,True
kxtechlayoff26mar20-0x74f19011,KXTECHLAYOFF-26MAR-2.0,long_spread,RESOLUTION_EXIT,other,0.0,0.0,-0.5450000000000058,-0.5555614233016968,-0.5502807116508512,0.0,True
kxkatzout26jan0127jan01-0xb25a93dc,KXKATZOUT-26JAN01-27JAN01,short_spread,RESOLUTION_EXIT,other,0.0,0.0,0.4314999999999992,0.42865097522735596,0.4300754876136776,0.0,True
kxtruthsocial26apr18b210-0x8cec42fa,KXTRUTHSOCIAL-26APR18-B210,long_spread,TIME_STOP,other,-0.010000000000000009,0.010000000000000009,-0.6900000000000096,-0.6939116716384888,-0.6919558358192492,-0.010000000000000009,True
kxcacpiyoy26apr20t21-0x1f61db83,KXCACPIYOY-26APR20-T2.1,short_spread,TIME_STOP,inflation,0.0,0.0,0.42999999999999944,0.42784109711647034,0.4289205485582349,0.0,True
kxtruthsocial26apr18t220-0x8cec42fa,KXTRUTHSOCIAL-26APR18-T220,long_spread,TIME_STOP,other,0.0,0.0,-0.6900000000000228,-0.6939116716384888,-0.6919558358192558,0.0,True
kxcacpiyoy26apr20t2-0x1f61db83,KXCACPIYOY-26APR20-T2,short_spread,TIME_STOP,inflation,0.0,0.0,0.4599999999999996,0.4588298201560974,0.45941491007804847,0.0,True
kxcacpiyoy26apr20t25-0x29c639f7,KXCACPIYOY-26APR20-T2.5,short_spread,TIME_STOP,inflation,0.0045000000000000595,-0.0045000000000000595,0.5004999999999995,0.5003479719161987,0.5004239859580991,-0.0045000000000000595,True
kxcacpiyoy26apr20t31-0x1f61db83,KXCACPIYOY-26APR20-T3.1,long_spread,TIME_STOP,inflation,0.0,0.0,-0.45999999999999963,-0.46056169271469116,-0.4602808463573454,0.0,True
kxcacpiyoy26apr20t24-0x29c639f7,KXCACPIYOY-26APR20-T2.4,short_spread,TIME_STOP,inflation,0.0045000000000000595,-0.0045000000000000595,0.6104999999999993,0.6096034049987793,0.6100517024993892,-0.0045000000000000595,True
kxcacpiyoy26apr20t19-0x29c639f7,KXCACPIYOY-26APR20-T1.9,short_spread,TIME_STOP,inflation,0.0045000000000000595,-0.0045000000000000595,0.8104999999999999,0.8066341280937195,0.8085670640468596,-0.0045000000000000595,True
kxcacpiyoy26apr20t23-0x1f61db83,KXCACPIYOY-26APR20-T2.3,short_spread,TIME_STOP,inflation,0.004999999999999893,-0.004999999999999893,0.3099999999999982,0.31391945481300354,0.3119597274065009,-0.004999999999999893,True
kxcacpiyoy26apr20t2-0x29c639f7,KXCACPIYOY-26APR20-T2,short_spread,TIME_STOP,inflation,0.0045000000000000595,-0.0045000000000000595,0.8105000000000003,0.8066341280937195,0.8085670640468599,-0.0045000000000000595,True
kxcacpiyoy26apr20t32-0x1f61db83,KXCACPIYOY-26APR20-T3.2,long_spread,TIME_STOP,inflation,0.0,0.0,-0.48000000000000015,-0.4777158498764038,-0.478857924938202,0.0,True
kxtruthsocial26apr18b169-0x8cec42fa,KXTRUTHSOCIAL-26APR18-B169,long_spread,TIME_STOP,other,-0.010000000000000009,0.010000000000000009,-0.6400000000000057,-0.646871030330658,-0.6434355151653318,-0.010000000000000009,True
kxtruthsocial26apr18b149-0x8cec42fa,KXTRUTHSOCIAL-26APR18-B149,long_spread,TIME_STOP,other,0.0,0.0,-0.44000000000000644,-0.4377729892730713,-0.43888649463653884,0.0,True
kxcacpiyoy26apr20t18-0x29c639f7,KXCACPIYOY-26APR20-T1.8,short_spread,TIME_STOP,inflation,0.0045000000000000595,-0.0045000000000000595,0.8105000000000044,0.8066341280937195,0.808567064046862,-0.0045000000000000595,True
kxtruthsocial26apr18b129-0x8cec42fa,KXTRUTHSOCIAL-26APR18-B129,long_spread,TIME_STOP,other,0.020000000000000018,-0.020000000000000018,-0.3850000000000034,-0.39876407384872437,-0.39188203692436385,0.020000000000000018,True
kxcacpiyoy26apr20t3-0x1f61db83,KXCACPIYOY-26APR20-T3,long_spread,TIME_STOP,inflation,0.0,0.0,-0.439999999999998,-0.43632182478904724,-0.4381609123945226,0.0,True
kxcacpiyoy26apr20t26-0x29c639f7,KXCACPIYOY-26APR20-T2.6,short_spread,TIME_STOP,inflation,0.0045000000000000595,-0.0045000000000000595,0.35550000000000004,0.3577902019023895,0.3566451009511948,-0.0045000000000000595,True
kxcacpiyoy26apr20t23-0x29c639f7,KXCACPIYOY-26APR20-T2.3,short_spread,TIME_STOP,inflation,0.009499999999999953,-0.009499999999999953,0.6604999999999991,0.6545616984367371,0.657530849218368,-0.009499999999999953,True
kxcacpiyoy26apr20t22-0x29c639f7,KXCACPIYOY-26APR20-T2.2,short_spread,TIME_STOP,inflation,0.0045000000000000595,-0.0045000000000000595,0.7504999999999997,0.7465099692344666,0.7485049846172331,-0.0045000000000000595,True
kxcacpiyoy26apr20t22-0x1f61db83,KXCACPIYOY-26APR20-T2.2,short_spread,TIME_STOP,inflation,0.0,0.0,0.3999999999999991,0.40071478486061096,0.400357392430305,0.0,True
kxtruthsocial26apr18b189-0x8cec42fa,KXTRUTHSOCIAL-26APR18-B189,long_spread,TIME_STOP,other,0.0,0.0,-0.6800000000000039,-0.6741635799407959,-0.6770817899703999,0.0,True
kxcacpiyoy26apr20t21-0x29c639f7,KXCACPIYOY-26APR20-T2.1,short_spread,TIME_STOP,inflation,0.0045000000000000595,-0.0045000000000000595,0.7804999999999997,0.7775837182998657,0.7790418591499327,-0.0045000000000000595,True
kxkatzout26jan0127jan01-0xb25a93dc,KXKATZOUT-26JAN01-27JAN01,short_spread,RESOLUTION_EXIT,other,0.0,0.0,0.43149999999999816,0.42865097522735596,0.4300754876136771,0.0,True
kxtechlayoff26mar20-0x74f19011,KXTECHLAYOFF-26MAR-2.0,long_spread,RESOLUTION_EXIT,other,0.0050000000000000044,-0.0050000000000000044,-0.5500000000000035,-0.5555614233016968,-0.5527807116508501,0.0050000000000000044,True
kxukcpiyoy26apr22t4-0x1f61db83,KXUKCPIYOY-26APR22-T4,long_spread,TIME_STOP,inflation,0.0,0.0,-0.4150000000000177,-0.41471150517463684,-0.41485575258732726,0.0,True
kxtechlayoff26mar20-0x74f19011,KXTECHLAYOFF-26MAR-2.0,long_spread,RESOLUTION_EXIT,other,0.0,0.0,-0.5449999999999963,-0.5555614233016968,-0.5502807116508466,0.0,True
kxkatzout26jan0127jan01-0xb25a93dc,KXKATZOUT-26JAN01-27JAN01,short_spread,RESOLUTION_EXIT,other,0.0,0.0,0.431500000000005,0.42865097522735596,0.4300754876136805,0.0,True
kxukcpiyoy26apr22t3-0x1f61db83,KXUKCPIYOY-26APR22-T3,short_spread,TIME_STOP,inflation,0.0,0.0,0.34499999999997705,0.33995676040649414,0.3424783802032356,0.0,True
kxpayrolls26aprt10000-0x73f2be73,KXPAYROLLS-26APR-T10000,short_spread,TIME_STOP,other,-0.0050000000000000044,0.0050000000000000044,0.6650000000000048,0.6544433236122131,0.659721661806109,0.0050000000000000044,True
kxdegdpyoyf26apr30t02-0xb0c7a573,KXDEGDPYOYF-26APR30-T0.2,short_spread,TIME_STOP,gdp,0.010499999999999954,-0.010499999999999954,0.5539999999999968,0.5563706755638123,0.5551853377819045,-0.010499999999999954,True
kxcpiyoy26aprt31-0x1f61db83,KXCPIYOY-26APR-T3.1,short_spread,TIME_STOP,inflation,0.030000000000000027,-0.030000000000000027,0.4750000000000019,0.4757257401943207,0.47536287009716127,-0.030000000000000027,True
kxdegdpyoyf26apr30t05-0x88d5a8b1,KXDEGDPYOYF-26APR30-T0.5,short_spread,TIME_STOP,gdp,0.0,0.0,0.3579999999999967,0.35780414938926697,0.35790207469463187,0.0,True
kxcpiyoy26aprt33-0x1f61db83,KXCPIYOY-26APR-T3.3,short_spread,TIME_STOP,inflation,0.015000000000000013,-0.015000000000000013,0.440000000000003,0.4436476528644562,0.4418238264322296,-0.015000000000000013,True
kxdegdpyoyf26apr30t02-0x88d5a8b1,KXDEGDPYOYF-26APR30-T0.2,short_spread,TIME_STOP,gdp,0.0,0.0,0.7829999999999984,0.7853673100471497,0.784183655023574,0.0,True
kxcpiyoy26aprt32-0x1f61db83,KXCPIYOY-26APR-T3.2,short_spread,TIME_STOP,inflation,0.025000000000000022,-0.025000000000000022,0.46000000000000346,0.4588298201560974,0.45941491007805046,-0.025000000000000022,True
kxdegdpyoyf26apr30t03-0xb0c7a573,KXDEGDPYOYF-26APR30-T0.3,short_spread,TIME_STOP,gdp,0.010499999999999954,-0.010499999999999954,0.3839999999999963,0.37646302580833435,0.38023151290416535,-0.010499999999999954,True
kxdegdpyoyf26apr30t03-0x88d5a8b1,KXDEGDPYOYF-26APR30-T0.3,short_spread,TIME_STOP,gdp,0.0,0.0,0.6129999999999969,0.6095462441444397,0.6112731220722183,0.0,True
kxdegdpyoyf26apr30t0-0xb0c7a573,KXDEGDPYOYF-26APR30-T0,short_spread,TIME_STOP,gdp,0.010499999999999954,-0.010499999999999954,0.6240000000000009,0.6176193356513977,0.6208096678256994,-0.010499999999999954,True
kxdegdpyoyf26apr30t04-0x88d5a8b1,KXDEGDPYOYF-26APR30-T0.4,short_spread,TIME_STOP,gdp,0.0,0.0,0.4779999999999968,0.4762747883796692,0.47713739418983303,0.0,True
kxcpiyoy26aprt34-0x1f61db83,KXCPIYOY-26APR-T3.4,short_spread,TIME_STOP,inflation,0.04999999999999993,-0.04999999999999993,0.440000000000001,0.4436476528644562,0.4418238264322286,-0.04999999999999993,True
kxcpiyoy26aprt30-0x1f61db83,KXCPIYOY-26APR-T3.0,short_spread,TIME_STOP,inflation,0.030000000000000027,-0.030000000000000027,0.464999999999999,0.46762412786483765,0.4663120639324183,-0.030000000000000027,True
kxdegdpyoyf26apr30t01-0xb0c7a573,KXDEGDPYOYF-26APR30-T0.1,short_spread,TIME_STOP,gdp,0.010499999999999954,-0.010499999999999954,0.5839999999999984,0.5841882228851318,0.5840941114425651,-0.010499999999999954,True
kxdegdpyoyf26apr30t01-0x88d5a8b1,KXDEGDPYOYF-26APR30-T0.1,short_spread,TIME_STOP,gdp,0.0,0.0,0.8130000000000004,0.8190208673477173,0.8160104336738588,0.0,True
kxukcpiyoy26apr22t35-0xbef75184,KXUKCPIYOY-26APR22-T3.5,long_spread,TIME_STOP,inflation,-0.0050000000000001155,0.0050000000000001155,-0.5850000000000172,-0.5896109342575073,-0.5873054671287623,-0.0050000000000001155,True
kxgdp26apr30t10-0x88d5a8b1,KXGDP-26APR30-T1.0,short_spread,TIME_STOP,gdp,0.0044999999999999485,-0.0044999999999999485,0.7929999999999993,0.7946387529373169,0.7938193764686581,-0.0044999999999999485,True
kxkatzout26jan0127jan01-0xb25a93dc,KXKATZOUT-26JAN01-27JAN01,short_spread,RESOLUTION_EXIT,other,0.0,0.0,0.43149999999999916,0.42865097522735596,0.43007548761367753,0.0,True
kxtechlayoff26mar20-0x74f19011,KXTECHLAYOFF-26MAR-2.0,long_spread,RESOLUTION_EXIT,other,0.0050000000000000044,-0.0050000000000000044,-0.5500000000000057,-0.5555614233016968,-0.5527807116508512,0.0050000000000000044,True
kxcacpiyoy26apr20t25-0x29c639f7,KXCACPIYOY-26APR20-T2.5,short_spread,TIME_STOP,inflation,-0.000500000000000056,0.000500000000000056,0.4999999999999996,0.5003479719161987,0.5001739859580991,0.000500000000000056,True
kxcacpiyoy26apr20t2-0x1f61db83,KXCACPIYOY-26APR20-T2,short_spread,TIME_STOP,inflation,0.0,0.0,0.45999999999999946,0.4588298201560974,0.45941491007804847,0.0,True
kxtruthsocial26apr18b169-0x8cec42fa,KXTRUTHSOCIAL-26APR18-B169,long_spread,TIME_STOP,other,-0.010000000000000009,0.010000000000000009,-0.6300000000000053,-0.6446951627731323,-0.6373475813865688,-0.010000000000000009,True
kxcacpiyoy26apr20t23-0x1f61db83,KXCACPIYOY-26APR20-T2.3,short_spread,TIME_STOP,inflation,0.0050000000000001155,-0.0050000000000001155,0.3149999999999982,0.3212272524833679,0.31811362624168305,-0.0050000000000001155,True
kxcacpiyoy26apr20t22-0x29c639f7,KXCACPIYOY-26APR20-T2.2,short_spread,TIME_STOP,inflation,-0.000500000000000056,0.000500000000000056,0.7499999999999998,0.7465099692344666,0.7482549846172332,0.000500000000000056,True
kxcacpiyoy26apr20t18-0x29c639f7,KXCACPIYOY-26APR20-T1.8,short_spread,TIME_STOP,inflation,-0.000500000000000056,0.000500000000000056,0.8100000000000044,0.8066341280937195,0.808317064046862,0.000500000000000056,True
kxtruthsocial26apr18b189-0x8cec42fa,KXTRUTHSOCIAL-26APR18-B189,long_spread,TIME_STOP,other,-0.010000000000000009,0.010000000000000009,-0.6700000000000035,-0.6724631190299988,-0.6712315595150011,-0.010000000000000009,True
kxcacpiyoy26apr20t24-0x29c639f7,KXCACPIYOY-26APR20-T2.4,short_spread,TIME_STOP,inflation,-0.000500000000000056,0.000500000000000056,0.6099999999999993,0.609549343585968,0.6097746717929837,0.000500000000000056,True
kxcacpiyoy26apr20t19-0x29c639f7,KXCACPIYOY-26APR20-T1.9,short_spread,TIME_STOP,inflation,-0.000500000000000056,0.000500000000000056,0.8099999999999997,0.8066341280937195,0.8083170640468595,0.000500000000000056,True
kxcacpiyoy26apr20t32-0x1f61db83,KXCACPIYOY-26APR20-T3.2,long_spread,TIME_STOP,inflation,0.0,0.0,-0.48000000000000015,-0.4777158498764038,-0.478857924938202,0.0,True
kxcacpiyoy26apr20t31-0x1f61db83,KXCACPIYOY-26APR20-T3.1,long_spread,TIME_STOP,inflation,0.0,0.0,-0.45999999999999963,-0.46056169271469116,-0.4602808463573454,0.0,True
kxcacpiyoy26apr20t22-0x1f61db83,KXCACPIYOY-26APR20-T2.2,short_spread,TIME_STOP,inflation,0.0,0.0,0.3999999999999992,0.40071478486061096,0.4003573924303051,0.0,True
kxtruthsocial26apr18b210-0x8cec42fa,KXTRUTHSOCIAL-26APR18-B210,long_spread,TIME_STOP,other,-0.010000000000000009,0.010000000000000009,-0.6800000000000094,-0.6738187074661255,-0.6769093537330675,-0.010000000000000009,True
kxtruthsocial26apr18t220-0x8cec42fa,KXTRUTHSOCIAL-26APR18-T220,long_spread,TIME_STOP,other,-0.010000000000000009,0.010000000000000009,-0.6800000000000226,-0.6738187074661255,-0.676909353733074,-0.010000000000000009,True
kxcacpiyoy26apr20t3-0x1f61db83,KXCACPIYOY-26APR20-T3,long_spread,TIME_STOP,inflation,0.0,0.0,-0.439999999999998,-0.43632182478904724,-0.4381609123945226,0.0,True
kxtruthsocial26apr18b149-0x8cec42fa,KXTRUTHSOCIAL-26APR18-B149,long_spread,TIME_STOP,other,-0.010000000000000009,0.010000000000000009,-0.4300000000000062,-0.43432357907295227,-0.4321617895364792,-0.010000000000000009,True
kxcacpiyoy26apr20t21-0x1f61db83,KXCACPIYOY-26APR20-T2.1,short_spread,TIME_STOP,inflation,0.0,0.0,0.42999999999999944,0.42784109711647034,0.4289205485582349,0.0,True
kxtruthsocial26apr18b129-0x8cec42fa,KXTRUTHSOCIAL-26APR18-B129,long_spread,MOMENTUM,other,-0.025000000000000022,0.025000000000000022,-0.3600000000000032,-0.3711049258708954,-0.3655524629354493,-0.025000000000000022,True
kxcacpiyoy26apr20t26-0x29c639f7,KXCACPIYOY-26APR20-T2.6,short_spread,TIME_STOP,inflation,-0.000500000000000056,0.000500000000000056,0.35500000000000004,0.3577902019023895,0.35639510095119475,0.000500000000000056,True
kxcacpiyoy26apr20t21-0x29c639f7,KXCACPIYOY-26APR20-T2.1,short_spread,TIME_STOP,inflation,-0.000500000000000056,0.000500000000000056,0.7799999999999997,0.7775837182998657,0.7787918591499328,0.000500000000000056,True
kxcacpiyoy26apr20t23-0x29c639f7,KXCACPIYOY-26APR20-T2.3,short_spread,TIME_STOP,inflation,0.0045000000000000595,-0.0045000000000000595,0.6649999999999993,0.6545616984367371,0.6597808492183681,-0.0045000000000000595,True
kxcacpiyoy26apr20t2-0x29c639f7,KXCACPIYOY-26APR20-T2,short_spread,TIME_STOP,inflation,-0.000500000000000056,0.000500000000000056,0.8100000000000003,0.8066341280937195,0.8083170640468599,0.000500000000000056,True
kxkatzout26jan0127jan01-0xb25a93dc,KXKATZOUT-26JAN01-27JAN01,short_spread,RESOLUTION_EXIT,other,0.0,0.0,0.4314999999999981,0.42865097522735596,0.43007548761367703,0.0,True
kxtechlayoff26mar20-0x74f19011,KXTECHLAYOFF-26MAR-2.0,long_spread,RESOLUTION_EXIT,other,-0.0050000000000000044,0.0050000000000000044,-0.5450000000000036,-0.5555614233016968,-0.5502807116508501,-0.0050000000000000044,True
kxukcpiyoy26apr22t4-0x1f61db83,KXUKCPIYOY-26APR22-T4,long_spread,TIME_STOP,inflation,0.0,0.0,-0.4150000000000157,-0.41471150517463684,-0.41485575258732627,0.0,True
kxmusknw26apr30t640-0x9218565b,KXMUSKNW-26APR30-T640,short_spread,TIME_STOP,other,-0.0050000000000001155,0.0050000000000001155,0.430000000000003,0.4286370277404785,0.4293185138702408,0.0050000000000001155,True
kxfed26dect325-0xaf3a3a07,KXFED-26DEC-T3.25,short_spread,STOP_LOSS,fed_rates,-0.11499999999999999,0.11499999999999999,0.3599999999999972,0.36751967668533325,0.36375983834266523,0.11499999999999999,True
kxcpiyoy26mayt37-0xbef75184,KXCPIYOY-26MAY-T3.7,long_spread,STOP_LOSS,inflation,-0.10499999999999998,0.10499999999999998,-0.3300000000000041,-0.3170989155769348,-0.32354945778846944,-0.10499999999999998,True
kxtechlayoff26mar20-0x74f19011,KXTECHLAYOFF-26MAR-2.0,long_spread,RESOLUTION_EXIT,other,-0.0050000000000000044,0.0050000000000000044,-0.5449999999999963,-0.5555614233016968,-0.5502807116508466,-0.0050000000000000044,True
kxkatzout26jan0127jan01-0xb25a93dc,KXKATZOUT-26JAN01-27JAN01,short_spread,RESOLUTION_EXIT,other,0.0,0.0,0.433000000000005,0.43367868661880493,0.43333934330940493,0.0,True
kxtechlayoff26mar20-0x74f19011,KXTECHLAYOFF-26MAR-2.0,long_spread,RESOLUTION_EXIT,other,-0.009999999999999898,0.009999999999999898,-0.5350000000000062,-0.5233573913574219,-0.5291786956787141,-0.009999999999999898,True
kxkatzout26jan0127jan01-0xb25a93dc,KXKATZOUT-26JAN01-27JAN01,short_spread,RESOLUTION_EXIT,other,0.0,0.0,0.4329999999999991,0.43367868661880493,0.43333934330940205,0.0,True
kxcacpiyoy26apr20t2-0x1f61db83,KXCACPIYOY-26APR20-T2,short_spread,TIME_STOP,inflation,0.0,0.0,0.46000000000000013,0.4588298201560974,0.4594149100780488,0.0,True
kxcacpiyoy26apr20t21-0x1f61db83,KXCACPIYOY-26APR20-T2.1,short_spread,TIME_STOP,inflation,0.0,0.0,0.42999999999999966,0.42784109711647034,0.428920548558235,0.0,True
kxcacpiyoy26apr20t24-0x29c639f7,KXCACPIYOY-26APR20-T2.4,short_spread,TIME_STOP,inflation,-0.0034999999999999476,0.0034999999999999476,0.6064999999999994,0.609549343585968,0.6080246717929837,0.0034999999999999476,True
kxcacpiyoy26apr20t2-0x29c639f7,KXCACPIYOY-26APR20-T2,short_spread,TIME_STOP,inflation,-0.0034999999999999476,0.0034999999999999476,0.8065000000000004,0.8066341280937195,0.80656706404686,0.0034999999999999476,True
kxcacpiyoy26apr20t21-0x29c639f7,KXCACPIYOY-26APR20-T2.1,short_spread,TIME_STOP,inflation,-0.0034999999999999476,0.0034999999999999476,0.776500000000001,0.7771813869476318,0.7768406934738163,0.0034999999999999476,True
kxcacpiyoy26apr20t26-0x29c639f7,KXCACPIYOY-26APR20-T2.6,short_spread,TIME_STOP,inflation,-0.0034999999999999476,0.0034999999999999476,0.3515000000000001,0.3577902019023895,0.35464510095119484,0.0034999999999999476,True
kxtruthsocial26apr18b169-0x8cec42fa,KXTRUTHSOCIAL-26APR18-B169,long_spread,TIME_STOP,other,-0.020000000000000018,0.020000000000000018,-0.6100000000000069,-0.6060970425605774,-0.6080485212802922,-0.020000000000000018,True
kxcacpiyoy26apr20t18-0x29c639f7,KXCACPIYOY-26APR20-T1.8,short_spread,TIME_STOP,inflation,-0.0034999999999999476,0.0034999999999999476,0.8065000000000019,0.8066341280937195,0.8065670640468607,0.0034999999999999476,True
kxcacpiyoy26apr20t23-0x1f61db83,KXCACPIYOY-26APR20-T2.3,short_spread,TIME_STOP,inflation,0.0,0.0,0.31499999999999834,0.3212272524833679,0.31811362624168316,0.0,True
kxcacpiyoy26apr20t25-0x29c639f7,KXCACPIYOY-26APR20-T2.5,short_spread,TIME_STOP,inflation,-0.0034999999999999476,0.0034999999999999476,0.49649999999999955,0.48989591002464294,0.4931979550123212,0.0034999999999999476,True
kxcacpiyoy26apr20t31-0x1f61db83,KXCACPIYOY-26APR20-T3.1,long_spread,TIME_STOP,inflation,0.0,0.0,-0.4599999999999995,-0.46056169271469116,-0.46028084635734534,0.0,True
kxcacpiyoy26apr20t22-0x1f61db83,KXCACPIYOY-26APR20-T2.2,short_spread,TIME_STOP,inflation,0.0,0.0,0.3999999999999994,0.40071478486061096,0.4003573924303052,0.0,True
kxtruthsocial26apr18b210-0x8cec42fa,KXTRUTHSOCIAL-26APR18-B210,long_spread,TIME_STOP,other,-0.015000000000000013,0.015000000000000013,-0.6650000000000097,-0.6641258001327515,-0.6645629000663806,-0.015000000000000013,True
kxcacpiyoy26apr20t3-0x1f61db83,KXCACPIYOY-26APR20-T3,long_spread,TIME_STOP,inflation,0.0,0.0,-0.439999999999998,-0.43632182478904724,-0.4381609123945226,0.0,True
kxcacpiyoy26apr20t22-0x29c639f7,KXCACPIYOY-26APR20-T2.2,short_spread,TIME_STOP,inflation,-0.0034999999999999476,0.0034999999999999476,0.7464999999999997,0.7465099692344666,0.7465049846172331,0.0034999999999999476,True
kxtruthsocial26apr18b149-0x8cec42fa,KXTRUTHSOCIAL-26APR18-B149,long_spread,TIME_STOP,other,-0.015000000000000013,0.015000000000000013,-0.4150000000000079,-0.4177097678184509,-0.4163548839092294,-0.015000000000000013,True
kxcacpiyoy26apr20t23-0x29c639f7,KXCACPIYOY-26APR20-T2.3,short_spread,TIME_STOP,inflation,-0.0034999999999999476,0.0034999999999999476,0.6614999999999994,0.6545616984367371,0.6580308492183682,0.0034999999999999476,True
kxcacpiyoy26apr20t32-0x1f61db83,KXCACPIYOY-26APR20-T3.2,long_spread,TIME_STOP,inflation,0.0,0.0,-0.48000000000000004,-0.4777158498764038,-0.4788579249382019,0.0,True
kxtruthsocial26apr18t220-0x8cec42fa,KXTRUTHSOCIAL-26APR18-T220,long_spread,TIME_STOP,other,-0.015000000000000013,0.015000000000000013,-0.6650000000000208,-0.6641258001327515,-0.6645629000663862,-0.015000000000000013,True
kxcacpiyoy26apr20t19-0x29c639f7,KXCACPIYOY-26APR20-T1.9,short_spread,TIME_STOP,inflation,-0.0034999999999999476,0.0034999999999999476,0.8065000000000021,0.8066341280937195,0.8065670640468607,0.0034999999999999476,True
kxtruthsocial26apr18b189-0x8cec42fa,KXTRUTHSOCIAL-26APR18-B189,long_spread,TIME_STOP,other,-0.025000000000000022,0.025000000000000022,-0.6450000000000043,-0.6484647393226624,-0.6467323696613334,-0.025000000000000022,True
kxtruthsocial26apr18b129-0x8cec42fa,KXTRUTHSOCIAL-26APR18-B129,long_spread,TIME_STOP,other,-0.03500000000000003,0.03500000000000003,-0.3250000000000067,-0.3335225284099579,-0.32926126420498225,-0.03500000000000003,True
kxpayrolls26aprt70000-0x73f2be73,KXPAYROLLS-26APR-T70000,short_spread,TIME_STOP,other,0.010000000000000009,-0.010000000000000009,0.3750000000000046,0.3762877583503723,0.3756438791751885,-0.010000000000000009,True
kxgdp26apr30t20-0x0535dc99,KXGDP-26APR30-T2.0,short_spread,TIME_STOP,gdp,0.034499999999999975,-0.034499999999999975,0.3204999999999975,0.3220268487930298,0.3212634243965137,-0.034499999999999975,True
kxezgdpyoyf26apr30t04-0xbf7d903a,KXEZGDPYOYF-26APR30-T0.4,short_spread,TIME_STOP,other,-0.0025000000000000577,0.0025000000000000577,0.7219999999999979,0.7241344451904297,0.7230672225952137,0.0025000000000000577,True
kxpayrolls26aprt20000-0x73f2be73,KXPAYROLLS-26APR-T20000,short_spread,TIME_STOP,other,0.0,0.0,0.6150000000000038,0.6171998381614685,0.6160999190807361,0.0,True
kxpayrolls26aprt30000-0x73f2be73,KXPAYROLLS-26APR-T30000,short_spread,TIME_STOP,other,-0.0050000000000000044,0.0050000000000000044,0.5500000000000047,0.5565448999404907,0.5532724499702477,0.0050000000000000044,True
kxpayrolls26aprt40000-0x73f2be73,KXPAYROLLS-26APR-T40000,short_spread,TIME_STOP,other,0.0,0.0,0.4900000000000048,0.4900568425655365,0.4900284212827707,0.0,True
kxgdp26apr30t10-0xbf7d903a,KXGDP-26APR30-T1.0,short_spread,TIME_STOP,gdp,0.0029999999999998916,-0.0029999999999998916,0.717999999999999,0.7134137153625488,0.715706857681274,-0.0029999999999998916,True
kxpayrolls26aprt25000-0x73f2be73,KXPAYROLLS-26APR-T-25000,short_spread,TIME_STOP,other,-0.015000000000000013,0.015000000000000013,0.7700000000000038,0.7658572793006897,0.7679286396503467,0.015000000000000013,True
kxpayrolls26aprt60000-0x73f2be73,KXPAYROLLS-26APR-T60000,short_spread,TIME_STOP,other,0.0,0.0,0.4350000000000047,0.4339577555656433,0.434478877782824,0.0,True
kxmusknw26apr30t600-0xa4e4a9dc,KXMUSKNW-26APR30-T600,short_spread,TIME_STOP,other,0.0,0.0,0.8149999999999981,0.8190116882324219,0.81700584411621,0.0,True
kxezgdpyoyf26apr30t02-0xbf7d903a,KXEZGDPYOYF-26APR30-T0.2,short_spread,TIME_STOP,other,-0.0025000000000000577,0.0025000000000000577,0.786999999999997,0.7863724231719971,0.786686211585997,0.0025000000000000577,True
kxfed26aprt375-0xf88da08f,KXFED-26APR-T3.75,long_spread,TIME_STOP,fed_rates,0.0,0.0,-0.3029999999999954,-0.29892581701278687,-0.3009629085063911,0.0,True
kxpayrolls26aprt50000-0x73f2be73,KXPAYROLLS-26APR-T50000,short_spread,TIME_STOP,other,-0.0050000000000000044,0.0050000000000000044,0.47000000000000475,0.46717599034309387,0.4685879951715493,0.0050000000000000044,True
kxukcpiyoy26apr22t4-0x1f61db83,KXUKCPIYOY-26APR22-T4,long_spread,TIME_STOP,inflation,0.0,0.0,-0.4150000000000157,-0.41471150517463684,-0.41485575258732627,0.0,True
kxkatzout26jan0127jan01-0xb25a93dc,KXKATZOUT-26JAN01-27JAN01,short_spread,RESOLUTION_EXIT,other,0.0,0.0,0.4329999999999979,0.43367868661880493,0.4333393433094014,0.0,True
kxtechlayoff26mar20-0x74f19011,KXTECHLAYOFF-26MAR-2.0,long_spread,RESOLUTION_EXIT,other,0.0,0.0,-0.535000000000004,-0.5233573913574219,-0.529178695678713,0.0,True
kxtechlayoff26mar20-0x74f19011,KXTECHLAYOFF-26MAR-2.0,long_spread,RESOLUTION_EXIT,other,0.0,0.0,-0.5349999999999963,-0.5233573913574219,-0.529178695678709,0.0,True
kxkatzout26jan0127jan01-0xb25a93dc,KXKATZOUT-26JAN01-27JAN01,short_spread,RESOLUTION_EXIT,other,0.0,0.0,0.43300000000000277,0.43367868661880493,0.4333393433094038,0.0,True
kxkatzout26jan0127jan01-0xb25a93dc,KXKATZOUT-26JAN01-27JAN01,short_spread,RESOLUTION_EXIT,other,0.0,0.0,0.4329999999999991,0.43367868661880493,0.43333934330940205,0.0,True
kxtechlayoff26mar20-0x74f19011,KXTECHLAYOFF-26MAR-2.0,long_spread,RESOLUTION_EXIT,other,0.0,0.0,-0.5350000000000062,-0.5233573913574219,-0.5291786956787141,0.0,True
kxtruthsocial26apr18b169-0x8cec42fa,KXTRUTHSOCIAL-26APR18-B169,long_spread,MOMENTUM,other,-0.029999999999999916,0.029999999999999916,-0.5800000000000021,-0.580485999584198,-0.5802429997921,-0.029999999999999916,True
kxcacpiyoy26apr20t24-0x29c639f7,KXCACPIYOY-26APR20-T2.4,short_spread,TIME_STOP,inflation,-0.0010000000000000009,0.0010000000000000009,0.6054999999999992,0.609549343585968,0.6075246717929836,0.0010000000000000009,True
kxtruthsocial26apr18b149-0x8cec42fa,KXTRUTHSOCIAL-26APR18-B149,long_spread,TIME_STOP,other,-0.019999999999999907,0.019999999999999907,-0.39500000000000624,-0.3966480791568756,-0.3958240395784409,-0.019999999999999907,True
kxcacpiyoy26apr20t21-0x29c639f7,KXCACPIYOY-26APR20-T2.1,short_spread,TIME_STOP,inflation,0.0040000000000000036,-0.0040000000000000036,0.7804999999999996,0.7775837182998657,0.7790418591499326,-0.0040000000000000036,True
kxcacpiyoy26apr20t21-0x1f61db83,KXCACPIYOY-26APR20-T2.1,short_spread,TIME_STOP,inflation,0.0,0.0,0.42999999999999866,0.42784109711647034,0.42892054855823447,0.0,True
kxtruthsocial26apr18b210-0x8cec42fa,KXTRUTHSOCIAL-26APR18-B210,long_spread,TIME_STOP,other,-0.014999999999999902,0.014999999999999902,-0.6500000000000091,-0.6406010389328003,-0.6453005194664048,-0.014999999999999902,True
kxcacpiyoy26apr20t25-0x29c639f7,KXCACPIYOY-26APR20-T2.5,short_spread,TIME_STOP,inflation,-0.001000000000000112,0.001000000000000112,0.49549999999999933,0.48989591002464294,0.49269795501232116,0.001000000000000112,True
kxcacpiyoy26apr20t23-0x1f61db83,KXCACPIYOY-26APR20-T2.3,short_spread,TIME_STOP,inflation,0.004999999999999893,-0.004999999999999893,0.31999999999999823,0.32207179069519043,0.32103589534759436,-0.004999999999999893,True
kxtruthsocial26apr18b189-0x8cec42fa,KXTRUTHSOCIAL-26APR18-B189,long_spread,TIME_STOP,other,-0.014999999999999902,0.014999999999999902,-0.6300000000000023,-0.6386035680770874,-0.6343017840385449,-0.014999999999999902,True
kxcacpiyoy26apr20t26-0x29c639f7,KXCACPIYOY-26APR20-T2.6,short_spread,TIME_STOP,inflation,-0.02100000000000002,0.02100000000000002,0.33049999999999996,0.3353656232357025,0.33293281161785127,0.02100000000000002,True
kxcacpiyoy26apr20t3-0x1f61db83,KXCACPIYOY-26APR20-T3,long_spread,TIME_STOP,inflation,0.0,0.0,-0.439999999999998,-0.43632182478904724,-0.4381609123945226,0.0,True
kxcacpiyoy26apr20t32-0x1f61db83,KXCACPIYOY-26APR20-T3.2,long_spread,TIME_STOP,inflation,0.0,0.0,-0.48000000000000015,-0.4777158498764038,-0.478857924938202,0.0,True
kxcacpiyoy26apr20t22-0x1f61db83,KXCACPIYOY-26APR20-T2.2,short_spread,TIME_STOP,inflation,0.0,0.0,0.39999999999999875,0.40071478486061096,0.4003573924303049,0.0,True
kxcacpiyoy26apr20t22-0x29c639f7,KXCACPIYOY-26APR20-T2.2,short_spread,TIME_STOP,inflation,0.0040000000000000036,-0.0040000000000000036,0.7504999999999997,0.7465099692344666,0.7485049846172331,-0.0040000000000000036,True
kxtruthsocial26apr18b129-0x8cec42fa,KXTRUTHSOCIAL-26APR18-B129,long_spread,TIME_STOP,other,-0.014999999999999902,0.014999999999999902,-0.3100000000000066,-0.31713631749153137,-0.313568158745769,-0.014999999999999902,True
kxcacpiyoy26apr20t23-0x29c639f7,KXCACPIYOY-26APR20-T2.3,short_spread,TIME_STOP,inflation,0.008999999999999897,-0.008999999999999897,0.6704999999999991,0.674491822719574,0.6724959113597866,-0.008999999999999897,True
kxtruthsocial26apr18t220-0x8cec42fa,KXTRUTHSOCIAL-26APR18-T220,long_spread,TIME_STOP,other,-0.014999999999999902,0.014999999999999902,-0.6500000000000205,-0.6413242816925049,-0.6456621408462626,-0.014999999999999902,True
kxcacpiyoy26apr20t2-0x1f61db83,KXCACPIYOY-26APR20-T2,short_spread,TIME_STOP,inflation,0.0,0.0,0.46000000000000346,0.4588298201560974,0.45941491007805046,0.0,True
kxcacpiyoy26apr20t2-0x29c639f7,KXCACPIYOY-26APR20-T2,short_spread,TIME_STOP,inflation,0.0040000000000000036,-0.0040000000000000036,0.8105000000000044,0.8066341280937195,0.808567064046862,-0.0040000000000000036,True
kxcacpiyoy26apr20t31-0x1f61db83,KXCACPIYOY-26APR20-T3.1,long_spread,TIME_STOP,inflation,0.0,0.0,-0.45999999999999963,-0.46056169271469116,-0.4602808463573454,0.0,True
kxcacpiyoy26apr20t18-0x29c639f7,KXCACPIYOY-26APR20-T1.8,short_spread,TIME_STOP,inflation,0.0040000000000000036,-0.0040000000000000036,0.8105000000000044,0.8066341280937195,0.808567064046862,-0.0040000000000000036,True
kxcacpiyoy26apr20t19-0x29c639f7,KXCACPIYOY-26APR20-T1.9,short_spread,TIME_STOP,inflation,0.0040000000000000036,-0.0040000000000000036,0.8105000000000044,0.8066341280937195,0.808567064046862,-0.0040000000000000036,True
kxhegsethannounceout26aprmay01-0x0fcfcfc3,KXHEGSETHANNOUNCEOUT-26APR-MAY01,long_spread,TIME_STOP,other,-0.025000000000000022,0.025000000000000022,-0.3549999999999978,-0.3602278530597687,-0.3576139265298832,-0.025000000000000022,True
kxukcpiyoy26apr22t4-0x1f61db83,KXUKCPIYOY-26APR22-T4,long_spread,TIME_STOP,inflation,0.0,0.0,-0.41500000000000464,-0.41471150517463684,-0.41485575258732077,0.0,True
kxhegsethout26aprmay01-0x0fcfcfc3,KXHEGSETHOUT-26APR-MAY01,long_spread,TIME_STOP,other,-0.02350000000000002,0.02350000000000002,-0.36949999999999555,-0.37224048376083374,-0.3708702418804146,-0.02350000000000002,True
kxcpiyoy26aprt44-0x1f61db83,KXCPIYOY-26APR-T4.4,long_spread,TIME_STOP,inflation,0.0,0.0,-0.4949999999999968,-0.49448296427726746,-0.4947414821386321,0.0,True
kxcpiyoy26aprt42-0x1f61db83,KXCPIYOY-26APR-T4.2,long_spread,TIME_STOP,inflation,-0.010000000000000009,0.010000000000000009,-0.4949999999999971,-0.49448296427726746,-0.4947414821386323,-0.010000000000000009,True
kxmusknw26apr30t610-0x0f8ff5a3,KXMUSKNW-26APR30-T610,short_spread,TIME_STOP,other,0.029999999999999916,-0.029999999999999916,0.7350000000000049,0.7345224618911743,0.7347612309455895,-0.029999999999999916,True
kxlutnickout26may01-0x7978663d,KXLUTNICKOUT-26MAY01,long_spread,TIME_STOP,other,0.0,0.0,-0.4549999999999969,-0.4537201523780823,-0.4543600761890396,0.0,True
kxtechlayoff26mar20-0x74f19011,KXTECHLAYOFF-26MAR-2.0,long_spread,RESOLUTION_EXIT,other,-0.0050000000000000044,0.0050000000000000044,-0.49000000000000477,-0.488857239484787,-0.4894286197423959,-0.0050000000000000044,True
kxdoged26apr1522t00949999-0x49f92406,KXDOGED-26APR1522-T0.0949999,short_spread,RESOLUTION_EXIT,crypto,0.0,0.0,0.3110000000000047,0.31654036045074463,0.3137701802253747,0.0,True
kxkatzout26jan0127jan01-0xb25a93dc,KXKATZOUT-26JAN01-27JAN01,short_spread,RESOLUTION_EXIT,other,0.0,0.0,0.4329999999999981,0.43367868661880493,0.4333393433094015,0.0,True
kxkatzout26jan0127jan01-0xb25a93dc,KXKATZOUT-26JAN01-27JAN01,short_spread,RESOLUTION_EXIT,other,0.0,0.0,0.4329999999999999,0.43367868661880493,0.4333393433094024,0.0,True
kxdoged26apr1522t01099999-0x49f92406,KXDOGED-26APR1522-T0.1099999,short_spread,RESOLUTION_EXIT,crypto,0.779,-0.779,0.7450000000000051,0.7455528378486633,0.7452764189243342,-0.779,True
kxdoged26apr1522t00899999-0x49f92406,KXDOGED-26APR1522-T0.0899999,short_spread,RESOLUTION_EXIT,crypto,-0.23099999999999998,0.23099999999999998,0.715000000000005,0.7130123972892761,0.7140061986446405,0.23099999999999998,True
kxdoged26apr1522t01049999-0x49f92406,KXDOGED-26APR1522-T0.1049999,short_spread,RESOLUTION_EXIT,crypto,0.779,-0.779,0.7450000000000051,0.7455528378486633,0.7452764189243342,-0.779,True
kxtechlayoff26mar20-0x74f19011,KXTECHLAYOFF-26MAR-2.0,long_spread,RESOLUTION_EXIT,other,0.0,0.0,-0.4900000000000059,-0.488857239484787,-0.48942861974239643,0.0,True
kxdoged26apr1522t00949999-0x49f92406,KXDOGED-26APR1522-T0.0949999,short_spread,RESOLUTION_EXIT,crypto,-0.0010000000000000009,0.0010000000000000009,0.3100000000000047,0.31654036045074463,0.3132701802253747,0.0010000000000000009,True
kxvisitvenezuela26may01nmadn-0x67f3f8d0,KXVISITVENEZUELA-26MAY01-NMADN,long_spread,STOP_LOSS,politics_policy,-0.1630000000000001,0.1630000000000001,-0.3685000000000071,-0.3579665422439575,-0.36323327112198234,-0.1630000000000001,True
kxcpiyoy26mayt38-0xbef75184,KXCPIYOY-26MAY-T3.8,long_spread,MOMENTUM,inflation,-0.03499999999999992,0.03499999999999992,-0.4450000000000042,-0.43950873613357544,-0.44225436806678986,-0.03499999999999992,True
kxcpiyoy26mayt39-0xbef75184,KXCPIYOY-26MAY-T3.9,long_spread,MOMENTUM,inflation,-0.08999999999999997,0.08999999999999997,-0.4700000000000035,-0.4666716754436493,-0.4683358377218264,-0.08999999999999997,True
kxtruthsocial26apr18b169-0x8cec42fa,KXTRUTHSOCIAL-26APR18-B169,long_spread,TIME_STOP,other,0.014999999999999902,-0.014999999999999902,-0.5950000000000012,-0.5882208347320557,-0.5916104173660284,0.014999999999999902,True
kxcacpiyoy26apr20t2-0x1f61db83,KXCACPIYOY-26APR20-T2,short_spread,TIME_STOP,inflation,0.0,0.0,0.46000000000000346,0.4588298201560974,0.45941491007805046,0.0,True
kxcacpiyoy26apr20t22-0x29c639f7,KXCACPIYOY-26APR20-T2.2,short_spread,TIME_STOP,inflation,0.0,0.0,0.7504999999999997,0.7465099692344666,0.7485049846172331,0.0,True
kxcacpiyoy26apr20t3-0x1f61db83,KXCACPIYOY-26APR20-T3,long_spread,TIME_STOP,inflation,0.0,0.0,-0.439999999999998,-0.43632182478904724,-0.4381609123945226,0.0,True
kxcacpiyoy26apr20t23-0x1f61db83,KXCACPIYOY-26APR20-T2.3,short_spread,TIME_STOP,inflation,0.0,0.0,0.31999999999999823,0.32207179069519043,0.32103589534759436,0.0,True
kxcacpiyoy26apr20t25-0x29c639f7,KXCACPIYOY-26APR20-T2.5,short_spread,TIME_STOP,inflation,0.0050000000000001155,-0.0050000000000001155,0.5004999999999995,0.5003479719161987,0.5004239859580991,-0.0050000000000001155,True
kxcacpiyoy26apr20t19-0x29c639f7,KXCACPIYOY-26APR20-T1.9,short_spread,TIME_STOP,inflation,0.0,0.0,0.8105000000000044,0.8066341280937195,0.808567064046862,0.0,True
kxcacpiyoy26apr20t22-0x1f61db83,KXCACPIYOY-26APR20-T2.2,short_spread,TIME_STOP,inflation,0.0,0.0,0.39999999999999875,0.40071478486061096,0.4003573924303049,0.0,True
kxcacpiyoy26apr20t32-0x1f61db83,KXCACPIYOY-26APR20-T3.2,long_spread,TIME_STOP,inflation,0.0,0.0,-0.48000000000000015,-0.4777158498764038,-0.478857924938202,0.0,True
kxcacpiyoy26apr20t31-0x1f61db83,KXCACPIYOY-26APR20-T3.1,long_spread,TIME_STOP,inflation,0.0,0.0,-0.45999999999999963,-0.46056169271469116,-0.4602808463573454,0.0,True
kxtruthsocial26apr18b149-0x8cec42fa,KXTRUTHSOCIAL-26APR18-B149,long_spread,TIME_STOP,other,0.009999999999999898,-0.009999999999999898,-0.40500000000000563,-0.41437774896621704,-0.4096888744831113,0.009999999999999898,True
kxtruthsocial26apr18b189-0x8cec42fa,KXTRUTHSOCIAL-26APR18-B189,long_spread,TIME_STOP,other,0.014999999999999902,-0.014999999999999902,-0.6450000000000016,-0.6484647393226624,-0.646732369661332,0.014999999999999902,True
kxcacpiyoy26apr20t2-0x29c639f7,KXCACPIYOY-26APR20-T2,short_spread,TIME_STOP,inflation,0.0,0.0,0.8105000000000044,0.8066341280937195,0.808567064046862,0.0,True
kxtruthsocial26apr18b210-0x8cec42fa,KXTRUTHSOCIAL-26APR18-B210,long_spread,TIME_STOP,other,0.014999999999999902,-0.014999999999999902,-0.6650000000000084,-0.6634025573730469,-0.6642012786865277,0.014999999999999902,True
kxtruthsocial26apr18t220-0x8cec42fa,KXTRUTHSOCIAL-26APR18-T220,long_spread,TIME_STOP,other,0.014999999999999902,-0.014999999999999902,-0.6650000000000198,-0.6641258001327515,-0.6645629000663856,0.014999999999999902,True
kxcacpiyoy26apr20t23-0x29c639f7,KXCACPIYOY-26APR20-T2.3,short_spread,TIME_STOP,inflation,0.0,0.0,0.6704999999999991,0.674491822719574,0.6724959113597866,0.0,True
kxtruthsocial26apr18b129-0x8cec42fa,KXTRUTHSOCIAL-26APR18-B129,long_spread,TIME_STOP,other,0.014999999999999902,-0.014999999999999902,-0.32500000000000545,-0.3335225284099579,-0.3292612642049817,0.014999999999999902,True
kxcacpiyoy26apr20t21-0x29c639f7,KXCACPIYOY-26APR20-T2.1,short_spread,TIME_STOP,inflation,0.0,0.0,0.7804999999999996,0.7775837182998657,0.7790418591499326,0.0,True
kxcacpiyoy26apr20t18-0x29c639f7,KXCACPIYOY-26APR20-T1.8,short_spread,TIME_STOP,inflation,0.0,0.0,0.8105000000000044,0.8066341280937195,0.808567064046862,0.0,True
kxcacpiyoy26apr20t26-0x29c639f7,KXCACPIYOY-26APR20-T2.6,short_spread,TIME_STOP,inflation,0.0,0.0,0.33049999999999996,0.3353656232357025,0.33293281161785127,0.0,True
kxcacpiyoy26apr20t24-0x29c639f7,KXCACPIYOY-26APR20-T2.4,short_spread,TIME_STOP,inflation,0.004999999999999893,-0.004999999999999893,0.6104999999999992,0.6096034049987793,0.6100517024993892,-0.004999999999999893,True
kxcacpiyoy26apr20t21-0x1f61db83,KXCACPIYOY-26APR20-T2.1,short_spread,TIME_STOP,inflation,0.0,0.0,0.42999999999999866,0.42784109711647034,0.42892054855823447,0.0,True
kxkatzout26jan0127jan01-0xb25a93dc,KXKATZOUT-26JAN01-27JAN01,short_spread,RESOLUTION_EXIT,other,0.0,0.0,0.4329999999999992,0.43367868661880493,0.43333934330940205,0.0,True
kxtechlayoff26mar20-0x74f19011,KXTECHLAYOFF-26MAR-2.0,long_spread,RESOLUTION_EXIT,other,-0.06000000000000005,0.06000000000000005,-0.43000000000000577,-0.4310208857059479,-0.4305104428529768,-0.06000000000000005,True
kxpayrolls26aprt80000-0x73f2be73,KXPAYROLLS-26APR-T80000,short_spread,TIME_STOP,other,0.0,0.0,0.30500000000000466,0.31654036045074463,0.3107701802253746,0.0,True
kxcpiyoy26aprt36-0xbef75184,KXCPIYOY-26APR-T3.6,long_spread,TIME_STOP,inflation,-0.020000000000000018,0.020000000000000018,-0.37999999999999884,-0.38722631335258484,-0.3836131566762918,-0.020000000000000018,True
kxmusknw26apr30t600-0x88b2a7dd,KXMUSKNW-26APR30-T600,short_spread,TIME_STOP,other,-0.02499999999999991,0.02499999999999991,0.5850000000000031,0.5840042233467102,0.5845021116733566,0.02499999999999991,True
kxgdp26apr30t15-0xbf7d903a,KXGDP-26APR30-T1.5,short_spread,TIME_STOP,gdp,0.009499999999999953,-0.009499999999999953,0.5389999999999991,0.5430982708930969,0.5410491354465481,-0.009499999999999953,True
kxkatzout26jan0127jan01-0xb25a93dc,KXKATZOUT-26JAN01-27JAN01,short_spread,RESOLUTION_EXIT,other,0.0,0.0,0.4329999999999992,0.43367868661880493,0.43333934330940205,0.0,True
kxtechlayoff26mar20-0x74f19011,KXTECHLAYOFF-26MAR-2.0,long_spread,RESOLUTION_EXIT,other,0.06999999999999995,-0.06999999999999995,-0.41500000000000575,-0.4177097678184509,-0.41635488390922837,0.06999999999999995,True
kxtruthsocial26apr18b210-0x8cec42fa,KXTRUTHSOCIAL-26APR18-B210,long_spread,TIME_STOP,other,0.010000000000000009,-0.010000000000000009,-0.675000000000006,-0.6634025573730469,-0.6692012786865265,0.010000000000000009,True
kxcacpiyoy26apr20t22-0x1f61db83,KXCACPIYOY-26APR20-T2.2,short_spread,TIME_STOP,inflation,0.0,0.0,0.39999999999999875,0.40071478486061096,0.4003573924303049,0.0,True
kxcacpiyoy26apr20t2-0x1f61db83,KXCACPIYOY-26APR20-T2,short_spread,TIME_STOP,inflation,0.0,0.0,0.46000000000000346,0.4588298201560974,0.45941491007805046,0.0,True
kxcacpiyoy26apr20t19-0x29c639f7,KXCACPIYOY-26APR20-T1.9,short_spread,TIME_STOP,inflation,0.0,0.0,0.8105000000000044,0.8066341280937195,0.808567064046862,0.0,True
kxcacpiyoy26apr20t23-0x29c639f7,KXCACPIYOY-26APR20-T2.3,short_spread,TIME_STOP,inflation,0.06499999999999995,-0.06499999999999995,0.735499999999999,0.7355275750160217,0.7355137875080104,-0.06499999999999995,True
kxtruthsocial26apr18t220-0x8cec42fa,KXTRUTHSOCIAL-26APR18-T220,long_spread,TIME_STOP,other,0.010000000000000009,-0.010000000000000009,-0.6750000000000181,-0.6641258001327515,-0.6695629000663847,0.010000000000000009,True
kxtruthsocial26apr18b149-0x8cec42fa,KXTRUTHSOCIAL-26APR18-B149,long_spread,TIME_STOP,other,0.010000000000000009,-0.010000000000000009,-0.4149999999999996,-0.4177097678184509,-0.41635488390922526,0.010000000000000009,True
kxcacpiyoy26apr20t24-0x29c639f7,KXCACPIYOY-26APR20-T2.4,short_spread,TIME_STOP,inflation,0.030000000000000027,-0.030000000000000027,0.6404999999999992,0.6385451555252075,0.6395225777626034,-0.030000000000000027,True
kxtruthsocial26apr18b129-0x8cec42fa,KXTRUTHSOCIAL-26APR18-B129,long_spread,TIME_STOP,other,0.015000000000000013,-0.015000000000000013,-0.3400000000000055,-0.3421251177787781,-0.3410625588893918,0.015000000000000013,True
kxcacpiyoy26apr20t25-0x29c639f7,KXCACPIYOY-26APR20-T2.5,short_spread,TIME_STOP,inflation,0.07499999999999996,-0.07499999999999996,0.5754999999999998,0.5684782862663269,0.5719891431331634,-0.07499999999999996,True
kxtruthsocial26apr18b169-0x8cec42fa,KXTRUTHSOCIAL-26APR18-B169,long_spread,TIME_STOP,other,0.010000000000000009,-0.010000000000000009,-0.6050000000000013,-0.5882208347320557,-0.5966104173660285,0.010000000000000009,True
kxcacpiyoy26apr20t21-0x1f61db83,KXCACPIYOY-26APR20-T2.1,short_spread,TIME_STOP,inflation,0.0,0.0,0.42999999999999866,0.42784109711647034,0.42892054855823447,0.0,True
kxcacpiyoy26apr20t18-0x29c639f7,KXCACPIYOY-26APR20-T1.8,short_spread,TIME_STOP,inflation,0.0,0.0,0.8105000000000044,0.8066341280937195,0.808567064046862,0.0,True
kxcacpiyoy26apr20t2-0x29c639f7,KXCACPIYOY-26APR20-T2,short_spread,TIME_STOP,inflation,0.0,0.0,0.8105000000000044,0.8066341280937195,0.808567064046862,0.0,True
kxcacpiyoy26apr20t22-0x29c639f7,KXCACPIYOY-26APR20-T2.2,short_spread,TIME_STOP,inflation,0.0,0.0,0.7504999999999997,0.7465099692344666,0.7485049846172331,0.0,True
kxtruthsocial26apr18b189-0x8cec42fa,KXTRUTHSOCIAL-26APR18-B189,long_spread,TIME_STOP,other,0.010000000000000009,-0.010000000000000009,-0.6550000000000014,-0.6484647393226624,-0.6517323696613319,0.010000000000000009,True
kxcacpiyoy26apr20t32-0x1f61db83,KXCACPIYOY-26APR20-T3.2,long_spread,TIME_STOP,inflation,0.0,0.0,-0.48000000000000015,-0.4777158498764038,-0.478857924938202,0.0,True
kxcacpiyoy26apr20t26-0x29c639f7,KXCACPIYOY-26APR20-T2.6,short_spread,TIME_STOP,inflation,0.07999999999999996,-0.07999999999999996,0.4104999999999999,0.4145803153514862,0.41254015767574304,-0.07999999999999996,True
kxcacpiyoy26apr20t23-0x1f61db83,KXCACPIYOY-26APR20-T2.3,short_spread,TIME_STOP,inflation,0.06499999999999995,-0.06499999999999995,0.3849999999999982,0.38767901062965393,0.3863395053148261,-0.06499999999999995,True
kxcacpiyoy26apr20t3-0x1f61db83,KXCACPIYOY-26APR20-T3,long_spread,TIME_STOP,inflation,0.0,0.0,-0.439999999999998,-0.43632182478904724,-0.4381609123945226,0.0,True
kxcacpiyoy26apr20t21-0x29c639f7,KXCACPIYOY-26APR20-T2.1,short_spread,TIME_STOP,inflation,0.0,0.0,0.7804999999999996,0.7775837182998657,0.7790418591499326,0.0,True
kxcacpiyoy26apr20t31-0x1f61db83,KXCACPIYOY-26APR20-T3.1,long_spread,TIME_STOP,inflation,0.0,0.0,-0.45999999999999963,-0.46056169271469116,-0.4602808463573454,0.0,True
kxkatzout26jan0127jan01-0xb25a93dc,KXKATZOUT-26JAN01-27JAN01,short_spread,RESOLUTION_EXIT,other,0.0,0.0,0.433000000000005,0.43367868661880493,0.43333934330940493,0.0,True
kxtechlayoff26mar20-0x74f19011,KXTECHLAYOFF-26MAR-2.0,long_spread,RESOLUTION_EXIT,other,-0.05500000000000005,0.05500000000000005,-0.3449999999999962,-0.36169567704200745,-0.3533478385210018,-0.05500000000000005,True
kxmusknw26apr30t620-0x88b2a7dd,KXMUSKNW-26APR30-T620,short_spread,TIME_STOP,other,0.04000000000000009,-0.04000000000000009,0.5050000000000047,0.5003940463066101,0.5026970231533074,-0.04000000000000009,True
kxmusknw26apr30t610-0x88b2a7dd,KXMUSKNW-26APR30-T610,short_spread,TIME_STOP,other,0.05500000000000005,-0.05500000000000005,0.5550000000000039,0.5563706755638123,0.5556853377819081,-0.05500000000000005,True
kxmusknw26apr30t630-0x88b2a7dd,KXMUSKNW-26APR30-T630,short_spread,TIME_STOP,other,0.03999999999999987,-0.03999999999999987,0.4100000000000043,0.41463977098464966,0.412319885492327,-0.03999999999999987,True
kxgdp26apr30t20-0x88d5a8b1,KXGDP-26APR30-T2.0,short_spread,TIME_STOP,gdp,0.0010000000000000009,-0.0010000000000000009,0.4445000000000014,0.4447936713695526,0.44464683568477703,-0.0010000000000000009,True
kxgdp26apr30t15-0x88d5a8b1,KXGDP-26APR30-T1.5,short_spread,TIME_STOP,gdp,0.035499999999999976,-0.035499999999999976,0.6384999999999996,0.6384879946708679,0.6384939973354338,-0.035499999999999976,True
kxcpiyoy26aprt37-0xbef75184,KXCPIYOY-26APR-T3.7,long_spread,TIME_STOP,inflation,-0.0050000000000000044,0.0050000000000000044,-0.5849999999999985,-0.5896109342575073,-0.587305467128753,-0.0050000000000000044,True
kxkatzout26jan0127jan01-0xb25a93dc,KXKATZOUT-26JAN01-27JAN01,short_spread,RESOLUTION_EXIT,other,0.0,0.0,0.43299999999999905,0.43367868661880493,0.433339343309402,0.0,True
kxtechlayoff26mar20-0x74f19011,KXTECHLAYOFF-26MAR-2.0,long_spread,RESOLUTION_EXIT,other,-0.0050000000000000044,0.0050000000000000044,-0.34000000000000596,-0.3589461147785187,-0.3494730573892623,-0.0050000000000000044,True
kxtechlayoff26mar20-0x74f19011,KXTECHLAYOFF-26MAR-2.0,long_spread,RESOLUTION_EXIT,other,0.17000000000000004,-0.17000000000000004,-0.5100000000000041,-0.5212568044662476,-0.5156284022331259,0.17000000000000004,True
kxkatzout26jan0127jan01-0xb25a93dc,KXKATZOUT-26JAN01-27JAN01,short_spread,RESOLUTION_EXIT,other,0.0,0.0,0.4329999999999979,0.43367868661880493,0.4333393433094014,0.0,True
kxfisaextend26mar-0x61212670,KXFISAEXTEND-26MAR,short_spread,RESOLUTION_EXIT,other,0.07,-0.07,0.3000000000000023,0.30162540078163147,0.30081270039081687,-0.07,True
kxkatzout26jan0127jan01-0xb25a93dc,KXKATZOUT-26JAN01-27JAN01,short_spread,RESOLUTION_EXIT,other,0.0,0.0,0.432999999999999,0.43367868661880493,0.43333934330940194,0.0,True
kxtechlayoff26mar20-0x74f19011,KXTECHLAYOFF-26MAR-2.0,long_spread,RESOLUTION_EXIT,other,0.0,0.0,-0.5100000000000063,-0.5212568044662476,-0.515628402233127,0.0,True
kxcacpiyoy26apr20t25-0x29c639f7,KXCACPIYOY-26APR20-T2.5,short_spread,TIME_STOP,inflation,0.07050000000000001,-0.07050000000000001,0.6459999999999998,0.6438219547271729,0.6449109773635864,-0.07050000000000001,True
kxtruthsocial26apr18b149-0x8cec42fa,KXTRUTHSOCIAL-26APR18-B149,long_spread,TIME_STOP,other,0.010000000000000064,-0.010000000000000064,-0.4250000000000001,-0.43432357907295227,-0.42966178953647616,0.010000000000000064,True
kxtruthsocial26apr18b210-0x8cec42fa,KXTRUTHSOCIAL-26APR18-B210,long_spread,TIME_STOP,other,0.010000000000000009,-0.010000000000000009,-0.6850000000000057,-0.6730954647064209,-0.6790477323532134,0.010000000000000009,True
kxtruthsocial26apr18b189-0x8cec42fa,KXTRUTHSOCIAL-26APR18-B189,long_spread,TIME_STOP,other,0.010000000000000009,-0.010000000000000009,-0.6649999999999998,-0.6724631190299988,-0.6687315595149993,0.010000000000000009,True
kxcacpiyoy26apr20t2-0x1f61db83,KXCACPIYOY-26APR20-T2,short_spread,TIME_STOP,inflation,0.0,0.0,0.46000000000000346,0.4588298201560974,0.45941491007805046,0.0,True
kxcacpiyoy26apr20t24-0x29c639f7,KXCACPIYOY-26APR20-T2.4,short_spread,TIME_STOP,inflation,0.12050000000000005,-0.12050000000000005,0.7609999999999992,0.7634317874908447,0.762215893745422,-0.12050000000000005,True
kxcacpiyoy26apr20t2-0x29c639f7,KXCACPIYOY-26APR20-T2,short_spread,TIME_STOP,inflation,0.0004999999999999449,-0.0004999999999999449,0.8110000000000045,0.8189417719841003,0.8149708859920524,-0.0004999999999999449,True
kxcacpiyoy26apr20t3-0x1f61db83,KXCACPIYOY-26APR20-T3,long_spread,TIME_STOP,inflation,-0.015000000000000013,0.015000000000000013,-0.42499999999999805,-0.431691974401474,-0.428345987200736,-0.015000000000000013,True
kxcacpiyoy26apr20t18-0x29c639f7,KXCACPIYOY-26APR20-T1.8,short_spread,TIME_STOP,inflation,0.0004999999999999449,-0.0004999999999999449,0.8110000000000045,0.8189417719841003,0.8149708859920524,-0.0004999999999999449,True
kxtruthsocial26apr18b129-0x8cec42fa,KXTRUTHSOCIAL-26APR18-B129,long_spread,TIME_STOP,other,0.0050000000000000044,-0.0050000000000000044,-0.3450000000000064,-0.34817737340927124,-0.3465886867046388,0.0050000000000000044,True
kxcacpiyoy26apr20t31-0x1f61db83,KXCACPIYOY-26APR20-T3.1,long_spread,TIME_STOP,inflation,0.0,0.0,-0.45999999999999963,-0.46056169271469116,-0.4602808463573454,0.0,True
kxtruthsocial26apr18t220-0x8cec42fa,KXTRUTHSOCIAL-26APR18-T220,long_spread,TIME_STOP,other,0.010000000000000009,-0.010000000000000009,-0.6850000000000173,-0.6738187074661255,-0.6794093537330714,0.010000000000000009,True
kxcacpiyoy26apr20t32-0x1f61db83,KXCACPIYOY-26APR20-T3.2,long_spread,TIME_STOP,inflation,0.0,0.0,-0.48000000000000015,-0.4777158498764038,-0.478857924938202,0.0,True
kxtruthsocial26apr18b169-0x8cec42fa,KXTRUTHSOCIAL-26APR18-B169,long_spread,TIME_STOP,other,0.010000000000000009,-0.010000000000000009,-0.6150000000000002,-0.6344254612922668,-0.6247127306461335,0.010000000000000009,True
kxcacpiyoy26apr20t21-0x29c639f7,KXCACPIYOY-26APR20-T2.1,short_spread,TIME_STOP,inflation,0.005499999999999838,-0.005499999999999838,0.7859999999999996,0.7858884930610657,0.7859442465305326,-0.005499999999999838,True
kxcacpiyoy26apr20t26-0x29c639f7,KXCACPIYOY-26APR20-T2.6,short_spread,TIME_STOP,inflation,0.11050000000000004,-0.11050000000000004,0.5209999999999999,0.5150220394134521,0.518011019706726,-0.11050000000000004,True
kxcacpiyoy26apr20t24-0x1f61db83,KXCACPIYOY-26APR20-T2.4,short_spread,TIME_STOP,inflation,0.1200000000000001,-0.1200000000000001,0.4099999999999983,0.41273367404937744,0.4113668370246879,-0.1200000000000001,True
kxcacpiyoy26apr20t23-0x1f61db83,KXCACPIYOY-26APR20-T2.3,short_spread,TIME_STOP,inflation,0.025000000000000133,-0.025000000000000133,0.4099999999999983,0.41273367404937744,0.4113668370246879,-0.025000000000000133,True
kxcacpiyoy26apr20t19-0x29c639f7,KXCACPIYOY-26APR20-T1.9,short_spread,TIME_STOP,inflation,0.0004999999999999449,-0.0004999999999999449,0.8110000000000045,0.8189417719841003,0.8149708859920524,-0.0004999999999999449,True
kxcacpiyoy26apr20t21-0x1f61db83,KXCACPIYOY-26APR20-T2.1,short_spread,TIME_STOP,inflation,0.004999999999999893,-0.004999999999999893,0.43499999999999855,0.4328688085079193,0.4339344042539589,-0.004999999999999893,True
kxcacpiyoy26apr20t22-0x29c639f7,KXCACPIYOY-26APR20-T2.2,short_spread,TIME_STOP,inflation,0.020499999999999963,-0.020499999999999963,0.7709999999999997,0.7652853727340698,0.7681426863670348,-0.020499999999999963,True
kxcacpiyoy26apr20t22-0x1f61db83,KXCACPIYOY-26APR20-T2.2,short_spread,TIME_STOP,inflation,0.020000000000000018,-0.020000000000000018,0.41999999999999865,0.41875046491622925,0.4193752324581139,-0.020000000000000018,True
kxcacpiyoy26apr20t23-0x29c639f7,KXCACPIYOY-26APR20-T2.3,short_spread,TIME_STOP,inflation,0.025500000000000078,-0.025500000000000078,0.7609999999999992,0.7634317874908447,0.762215893745422,-0.025500000000000078,True
kxfeddecision26decc25-0xc60022fe,KXFEDDECISION-26DEC-C25,long_spread,MOMENTUM,fed_rates,0.025000000000000022,-0.025000000000000022,-0.3699999999999965,-0.37466686964035034,-0.37233343482017345,0.025000000000000022,True
kxleadersout27jan01lsilbra-0xa73a98fd,KXLEADERSOUT-27JAN01-LSILBRA,short_spread,MOMENTUM,politics_policy,0.06949999999999995,-0.06949999999999995,0.33249999999999397,0.33537957072257996,0.333939785361287,-0.06949999999999995,True
kxvisitnyc26jun01djtnyc-0x154a7f7d,KXVISITNYC-26JUN01-DJTNYC,long_spread,MOMENTUM,politics_policy,-0.0020000000000000018,0.0020000000000000018,-0.5880000000000204,-0.5944018363952637,-0.5912009181976421,-0.0020000000000000018,True
kxmusknw26apr30t640-0xc264391c,KXMUSKNW-26APR30-T640,short_spread,TIME_STOP,other,-0.08999999999999997,0.08999999999999997,0.3750000000000035,0.3763309419155121,0.3756654709577578,0.08999999999999997,True
kxkatzout26jan0127jan01-0xb25a93dc,KXKATZOUT-26JAN01-27JAN01,short_spread,RESOLUTION_EXIT,other,0.0,0.0,0.433000000000005,0.43367868661880493,0.43333934330940493,0.0,True
kxtechlayoff26mar20-0x74f19011,KXTECHLAYOFF-26MAR-2.0,long_spread,RESOLUTION_EXIT,other,0.0,0.0,-0.5099999999999963,-0.5212568044662476,-0.5156284022331219,0.0,True
kxdoged26apr1519t00949999-0x49f92406,KXDOGED-26APR1519-T0.0949999,short_spread,RESOLUTION_EXIT,crypto,0.0,0.0,0.6650000000000049,0.6542981863021851,0.659649093151095,0.0,True
kxfisaextend26mar-0x61212670,KXFISAEXTEND-26MAR,short_spread,RESOLUTION_EXIT,other,0.0050000000000000044,-0.0050000000000000044,0.30000000000000426,0.301628977060318,0.30081448853016113,-0.0050000000000000044,True
kxkatzout26jan0127jan01-0xb25a93dc,KXKATZOUT-26JAN01-27JAN01,short_spread,RESOLUTION_EXIT,other,0.0,0.0,0.43299999999999955,0.43367868661880493,0.43333934330940227,0.0,True
kxdoged26apr1519t00949999-0x49f92406,KXDOGED-26APR1519-T0.0949999,short_spread,RESOLUTION_EXIT,crypto,0.0,0.0,0.6650000000000049,0.6542981863021851,0.659649093151095,0.0,True
kxdoged26apr1519t00899999-0x49f92406,KXDOGED-26APR1519-T0.0899999,short_spread,RESOLUTION_EXIT,crypto,-0.22999999999999998,0.22999999999999998,0.715000000000005,0.7130123972892761,0.7140061986446405,0.22999999999999998,True
kxfisaextend26mar-0x61212670,KXFISAEXTEND-26MAR,short_spread,RESOLUTION_EXIT,other,0.0,0.0,0.30000000000000426,0.301628977060318,0.30081448853016113,0.0,True
kxtechlayoff26mar20-0x74f19011,KXTECHLAYOFF-26MAR-2.0,long_spread,RESOLUTION_EXIT,other,0.0,0.0,-0.5100000000000063,-0.5212568044662476,-0.515628402233127,0.0,True
kxtrumpapprovalyear26dec3148-0xd2e96e78,KXTRUMPAPPROVALYEAR-26DEC31-48,long_spread,MOMENTUM,other,-0.010000000000000009,0.010000000000000009,-0.30499999999999955,-0.31590402126312256,-0.310452010631561,-0.010000000000000009,True
kxcacpiyoy26apr20t22-0x29c639f7,KXCACPIYOY-26APR20-T2.2,short_spread,TIME_STOP,inflation,-0.0004999999999999449,0.0004999999999999449,0.7704999999999996,0.7652853727340698,0.7678926863670348,0.0004999999999999449,True
kxdegdpyoyf26apr30t0-0xb0c7a573,KXDEGDPYOYF-26APR30-T0,short_spread,MOMENTUM,gdp,-0.004999999999999893,0.004999999999999893,0.6160000000000009,0.6176193356513977,0.6168096678256993,0.004999999999999893,True
kxcacpiyoy26apr20t31-0x1f61db83,KXCACPIYOY-26APR20-T3.1,long_spread,TIME_STOP,inflation,0.0,0.0,-0.45999999999999963,-0.46056169271469116,-0.4602808463573454,0.0,True
kxcacpiyoy26apr20t23-0x1f61db83,KXCACPIYOY-26APR20-T2.3,short_spread,TIME_STOP,inflation,0.0,0.0,0.4099999999999983,0.41273367404937744,0.4113668370246879,0.0,True
kxcacpiyoy26apr20t22-0x1f61db83,KXCACPIYOY-26APR20-T2.2,short_spread,TIME_STOP,inflation,0.0,0.0,0.419999999999999,0.41875046491622925,0.41937523245811414,0.0,True
kxtruthsocial26apr18b129-0x8cec42fa,KXTRUTHSOCIAL-26APR18-B129,long_spread,TIME_STOP,other,-0.010000000000000009,0.010000000000000009,-0.3350000000000019,-0.33717748522758484,-0.3360887426137934,-0.010000000000000009,True
kxcacpiyoy26apr20t24-0x29c639f7,KXCACPIYOY-26APR20-T2.4,short_spread,TIME_STOP,inflation,-0.0004999999999999449,0.0004999999999999449,0.7604999999999993,0.7634317874908447,0.761965893745422,0.0004999999999999449,True
kxcacpiyoy26apr20t21-0x29c639f7,KXCACPIYOY-26APR20-T2.1,short_spread,TIME_STOP,inflation,-0.0004999999999999449,0.0004999999999999449,0.7854999999999995,0.7858884930610657,0.7856942465305325,0.0004999999999999449,True
kxtruthsocial26apr18t220-0x8cec42fa,KXTRUTHSOCIAL-26APR18-T220,long_spread,TIME_STOP,other,-0.010000000000000009,0.010000000000000009,-0.6750000000000154,-0.6731863617897034,-0.6740931808948594,-0.010000000000000009,True
kxcacpiyoy26apr20t24-0x1f61db83,KXCACPIYOY-26APR20-T2.4,short_spread,TIME_STOP,inflation,0.0,0.0,0.4099999999999983,0.41273367404937744,0.4113668370246879,0.0,True
kxcacpiyoy26apr20t26-0x29c639f7,KXCACPIYOY-26APR20-T2.6,short_spread,TIME_STOP,inflation,-0.0004999999999999449,0.0004999999999999449,0.5205,0.5150220394134521,0.5177610197067261,0.0004999999999999449,True
kxcacpiyoy26apr20t19-0x29c639f7,KXCACPIYOY-26APR20-T1.9,short_spread,TIME_STOP,inflation,-0.0004999999999999449,0.0004999999999999449,0.8105000000000044,0.8066341280937195,0.808567064046862,0.0004999999999999449,True
kxcacpiyoy26apr20t21-0x1f61db83,KXCACPIYOY-26APR20-T2.1,short_spread,TIME_STOP,inflation,0.0,0.0,0.43499999999999855,0.4328688085079193,0.4339344042539589,0.0,True
kxdegdpyoyf26apr30t02-0xb0c7a573,KXDEGDPYOYF-26APR30-T0.2,short_spread,MOMENTUM,gdp,-0.004999999999999893,0.004999999999999893,0.5459999999999966,0.5429394245147705,0.5444697122573836,0.004999999999999893,True
kxdegdpyoyf26apr30t01-0xb0c7a573,KXDEGDPYOYF-26APR30-T0.1,short_spread,MOMENTUM,gdp,-0.004999999999999893,0.004999999999999893,0.5759999999999984,0.5689884424209595,0.5724942212104789,0.004999999999999893,True
kxcacpiyoy26apr20t2-0x29c639f7,KXCACPIYOY-26APR20-T2,short_spread,TIME_STOP,inflation,-0.0004999999999999449,0.0004999999999999449,0.810499999999999,0.8066341280937195,0.8085670640468592,0.0004999999999999449,True
kxtruthsocial26apr18b210-0x8cec42fa,KXTRUTHSOCIAL-26APR18-B210,long_spread,TIME_STOP,other,0.0,0.0,-0.6850000000000059,-0.6730954647064209,-0.6790477323532134,0.0,True
kxdegdpyoyf26apr30t03-0xb0c7a573,KXDEGDPYOYF-26APR30-T0.3,short_spread,MOMENTUM,gdp,-0.0050000000000000044,0.0050000000000000044,0.3759999999999961,0.37646302580833435,0.37623151290416523,0.0050000000000000044,True
kxcacpiyoy26apr20t2-0x1f61db83,KXCACPIYOY-26APR20-T2,short_spread,TIME_STOP,inflation,0.0,0.0,0.4599999999999978,0.4588298201560974,0.4594149100780476,0.0,True
kxtruthsocial26apr18b149-0x8cec42fa,KXTRUTHSOCIAL-26APR18-B149,long_spread,TIME_STOP,other,0.014999999999999958,-0.014999999999999958,-0.44000000000000417,-0.4377729892730713,-0.4388864946365377,0.014999999999999958,True
kxcacpiyoy26apr20t18-0x29c639f7,KXCACPIYOY-26APR20-T1.8,short_spread,TIME_STOP,inflation,-0.0004999999999999449,0.0004999999999999449,0.8105000000000044,0.8066341280937195,0.808567064046862,0.0004999999999999449,True
kxtruthsocial26apr18b169-0x8cec42fa,KXTRUTHSOCIAL-26APR18-B169,long_spread,TIME_STOP,other,-0.0050000000000000044,0.0050000000000000044,-0.6100000000000029,-0.604699969291687,-0.607349984645845,-0.0050000000000000044,True
kxtruthsocial26apr18b189-0x8cec42fa,KXTRUTHSOCIAL-26APR18-B189,long_spread,TIME_STOP,other,0.0,0.0,-0.6650000000000006,-0.6724631190299988,-0.6687315595149996,0.0,True
kxcacpiyoy26apr20t23-0x29c639f7,KXCACPIYOY-26APR20-T2.3,short_spread,TIME_STOP,inflation,-0.0004999999999999449,0.0004999999999999449,0.7604999999999993,0.7634317874908447,0.761965893745422,0.0004999999999999449,True
kxcacpiyoy26apr20t25-0x29c639f7,KXCACPIYOY-26APR20-T2.5,short_spread,TIME_STOP,inflation,-0.0004999999999999449,0.0004999999999999449,0.6454999999999997,0.6438219547271729,0.6446609773635863,0.0004999999999999449,True
kxcacpiyoy26apr20t3-0x1f61db83,KXCACPIYOY-26APR20-T3,long_spread,TIME_STOP,inflation,0.0,0.0,-0.42499999999999805,-0.431691974401474,-0.428345987200736,0.0,True
kxcacpiyoy26apr20t32-0x1f61db83,KXCACPIYOY-26APR20-T3.2,long_spread,TIME_STOP,inflation,0.0,0.0,-0.48000000000000015,-0.4777158498764038,-0.478857924938202,0.0,True
kxtechlayoff26mar20-0x74f19011,KXTECHLAYOFF-26MAR-2.0,long_spread,RESOLUTION_EXIT,other,0.025000000000000022,-0.025000000000000022,-0.5350000000000064,-0.5233573913574219,-0.5291786956787141,0.025000000000000022,True
kxfisaextend26mar-0x61212670,KXFISAEXTEND-26MAR,short_spread,RESOLUTION_EXIT,other,0.0050000000000000044,-0.0050000000000000044,0.309999999999999,0.31645870208740234,0.31322935104370064,-0.0050000000000000044,True
kxkatzout26jan0127jan01-0xb25a93dc,KXKATZOUT-26JAN01-27JAN01,short_spread,RESOLUTION_EXIT,other,0.0,0.0,0.432999999999999,0.43367868661880493,0.43333934330940194,0.0,True
kxcpiyoy26aprt31-0x1f61db83,KXCPIYOY-26APR-T3.1,short_spread,TIME_STOP,inflation,-0.010000000000000009,0.010000000000000009,0.4649999999999869,0.46762412786483765,0.4663120639324123,0.010000000000000009,True
kxdegdpyoyf26apr30t02-0x88d5a8b1,KXDEGDPYOYF-26APR30-T0.2,short_spread,TIME_STOP,gdp,0.0,0.0,0.782999999999998,0.7853673100471497,0.7841836550235739,0.0,True
kxcpiyoy26aprt30-0x1f61db83,KXCPIYOY-26APR-T3.0,short_spread,TIME_STOP,inflation,-0.010000000000000009,0.010000000000000009,0.4549999999999856,0.45090359449386597,0.4529517972469258,0.010000000000000009,True
kxgdp26apr30t10-0x88d5a8b1,KXGDP-26APR30-T1.0,short_spread,TIME_STOP,gdp,0.0045000000000000595,-0.0045000000000000595,0.7980000000000026,0.7949649691581726,0.7964824845790877,-0.0045000000000000595,True
kxdegdpyoyf26apr30t01-0x88d5a8b1,KXDEGDPYOYF-26APR30-T0.1,short_spread,TIME_STOP,gdp,0.0,0.0,0.8130000000000002,0.8190208673477173,0.8160104336738587,0.0,True
kxpayrolls26aprt10000-0x73f2be73,KXPAYROLLS-26APR-T10000,short_spread,TIME_STOP,other,0.0050000000000000044,-0.0050000000000000044,0.6700000000000048,0.6744306087493896,0.6722153043746972,-0.0050000000000000044,True
kxdegdpyoyf26apr30t05-0x88d5a8b1,KXDEGDPYOYF-26APR30-T0.5,short_spread,TIME_STOP,gdp,0.0,0.0,0.3579999999999964,0.35780414938926697,0.35790207469463164,0.0,True
kxcpiyoy26aprt33-0x1f61db83,KXCPIYOY-26APR-T3.3,short_spread,TIME_STOP,inflation,-0.009999999999999898,0.009999999999999898,0.4300000000000031,0.42784109711647034,0.4289205485582367,0.009999999999999898,True
kxcpiyoy26aprt32-0x1f61db83,KXCPIYOY-26APR-T3.2,short_spread,TIME_STOP,inflation,-0.025000000000000022,0.025000000000000022,0.4349999999999991,0.4328688085079193,0.43393440425395924,0.025000000000000022,True
kxdegdpyoyf26apr30t04-0x88d5a8b1,KXDEGDPYOYF-26APR30-T0.4,short_spread,TIME_STOP,gdp,0.0,0.0,0.4779999999999964,0.4762747883796692,0.4771373941898328,0.0,True
kxdegdpyoyf26apr30t03-0x88d5a8b1,KXDEGDPYOYF-26APR30-T0.3,short_spread,TIME_STOP,gdp,0.004999999999999893,-0.004999999999999893,0.6179999999999963,0.6172569990158081,0.6176284995079022,-0.004999999999999893,True
kxukcpiyoy26apr22t35-0xbef75184,KXUKCPIYOY-26APR22-T3.5,long_spread,TIME_STOP,inflation,-0.010000000000000009,0.010000000000000009,-0.5750000000000148,-0.5700704455375671,-0.572535222768791,-0.010000000000000009,True
kxcpiyoy26aprt34-0x1f61db83,KXCPIYOY-26APR-T3.4,short_spread,TIME_STOP,inflation,-0.03500000000000003,0.03500000000000003,0.40500000000000097,0.4036294221878052,0.40431471109390305,0.03500000000000003,True
kxmusknw26apr30t640-0x88b2a7dd,KXMUSKNW-26APR30-T640,short_spread,TIME_STOP,other,0.06000000000000011,-0.06000000000000011,0.31500000000000433,0.3211823105812073,0.31809115529060583,-0.06000000000000011,True
kxukcpiyoy26apr22t3-0x1f61db83,KXUKCPIYOY-26APR22-T3,short_spread,TIME_STOP,inflation,0.05999999999999994,-0.05999999999999994,0.4049999999999803,0.4036294221878052,0.4043147110938927,-0.05999999999999994,True
kxkatzout26jan0127jan01-0xb25a93dc,KXKATZOUT-26JAN01-27JAN01,short_spread,RESOLUTION_EXIT,other,0.0,0.0,0.433000000000005,0.43367868661880493,0.43333934330940493,0.0,True
kxtechlayoff26mar20-0x74f19011,KXTECHLAYOFF-26MAR-2.0,long_spread,RESOLUTION_EXIT,other,-0.0050000000000000044,0.0050000000000000044,-0.5299999999999963,-0.523110568523407,-0.5265552842617016,-0.0050000000000000044,True
kxfisaextend26mar-0x61212670,KXFISAEXTEND-26MAR,short_spread,RESOLUTION_EXIT,other,0.08500000000000002,-0.08500000000000002,0.3900000000000043,0.3872837424278259,0.38864187121391514,-0.08500000000000002,True
kxmusknw26apr30t640-0x9218565b,KXMUSKNW-26APR30-T640,short_spread,TIME_STOP,other,-0.08499999999999996,0.08499999999999996,0.344999999999996,0.3387181758880615,0.34185908794402875,0.08499999999999996,True
kxfisaextend26mar-0x61212670,KXFISAEXTEND-26MAR,short_spread,RESOLUTION_EXIT,other,-0.030000000000000027,0.030000000000000027,0.36000000000000226,0.3677489757537842,0.36387448787689325,0.030000000000000027,True
kxkatzout26jan0127jan01-0xb25a93dc,KXKATZOUT-26JAN01-27JAN01,short_spread,RESOLUTION_EXIT,other,0.0,0.0,0.432999999999998,0.43367868661880493,0.4333393433094015,0.0,True
kxtechlayoff26mar20-0x74f19011,KXTECHLAYOFF-26MAR-2.0,long_spread,RESOLUTION_EXIT,other,0.0,0.0,-0.5300000000000038,-0.523110568523407,-0.5265552842617054,0.0,True
kxcacpiyoy26apr20t21-0x29c639f7,KXCACPIYOY-26APR20-T2.1,short_spread,TIME_STOP,inflation,0.0010000000000000009,-0.0010000000000000009,0.7865000000000003,0.7858884930610657,0.7861942465305329,-0.0010000000000000009,True
kxcacpiyoy26apr20t2-0x1f61db83,KXCACPIYOY-26APR20-T2,short_spread,TIME_STOP,inflation,0.0,0.0,0.46000000000000346,0.4588298201560974,0.45941491007805046,0.0,True
kxcacpiyoy26apr20t3-0x1f61db83,KXCACPIYOY-26APR20-T3,long_spread,TIME_STOP,inflation,0.0,0.0,-0.42499999999999805,-0.431691974401474,-0.428345987200736,0.0,True
kxcacpiyoy26apr20t18-0x29c639f7,KXCACPIYOY-26APR20-T1.8,short_spread,TIME_STOP,inflation,0.0010000000000000009,-0.0010000000000000009,0.8115000000000044,0.8189417719841003,0.8152208859920524,-0.0010000000000000009,True
kxcacpiyoy26apr20t25-0x29c639f7,KXCACPIYOY-26APR20-T2.5,short_spread,TIME_STOP,inflation,0.0010000000000000009,-0.0010000000000000009,0.6464999999999997,0.6438219547271729,0.6451609773635862,-0.0010000000000000009,True
kxcacpiyoy26apr20t22-0x29c639f7,KXCACPIYOY-26APR20-T2.2,short_spread,TIME_STOP,inflation,0.0010000000000000009,-0.0010000000000000009,0.7714999999999996,0.7775837182998657,0.7745418591499327,-0.0010000000000000009,True
kxtruthsocial26apr18b129-0x8cec42fa,KXTRUTHSOCIAL-26APR18-B129,long_spread,TIME_STOP,other,0.0,0.0,-0.33500000000000724,-0.34132203459739685,-0.33816101729870207,0.0,True
kxcacpiyoy26apr20t31-0x1f61db83,KXCACPIYOY-26APR20-T3.1,long_spread,TIME_STOP,inflation,0.0,0.0,-0.45999999999999963,-0.46056169271469116,-0.4602808463573454,0.0,True
kxtruthsocial26apr18b169-0x8cec42fa,KXTRUTHSOCIAL-26APR18-B169,long_spread,TIME_STOP,other,0.0050000000000000044,-0.0050000000000000044,-0.615000000000002,-0.6410440802574158,-0.6280220401287089,0.0050000000000000044,True
kxcacpiyoy26apr20t24-0x29c639f7,KXCACPIYOY-26APR20-T2.4,short_spread,TIME_STOP,inflation,0.0010000000000000009,-0.0010000000000000009,0.7614999999999992,0.7634317874908447,0.762465893745422,-0.0010000000000000009,True
kxcacpiyoy26apr20t32-0x1f61db83,KXCACPIYOY-26APR20-T3.2,long_spread,TIME_STOP,inflation,0.0,0.0,-0.48000000000000015,-0.4777158498764038,-0.478857924938202,0.0,True
kxcacpiyoy26apr20t19-0x29c639f7,KXCACPIYOY-26APR20-T1.9,short_spread,TIME_STOP,inflation,0.0010000000000000009,-0.0010000000000000009,0.8115000000000044,0.8189417719841003,0.8152208859920524,-0.0010000000000000009,True
kxcacpiyoy26apr20t2-0x29c639f7,KXCACPIYOY-26APR20-T2,short_spread,TIME_STOP,inflation,0.0010000000000000009,-0.0010000000000000009,0.8115000000000009,0.8189417719841003,0.8152208859920507,-0.0010000000000000009,True
kxcacpiyoy26apr20t23-0x1f61db83,KXCACPIYOY-26APR20-T2.3,short_spread,TIME_STOP,inflation,0.0,0.0,0.4099999999999983,0.41273367404937744,0.4113668370246879,0.0,True
kxtruthsocial26apr18b189-0x8cec42fa,KXTRUTHSOCIAL-26APR18-B189,long_spread,TIME_STOP,other,0.010000000000000009,-0.010000000000000009,-0.6750000000000022,-0.6803221106529236,-0.6776610553264628,0.010000000000000009,True
kxtruthsocial26apr18b149-0x8cec42fa,KXTRUTHSOCIAL-26APR18-B149,long_spread,TIME_STOP,other,0.010000000000000009,-0.010000000000000009,-0.45000000000000623,-0.46245530247688293,-0.45622765123844455,0.010000000000000009,True
kxcacpiyoy26apr20t24-0x1f61db83,KXCACPIYOY-26APR20-T2.4,short_spread,TIME_STOP,inflation,0.0,0.0,0.4099999999999983,0.41273367404937744,0.4113668370246879,0.0,True
kxcacpiyoy26apr20t23-0x29c639f7,KXCACPIYOY-26APR20-T2.3,short_spread,TIME_STOP,inflation,0.0010000000000000009,-0.0010000000000000009,0.7614999999999992,0.7634317874908447,0.762465893745422,-0.0010000000000000009,True
kxtruthsocial26apr18b210-0x8cec42fa,KXTRUTHSOCIAL-26APR18-B210,long_spread,TIME_STOP,other,0.010000000000000009,-0.010000000000000009,-0.6950000000000062,-0.7167803049087524,-0.7058901524543792,0.010000000000000009,True
kxcacpiyoy26apr20t26-0x29c639f7,KXCACPIYOY-26APR20-T2.6,short_spread,TIME_STOP,inflation,0.02100000000000002,-0.02100000000000002,0.5415000000000001,0.5428932905197144,0.5421966452598572,-0.02100000000000002,True
kxcacpiyoy26apr20t22-0x1f61db83,KXCACPIYOY-26APR20-T2.2,short_spread,TIME_STOP,inflation,0.0,0.0,0.4199999999999991,0.41875046491622925,0.41937523245811414,0.0,True
kxcacpiyoy26apr20t21-0x1f61db83,KXCACPIYOY-26APR20-T2.1,short_spread,TIME_STOP,inflation,0.0,0.0,0.4349999999999991,0.4328688085079193,0.43393440425395924,0.0,True
kxtruthsocial26apr18t220-0x8cec42fa,KXTRUTHSOCIAL-26APR18-T220,long_spread,TIME_STOP,other,0.010000000000000009,-0.010000000000000009,-0.6850000000000155,-0.6827458143234253,-0.6838729071617204,0.010000000000000009,True
kxfisaextend26mar-0x61212670,KXFISAEXTEND-26MAR,short_spread,RESOLUTION_EXIT,other,-0.004999999999999893,0.004999999999999893,0.354999999999999,0.3579222857952118,0.3564611428976054,0.004999999999999893,True
kxkatzout26jan0127jan01-0xb25a93dc,KXKATZOUT-26JAN01-27JAN01,short_spread,RESOLUTION_EXIT,other,0.0,0.0,0.4329999999999992,0.43367868661880493,0.43333934330940205,0.0,True
kxtechlayoff26mar20-0x74f19011,KXTECHLAYOFF-26MAR-2.0,long_spread,RESOLUTION_EXIT,other,0.009999999999999898,-0.009999999999999898,-0.5400000000000059,-0.5233573913574219,-0.5316786956787138,0.009999999999999898,True
kxdegdpyoyf26apr30t0-0xb0c7a573,KXDEGDPYOYF-26APR30-T0,short_spread,MOMENTUM,gdp,-0.00550000000000006,0.00550000000000006,0.6105000000000008,0.6097245812416077,0.6101122906208043,0.00550000000000006,True
kxdegdpyoyf26apr30t01-0xb0c7a573,KXDEGDPYOYF-26APR30-T0.1,short_spread,MOMENTUM,gdp,-0.00550000000000006,0.00550000000000006,0.5704999999999983,0.5688044428825378,0.569652221441268,0.00550000000000006,True
kxdegdpyoyf26apr30t02-0xb0c7a573,KXDEGDPYOYF-26APR30-T0.2,short_spread,MOMENTUM,gdp,-0.00550000000000006,0.00550000000000006,0.5404999999999965,0.5429394245147705,0.5417197122573836,0.00550000000000006,True
kxdegdpyoyf26apr30t03-0xb0c7a573,KXDEGDPYOYF-26APR30-T0.3,short_spread,MOMENTUM,gdp,-0.005500000000000005,0.005500000000000005,0.370499999999996,0.36830684542655945,0.36940342271327775,0.005500000000000005,True
kxtop3wealth26dec31larrp-0xd10117db,KXTOP3WEALTH-26DEC31-LARRP,short_spread,MOMENTUM,other,-0.025500000000000023,0.025500000000000023,0.4689999999999998,0.4670150578022003,0.4680075289011001,0.025500000000000023,True
kxgdp26apr30t20-0x0535dc99,KXGDP-26APR30-T2.0,short_spread,MOMENTUM,gdp,-0.015000000000000013,0.015000000000000013,0.3084999999999996,0.3165264129638672,0.31251320648193337,0.015000000000000013,True
kxpayrolls26aprt50000-0x73f2be73,KXPAYROLLS-26APR-T50000,short_spread,TIME_STOP,other,0.010000000000000009,-0.010000000000000009,0.48000000000000487,0.4762747883796692,0.47813739418983703,-0.010000000000000009,True
kxezgdpyoyf26apr30t02-0xbf7d903a,KXEZGDPYOYF-26APR30-T0.2,short_spread,TIME_STOP,other,-0.014499999999999957,0.014499999999999957,0.7740000000000049,0.7780676484107971,0.776033824205401,0.014499999999999957,True
kxfed26aprt375-0xf88da08f,KXFED-26APR-T3.75,long_spread,TIME_STOP,fed_rates,0.004500000000000004,-0.004500000000000004,-0.30749999999999544,-0.3009844124317169,-0.3042422062158562,0.004500000000000004,True
kxezgdpyoyf26apr30t04-0xbf7d903a,KXEZGDPYOYF-26APR30-T0.4,short_spread,TIME_STOP,other,-0.014499999999999957,0.014499999999999957,0.7090000000000037,0.7137399315834045,0.7113699657917041,0.014499999999999957,True
kxmusknw26apr30t600-0xa4e4a9dc,KXMUSKNW-26APR30-T600,short_spread,TIME_STOP,other,-0.13,0.13,0.6899999999999981,0.6848245859146118,0.687412292957305,0.13,True
kxpayrolls26aprt70000-0x73f2be73,KXPAYROLLS-26APR-T70000,short_spread,TIME_STOP,other,0.010000000000000009,-0.010000000000000009,0.38500000000000467,0.3871656060218811,0.3860828030109429,-0.010000000000000009,True
kxpayrolls26aprt60000-0x73f2be73,KXPAYROLLS-26APR-T60000,short_spread,TIME_STOP,other,0.0050000000000000044,-0.0050000000000000044,0.4400000000000047,0.4447936713695526,0.44239683568477867,-0.0050000000000000044,True
kxpayrolls26aprt20000-0x73f2be73,KXPAYROLLS-26APR-T20000,short_spread,TIME_STOP,other,0.0050000000000000044,-0.0050000000000000044,0.6200000000000042,0.6172569990158081,0.6186284995079061,-0.0050000000000000044,True
kxgdp26apr30t10-0xbf7d903a,KXGDP-26APR30-T1.0,short_spread,TIME_STOP,gdp,-0.009999999999999898,0.009999999999999898,0.7090000000000021,0.7137399315834045,0.7113699657917033,0.009999999999999898,True
kxpayrolls26aprt40000-0x73f2be73,KXPAYROLLS-26APR-T40000,short_spread,TIME_STOP,other,0.0050000000000000044,-0.0050000000000000044,0.4950000000000048,0.4901139736175537,0.49255698680877924,-0.0050000000000000044,True
kxpayrolls26aprt30000-0x73f2be73,KXPAYROLLS-26APR-T30000,short_spread,TIME_STOP,other,0.0050000000000000044,-0.0050000000000000044,0.5550000000000048,0.5566020607948303,0.5558010303974176,-0.0050000000000000044,True
kxpayrolls26aprt25000-0x73f2be73,KXPAYROLLS-26APR-T-25000,short_spread,TIME_STOP,other,0.015000000000000013,-0.015000000000000013,0.7850000000000044,0.7865175604820251,0.7857587802410148,-0.015000000000000013,True
kxfisaextend26mar-0x61212670,KXFISAEXTEND-26MAR,short_spread,RESOLUTION_EXIT,other,0.0,0.0,0.3750000000000042,0.37646302580833435,0.3757315129041693,0.0,True
kxtechlayoff26mar20-0x74f19011,KXTECHLAYOFF-26MAR-2.0,long_spread,RESOLUTION_EXIT,other,-0.050000000000000044,0.050000000000000044,-0.485000000000006,-0.488857239484787,-0.4869286197423965,-0.050000000000000044,True
kxkatzout26jan0127jan01-0xb25a93dc,KXKATZOUT-26JAN01-27JAN01,short_spread,RESOLUTION_EXIT,other,0.0,0.0,0.4329999999999996,0.43367868661880493,0.43333934330940227,0.0,True
kxcacpiyoy26apr20t23-0x1f61db83,KXCACPIYOY-26APR20-T2.3,short_spread,TIME_STOP,inflation,0.0,0.0,0.4099999999999983,0.41273367404937744,0.4113668370246879,0.0,True
kxtruthsocial26apr18t220-0x8cec42fa,KXTRUTHSOCIAL-26APR18-T220,long_spread,TIME_STOP,other,0.0050000000000000044,-0.0050000000000000044,-0.6900000000000149,-0.7028388381004333,-0.6964194190502242,0.0050000000000000044,True
kxtruthsocial26apr18b210-0x8cec42fa,KXTRUTHSOCIAL-26APR18-B210,long_spread,TIME_STOP,other,-0.0050000000000000044,0.0050000000000000044,-0.690000000000006,-0.7021155953407288,-0.6960577976703675,-0.0050000000000000044,True
kxcacpiyoy26apr20t32-0x1f61db83,KXCACPIYOY-26APR20-T3.2,long_spread,TIME_STOP,inflation,0.0,0.0,-0.48000000000000015,-0.4777158498764038,-0.478857924938202,0.0,True
kxcacpiyoy26apr20t31-0x1f61db83,KXCACPIYOY-26APR20-T3.1,long_spread,TIME_STOP,inflation,0.0,0.0,-0.4599999999999995,-0.46056169271469116,-0.46028084635734534,0.0,True
kxcacpiyoy26apr20t19-0x29c639f7,KXCACPIYOY-26APR20-T1.9,short_spread,TIME_STOP,inflation,-0.0030000000000000027,0.0030000000000000027,0.8085000000000044,0.8066341280937195,0.807567064046862,0.0030000000000000027,True
kxcacpiyoy26apr20t21-0x1f61db83,KXCACPIYOY-26APR20-T2.1,short_spread,TIME_STOP,inflation,0.0,0.0,0.43499999999999867,0.4328688085079193,0.433934404253959,0.0,True
kxcacpiyoy26apr20t2-0x29c639f7,KXCACPIYOY-26APR20-T2,short_spread,TIME_STOP,inflation,-0.0030000000000000027,0.0030000000000000027,0.8085000000000044,0.8066341280937195,0.807567064046862,0.0030000000000000027,True
kxcacpiyoy26apr20t18-0x29c639f7,KXCACPIYOY-26APR20-T1.8,short_spread,TIME_STOP,inflation,-0.0030000000000000027,0.0030000000000000027,0.8085000000000044,0.8066341280937195,0.807567064046862,0.0030000000000000027,True
kxcacpiyoy26apr20t22-0x29c639f7,KXCACPIYOY-26APR20-T2.2,short_spread,TIME_STOP,inflation,-0.0030000000000000027,0.0030000000000000027,0.7684999999999996,0.7648830413818359,0.7666915206909177,0.0030000000000000027,True
kxcacpiyoy26apr20t24-0x1f61db83,KXCACPIYOY-26APR20-T2.4,short_spread,TIME_STOP,inflation,0.0,0.0,0.4099999999999983,0.41273367404937744,0.4113668370246879,0.0,True
kxcacpiyoy26apr20t23-0x29c639f7,KXCACPIYOY-26APR20-T2.3,short_spread,TIME_STOP,inflation,-0.0030000000000000027,0.0030000000000000027,0.7584999999999992,0.7536942958831787,0.756097147941589,0.0030000000000000027,True
kxcacpiyoy26apr20t26-0x29c639f7,KXCACPIYOY-26APR20-T2.6,short_spread,TIME_STOP,inflation,-0.0030000000000000027,0.0030000000000000027,0.5385000000000002,0.5428932905197144,0.5406966452598573,0.0030000000000000027,True
kxcacpiyoy26apr20t25-0x29c639f7,KXCACPIYOY-26APR20-T2.5,short_spread,TIME_STOP,inflation,0.0019999999999998908,-0.0019999999999998908,0.6484999999999996,0.6438219547271729,0.6461609773635862,-0.0019999999999998908,True
kxtruthsocial26apr18b189-0x8cec42fa,KXTRUTHSOCIAL-26APR18-B189,long_spread,TIME_STOP,other,0.0050000000000000044,-0.0050000000000000044,-0.6800000000000038,-0.6824954748153687,-0.6812477374076862,0.0050000000000000044,True
kxtruthsocial26apr18b169-0x8cec42fa,KXTRUTHSOCIAL-26APR18-B169,long_spread,TIME_STOP,other,0.0050000000000000044,-0.0050000000000000044,-0.6200000000000041,-0.6410440802574158,-0.6305220401287099,0.0050000000000000044,True
kxcacpiyoy26apr20t21-0x29c639f7,KXCACPIYOY-26APR20-T2.1,short_spread,TIME_STOP,inflation,-0.0030000000000000027,0.0030000000000000027,0.7834999999999996,0.7858884930610657,0.7846942465305327,0.0030000000000000027,True
kxtruthsocial26apr18b129-0x8cec42fa,KXTRUTHSOCIAL-26APR18-B129,long_spread,TIME_STOP,other,0.025000000000000022,-0.025000000000000022,-0.3600000000000028,-0.3654721975326538,-0.3627360987663283,0.025000000000000022,True
kxtruthsocial26apr18b149-0x8cec42fa,KXTRUTHSOCIAL-26APR18-B149,long_spread,TIME_STOP,other,0.0050000000000000044,-0.0050000000000000044,-0.455000000000004,-0.46245530247688293,-0.4587276512384435,0.0050000000000000044,True
kxcacpiyoy26apr20t2-0x1f61db83,KXCACPIYOY-26APR20-T2,short_spread,TIME_STOP,inflation,0.0,0.0,0.46000000000000346,0.4588298201560974,0.45941491007805046,0.0,True
kxcacpiyoy26apr20t22-0x1f61db83,KXCACPIYOY-26APR20-T2.2,short_spread,TIME_STOP,inflation,0.0,0.0,0.41999999999999876,0.41875046491622925,0.41937523245811403,0.0,True
kxcacpiyoy26apr20t3-0x1f61db83,KXCACPIYOY-26APR20-T3,long_spread,TIME_STOP,inflation,0.0,0.0,-0.42499999999999805,-0.431691974401474,-0.428345987200736,0.0,True
kxcacpiyoy26apr20t24-0x29c639f7,KXCACPIYOY-26APR20-T2.4,short_spread,TIME_STOP,inflation,-0.0030000000000000027,0.0030000000000000027,0.7584999999999992,0.7536942958831787,0.756097147941589,0.0030000000000000027,True
kxkatzout26jan0127jan01-0xb25a93dc,KXKATZOUT-26JAN01-27JAN01,short_spread,RESOLUTION_EXIT,other,0.0,0.0,0.43300000000000083,0.43367868661880493,0.4333393433094029,0.0,True
kxfisaextend26mar-0x61212670,KXFISAEXTEND-26MAR,short_spread,RESOLUTION_EXIT,other,-0.0050000000000001155,0.0050000000000001155,0.37000000000000205,0.36830684542655945,0.3691534227132808,0.0050000000000001155,True
kxtechlayoff26mar20-0x74f19011,KXTECHLAYOFF-26MAR-2.0,long_spread,RESOLUTION_EXIT,other,-0.07500000000000007,0.07500000000000007,-0.32499999999999757,-0.32800835371017456,-0.32650417685508604,-0.07500000000000007,True
kxdoged26apr1517t00899999-0x49f92406,KXDOGED-26APR1517-T0.0899999,short_spread,RESOLUTION_EXIT,crypto,-0.138,0.138,0.7890000000000049,0.7854318022727966,0.7872159011364008,0.138,True
kxdoged26apr1517t00949999-0x49f92406,KXDOGED-26APR1517-T0.0949999,short_spread,RESOLUTION_EXIT,crypto,-0.14800000000000002,0.14800000000000002,0.669000000000005,0.674228310585022,0.6716141552925134,0.14800000000000002,True
kxdoged26apr1516t00949999-0x49f92406,KXDOGED-26APR1516-T0.0949999,short_spread,RESOLUTION_EXIT,crypto,0.0,0.0,0.463000000000005,0.4672331213951111,0.465116560697558,0.0,True
kxkatzout26jan0127jan01-0xb25a93dc,KXKATZOUT-26JAN01-27JAN01,short_spread,RESOLUTION_EXIT,other,0.0,0.0,0.4330000000000004,0.43367868661880493,0.43333934330940266,0.0,True
kxfisaextend26mar-0x61212670,KXFISAEXTEND-26MAR,short_spread,RESOLUTION_EXIT,other,-0.004999999999999893,0.004999999999999893,0.3649999999999999,0.3677489757537842,0.36637448787689203,0.004999999999999893,True
kxdoged26apr1517t00949999-0x49f92406,KXDOGED-26APR1517-T0.0949999,short_spread,RESOLUTION_EXIT,crypto,-0.006000000000000005,0.006000000000000005,0.663000000000005,0.6542981863021851,0.6586490931510951,0.006000000000000005,True
kxdegdpyoyf26apr30t01-0xb0c7a573,KXDEGDPYOYF-26APR30-T0.1,short_spread,MOMENTUM,gdp,0.0010000000000000009,-0.0010000000000000009,0.5704999999999983,0.5688044428825378,0.569652221441268,-0.0010000000000000009,True
kxdegdpyoyf26apr30t0-0xb0c7a573,KXDEGDPYOYF-26APR30-T0,short_spread,MOMENTUM,gdp,0.0010000000000000009,-0.0010000000000000009,0.6105000000000008,0.6097245812416077,0.6101122906208043,-0.0010000000000000009,True
kxdegdpyoyf26apr30t03-0xb0c7a573,KXDEGDPYOYF-26APR30-T0.3,short_spread,MOMENTUM,gdp,0.0010000000000000009,-0.0010000000000000009,0.37549999999999584,0.37646302580833435,0.3759815129041651,-0.0010000000000000009,True
kxdegdpyoyf26apr30t02-0xb0c7a573,KXDEGDPYOYF-26APR30-T0.2,short_spread,MOMENTUM,gdp,0.0010000000000000009,-0.0010000000000000009,0.5404999999999965,0.5429394245147705,0.5417197122573836,-0.0010000000000000009,True
kxcpiyoy26aprt44-0x1f61db83,KXCPIYOY-26APR-T4.4,long_spread,TIME_STOP,inflation,-0.010000000000000009,0.010000000000000009,-0.4849999999999961,-0.4894745945930481,-0.4872372972965221,-0.010000000000000009,True
kxhegsethannounceout26aprmay01-0x0fcfcfc3,KXHEGSETHANNOUNCEOUT-26APR-MAY01,long_spread,TIME_STOP,other,0.0050000000000000044,-0.0050000000000000044,-0.359999999999998,-0.36349916458129883,-0.3617495822906484,0.0050000000000000044,True
kxukcpiyoy26apr22t4-0x1f61db83,KXUKCPIYOY-26APR22-T4,long_spread,TIME_STOP,inflation,0.0,0.0,-0.415000000000013,-0.41471150517463684,-0.41485575258732493,0.0,True
kxhegsethout26aprmay01-0x0fcfcfc3,KXHEGSETHOUT-26APR-MAY01,long_spread,TIME_STOP,other,0.017000000000000015,-0.017000000000000015,-0.38699999999999557,-0.3801572024822235,-0.38357860124110954,0.017000000000000015,True
kxlutnickout26may01-0x7978663d,KXLUTNICKOUT-26MAY01,long_spread,TIME_STOP,other,-0.005499999999999949,0.005499999999999949,-0.4500000000000051,-0.44611915946006775,-0.4480595797300364,-0.005499999999999949,True
kxcpiyoy26aprt42-0x1f61db83,KXCPIYOY-26APR-T4.2,long_spread,TIME_STOP,inflation,0.0050000000000000044,-0.0050000000000000044,-0.4999999999999956,-0.5002276301383972,-0.5001138150691964,0.0050000000000000044,True
kxdoged26apr1517t00949999-0x49f92406,KXDOGED-26APR1517-T0.0949999,short_spread,RESOLUTION_EXIT,crypto,0.007000000000000006,-0.007000000000000006,0.670000000000005,0.674228310585022,0.6721141552925135,-0.007000000000000006,True
kxkatzout26jan0127jan01-0xb25a93dc,KXKATZOUT-26JAN01-27JAN01,short_spread,RESOLUTION_EXIT,other,0.0,0.0,0.43299999999999933,0.43367868661880493,0.43333934330940216,0.0,True
kxfisaextend26mar-0x61212670,KXFISAEXTEND-26MAR,short_spread,RESOLUTION_EXIT,other,0.0,0.0,0.3650000000000042,0.3677489757537842,0.3663744878768942,0.0,True
kxdoged26apr1516t00949999-0x49f92406,KXDOGED-26APR1516-T0.0949999,short_spread,RESOLUTION_EXIT,crypto,0.006999999999999951,-0.006999999999999951,0.47000000000000497,0.4672331213951111,0.468616560697558,-0.006999999999999951,True
kxtruthsocial26apr18b149-0x8cec42fa,KXTRUTHSOCIAL-26APR18-B149,long_spread,TIME_STOP,other,0.015000000000000013,-0.015000000000000013,-0.4700000000000067,-0.4701870381832123,-0.47009351909160946,0.015000000000000013,True
kxtruthsocial26apr18t220-0x8cec42fa,KXTRUTHSOCIAL-26APR18-T220,long_spread,TIME_STOP,other,0.0,0.0,-0.6900000000000146,-0.7028388381004333,-0.696419419050224,0.0,True
kxcacpiyoy26apr20t23-0x29c639f7,KXCACPIYOY-26APR20-T2.3,short_spread,TIME_STOP,inflation,-0.006000000000000005,0.006000000000000005,0.7524999999999994,0.7536942958831787,0.7530971479415891,0.006000000000000005,True
kxcacpiyoy26apr20t25-0x29c639f7,KXCACPIYOY-26APR20-T2.5,short_spread,TIME_STOP,inflation,-0.010999999999999899,0.010999999999999899,0.6375,0.6384910941123962,0.6379955470561981,0.010999999999999899,True
kxcacpiyoy26apr20t22-0x29c639f7,KXCACPIYOY-26APR20-T2.2,short_spread,TIME_STOP,inflation,-0.006000000000000005,0.006000000000000005,0.7624999999999998,0.7629958391189575,0.7627479195594786,0.006000000000000005,True
kxcacpiyoy26apr20t2-0x1f61db83,KXCACPIYOY-26APR20-T2,short_spread,TIME_STOP,inflation,0.0,0.0,0.46000000000000346,0.4588298201560974,0.45941491007805046,0.0,True
kxcacpiyoy26apr20t31-0x1f61db83,KXCACPIYOY-26APR20-T3.1,long_spread,TIME_STOP,inflation,0.0,0.0,-0.4599999999999994,-0.46056169271469116,-0.4602808463573453,0.0,True
kxcacpiyoy26apr20t23-0x1f61db83,KXCACPIYOY-26APR20-T2.3,short_spread,TIME_STOP,inflation,0.0,0.0,0.40999999999999853,0.41273367404937744,0.411366837024688,0.0,True
kxcacpiyoy26apr20t21-0x29c639f7,KXCACPIYOY-26APR20-T2.1,short_spread,TIME_STOP,inflation,-0.006000000000000005,0.006000000000000005,0.7774999999999997,0.7771813869476318,0.7773406934738158,0.006000000000000005,True
kxcacpiyoy26apr20t18-0x29c639f7,KXCACPIYOY-26APR20-T1.8,short_spread,TIME_STOP,inflation,-0.006000000000000005,0.006000000000000005,0.8025000000000044,0.8062317967414856,0.804365898370745,0.006000000000000005,True
kxcacpiyoy26apr20t26-0x29c639f7,KXCACPIYOY-26APR20-T2.6,short_spread,TIME_STOP,inflation,-0.006000000000000005,0.006000000000000005,0.5325000000000003,0.5307878851890564,0.5316439425945283,0.006000000000000005,True
kxcacpiyoy26apr20t3-0x1f61db83,KXCACPIYOY-26APR20-T3,long_spread,TIME_STOP,inflation,0.0,0.0,-0.42499999999999793,-0.431691974401474,-0.42834598720073597,0.0,True
kxcacpiyoy26apr20t21-0x1f61db83,KXCACPIYOY-26APR20-T2.1,short_spread,TIME_STOP,inflation,0.0,0.0,0.4349999999999988,0.4328688085079193,0.433934404253959,0.0,True
kxtruthsocial26apr18b169-0x8cec42fa,KXTRUTHSOCIAL-26APR18-B169,long_spread,TIME_STOP,other,0.0,0.0,-0.6200000000000027,-0.6410440802574158,-0.6305220401287093,0.0,True
kxtruthsocial26apr18b129-0x8cec42fa,KXTRUTHSOCIAL-26APR18-B129,long_spread,TIME_STOP,other,0.0050000000000000044,-0.0050000000000000044,-0.36500000000000776,-0.3679278492927551,-0.36646392464638144,0.0050000000000000044,True
kxtruthsocial26apr18b189-0x8cec42fa,KXTRUTHSOCIAL-26APR18-B189,long_spread,TIME_STOP,other,0.0,0.0,-0.6800000000000027,-0.6824954748153687,-0.6812477374076857,0.0,True
kxcacpiyoy26apr20t24-0x1f61db83,KXCACPIYOY-26APR20-T2.4,short_spread,TIME_STOP,inflation,0.0,0.0,0.40999999999999853,0.41273367404937744,0.411366837024688,0.0,True
kxcacpiyoy26apr20t24-0x29c639f7,KXCACPIYOY-26APR20-T2.4,short_spread,TIME_STOP,inflation,-0.006000000000000005,0.006000000000000005,0.7524999999999994,0.7536942958831787,0.7530971479415891,0.006000000000000005,True
kxcacpiyoy26apr20t19-0x29c639f7,KXCACPIYOY-26APR20-T1.9,short_spread,TIME_STOP,inflation,-0.006000000000000005,0.006000000000000005,0.8025000000000044,0.8062317967414856,0.804365898370745,0.006000000000000005,True
kxcacpiyoy26apr20t32-0x1f61db83,KXCACPIYOY-26APR20-T3.2,long_spread,TIME_STOP,inflation,0.0,0.0,-0.4799999999999999,-0.4777158498764038,-0.4788579249382019,0.0,True
kxcacpiyoy26apr20t2-0x29c639f7,KXCACPIYOY-26APR20-T2,short_spread,TIME_STOP,inflation,-0.006000000000000005,0.006000000000000005,0.8025000000000044,0.8062317967414856,0.804365898370745,0.006000000000000005,True
kxtruthsocial26apr18b210-0x8cec42fa,KXTRUTHSOCIAL-26APR18-B210,long_spread,TIME_STOP,other,0.0,0.0,-0.6900000000000059,-0.7021155953407288,-0.6960577976703674,0.0,True
kxcacpiyoy26apr20t22-0x1f61db83,KXCACPIYOY-26APR20-T2.2,short_spread,TIME_STOP,inflation,0.0,0.0,0.4199999999999989,0.41875046491622925,0.41937523245811403,0.0,True
kxmusknw26apr30t610-0x0f8ff5a3,KXMUSKNW-26APR30-T610,short_spread,MOMENTUM,other,-0.019999999999999907,0.019999999999999907,0.7149999999999984,0.7130123972892761,0.7140061986446373,0.019999999999999907,True
kxkatzout26jan0127jan01-0xb25a93dc,KXKATZOUT-26JAN01-27JAN01,short_spread,RESOLUTION_EXIT,other,0.0,0.0,0.4329999999999993,0.43367868661880493,0.4333393433094021,0.0,True
kxdoged26apr1517t00949999-0x49f92406,KXDOGED-26APR1517-T0.0949999,short_spread,RESOLUTION_EXIT,crypto,-0.02499999999999991,0.02499999999999991,0.5700000000000051,0.5684940218925476,0.5692470109462764,0.02499999999999991,True
kxtechlayoff26mar20-0x74f19011,KXTECHLAYOFF-26MAR-2.0,long_spread,RESOLUTION_EXIT,other,0.24,-0.24,-0.6200000000000042,-0.624030351638794,-0.622015175819399,0.24,True
kxfisaextend26mar-0x61212670,KXFISAEXTEND-26MAR,short_spread,RESOLUTION_EXIT,other,-0.0050000000000001155,0.0050000000000001155,0.35500000000000426,0.3579222857952118,0.356461142897608,0.0050000000000001155,True
kxfisaextend26mar-0x61212670,KXFISAEXTEND-26MAR,short_spread,RESOLUTION_EXIT,other,0.010000000000000009,-0.010000000000000009,0.36500000000000427,0.3677489757537842,0.3663744878768942,-0.010000000000000009,True
kxkatzout26jan0127jan01-0xb25a93dc,KXKATZOUT-26JAN01-27JAN01,short_spread,RESOLUTION_EXIT,other,0.0,0.0,0.43299999999999805,0.43367868661880493,0.4333393433094015,0.0,True
kxdoged26apr1517t00949999-0x49f92406,KXDOGED-26APR1517-T0.0949999,short_spread,RESOLUTION_EXIT,crypto,-0.09500000000000008,0.09500000000000008,0.4750000000000049,0.4752511978149414,0.4751255989074732,0.09500000000000008,True
kxtechlayoff26mar20-0x74f19011,KXTECHLAYOFF-26MAR-2.0,long_spread,RESOLUTION_EXIT,other,0.0050000000000000044,-0.0050000000000000044,-0.6250000000000072,-0.6292895674705505,-0.6271447837352788,0.0050000000000000044,True
kxkatzout26jan0127jan01-0xb25a93dc,KXKATZOUT-26JAN01-27JAN01,short_spread,RESOLUTION_EXIT,other,0.0,0.0,0.4329999999999993,0.43367868661880493,0.4333393433094021,0.0,True
kxfisaextend26mar-0x61212670,KXFISAEXTEND-26MAR,short_spread,RESOLUTION_EXIT,other,-0.03499999999999992,0.03499999999999992,0.33000000000000423,0.33542507886886597,0.33271253943443513,0.03499999999999992,True
kxtechlayoff26mar20-0x74f19011,KXTECHLAYOFF-26MAR-2.0,long_spread,RESOLUTION_EXIT,other,0.0,0.0,-0.6250000000000066,-0.6292895674705505,-0.6271447837352786,0.0,True
kxdoged26apr1517t00949999-0x49f92406,KXDOGED-26APR1517-T0.0949999,short_spread,RESOLUTION_EXIT,crypto,-0.02949999999999997,0.02949999999999997,0.44550000000000484,0.44563546776771545,0.4455677338838602,0.02949999999999997,True
kxgdp26apr30t20-0x0535dc99,KXGDP-26APR30-T2.0,short_spread,TIME_STOP,gdp,-0.0040000000000000036,0.0040000000000000036,0.3095000000000022,0.3165264129638672,0.3130132064819347,0.0040000000000000036,True
kxmusknw26apr30t600-0x88b2a7dd,KXMUSKNW-26APR30-T600,short_spread,TIME_STOP,other,0.014999999999999902,-0.014999999999999902,0.6499999999999976,0.6438219547271729,0.6469109773635853,-0.014999999999999902,True
kxgdp26apr30t15-0xbf7d903a,KXGDP-26APR30-T1.5,short_spread,TIME_STOP,gdp,0.0739999999999999,-0.0739999999999999,0.5590000000000014,0.5575535297393799,0.5582767648696907,-0.0739999999999999,True
kxcpiyoy26aprt36-0xbef75184,KXCPIYOY-26APR-T3.6,long_spread,TIME_STOP,inflation,-0.04500000000000004,0.04500000000000004,-0.3299999999999988,-0.3170989155769348,-0.3235494577884668,-0.04500000000000004,True
kxpayrolls26aprt80000-0x73f2be73,KXPAYROLLS-26APR-T80000,short_spread,TIME_STOP,other,0.0,0.0,0.30500000000000466,0.31654036045074463,0.3107701802253746,0.0,True
kxcacpiyoy26apr20t24-0x1f61db83,KXCACPIYOY-26APR20-T2.4,short_spread,TIME_STOP,inflation,0.0,0.0,0.40999999999999853,0.41273367404937744,0.411366837024688,0.0,True
kxcacpiyoy26apr20t21-0x1f61db83,KXCACPIYOY-26APR20-T2.1,short_spread,TIME_STOP,inflation,0.0,0.0,0.4349999999999988,0.4328688085079193,0.433934404253959,0.0,True
kxtruthsocial26apr18b149-0x8cec42fa,KXTRUTHSOCIAL-26APR18-B149,long_spread,TIME_STOP,other,-0.010000000000000009,0.010000000000000009,-0.46000000000000657,-0.46575474739074707,-0.46287737369537685,-0.010000000000000009,True
kxcacpiyoy26apr20t3-0x1f61db83,KXCACPIYOY-26APR20-T3,long_spread,TIME_STOP,inflation,0.0,0.0,-0.42499999999999793,-0.431691974401474,-0.42834598720073597,0.0,True
kxcacpiyoy26apr20t23-0x29c639f7,KXCACPIYOY-26APR20-T2.3,short_spread,TIME_STOP,inflation,0.0,0.0,0.7524999999999994,0.7536942958831787,0.7530971479415891,0.0,True
kxcacpiyoy26apr20t24-0x29c639f7,KXCACPIYOY-26APR20-T2.4,short_spread,TIME_STOP,inflation,0.0,0.0,0.7524999999999994,0.7536942958831787,0.7530971479415891,0.0,True
kxcacpiyoy26apr20t23-0x1f61db83,KXCACPIYOY-26APR20-T2.3,short_spread,TIME_STOP,inflation,0.0,0.0,0.40999999999999853,0.41273367404937744,0.411366837024688,0.0,True
kxtruthsocial26apr18t220-0x8cec42fa,KXTRUTHSOCIAL-26APR18-T220,long_spread,TIME_STOP,other,0.0,0.0,-0.6900000000000152,-0.7028388381004333,-0.6964194190502242,0.0,True
kxcacpiyoy26apr20t18-0x29c639f7,KXCACPIYOY-26APR20-T1.8,short_spread,TIME_STOP,inflation,0.0,0.0,0.8025000000000044,0.8062317967414856,0.804365898370745,0.0,True
kxcacpiyoy26apr20t32-0x1f61db83,KXCACPIYOY-26APR20-T3.2,long_spread,TIME_STOP,inflation,0.0,0.0,-0.4799999999999999,-0.4777158498764038,-0.4788579249382019,0.0,True
kxtruthsocial26apr18b210-0x8cec42fa,KXTRUTHSOCIAL-26APR18-B210,long_spread,TIME_STOP,other,0.0,0.0,-0.6900000000000062,-0.7021155953407288,-0.6960577976703675,0.0,True
kxcacpiyoy26apr20t2-0x29c639f7,KXCACPIYOY-26APR20-T2,short_spread,TIME_STOP,inflation,0.0,0.0,0.8025000000000044,0.8062317967414856,0.804365898370745,0.0,True
kxcacpiyoy26apr20t2-0x1f61db83,KXCACPIYOY-26APR20-T2,short_spread,TIME_STOP,inflation,0.0,0.0,0.46000000000000346,0.4588298201560974,0.45941491007805046,0.0,True
kxcacpiyoy26apr20t22-0x1f61db83,KXCACPIYOY-26APR20-T2.2,short_spread,TIME_STOP,inflation,0.0,0.0,0.4199999999999989,0.41875046491622925,0.41937523245811403,0.0,True
kxcacpiyoy26apr20t21-0x29c639f7,KXCACPIYOY-26APR20-T2.1,short_spread,TIME_STOP,inflation,0.0,0.0,0.7774999999999997,0.7771813869476318,0.7773406934738158,0.0,True
kxcacpiyoy26apr20t31-0x1f61db83,KXCACPIYOY-26APR20-T3.1,long_spread,TIME_STOP,inflation,0.0,0.0,-0.4599999999999994,-0.46056169271469116,-0.4602808463573453,0.0,True
kxtruthsocial26apr18b189-0x8cec42fa,KXTRUTHSOCIAL-26APR18-B189,long_spread,TIME_STOP,other,0.0,0.0,-0.6800000000000024,-0.6824954748153687,-0.6812477374076855,0.0,True
kxtruthsocial26apr18b169-0x8cec42fa,KXTRUTHSOCIAL-26APR18-B169,long_spread,TIME_STOP,other,-0.010000000000000009,0.010000000000000009,-0.6100000000000023,-0.6076676845550537,-0.608833842277528,-0.010000000000000009,True
kxcacpiyoy26apr20t26-0x29c639f7,KXCACPIYOY-26APR20-T2.6,short_spread,TIME_STOP,inflation,0.0,0.0,0.5325000000000003,0.5307878851890564,0.5316439425945283,0.0,True
kxcacpiyoy26apr20t19-0x29c639f7,KXCACPIYOY-26APR20-T1.9,short_spread,TIME_STOP,inflation,0.0,0.0,0.8025000000000044,0.8062317967414856,0.804365898370745,0.0,True
kxcacpiyoy26apr20t22-0x29c639f7,KXCACPIYOY-26APR20-T2.2,short_spread,TIME_STOP,inflation,0.0,0.0,0.7624999999999998,0.7629958391189575,0.7627479195594786,0.0,True
kxcacpiyoy26apr20t25-0x29c639f7,KXCACPIYOY-26APR20-T2.5,short_spread,TIME_STOP,inflation,0.0,0.0,0.6375,0.6384910941123962,0.6379955470561981,0.0,True
kxtruthsocial26apr18b129-0x8cec42fa,KXTRUTHSOCIAL-26APR18-B129,long_spread,TIME_STOP,other,0.03500000000000003,-0.03500000000000003,-0.4000000000000084,-0.4127171039581299,-0.4063585519790691,0.03500000000000003,True
kxfisaextend26mar-0x61212670,KXFISAEXTEND-26MAR,short_spread,RESOLUTION_EXIT,other,-0.010000000000000009,0.010000000000000009,0.3300000000000023,0.33542507886886597,0.33271253943443413,0.010000000000000009,True
kxtechlayoff26mar20-0x74f19011,KXTECHLAYOFF-26MAR-2.0,long_spread,RESOLUTION_EXIT,other,0.0050000000000000044,-0.0050000000000000044,-0.6249999999999963,-0.6292895674705505,-0.6271447837352735,0.0050000000000000044,True
kxkatzout26jan0127jan01-0xb25a93dc,KXKATZOUT-26JAN01-27JAN01,short_spread,RESOLUTION_EXIT,other,0.0,0.0,0.4330000000000032,0.43367868661880493,0.43333934330940405,0.0,True
kxdoged26apr1517t00949999-0x49f92406,KXDOGED-26APR1517-T0.0949999,short_spread,RESOLUTION_EXIT,crypto,-0.16000000000000003,0.16000000000000003,0.3855000000000048,0.3871656060218811,0.38633280301094297,0.16000000000000003,True
kxdoged26apr1517t00949999-0x49f92406,KXDOGED-26APR1517-T0.0949999,short_spread,RESOLUTION_EXIT,crypto,-0.03499999999999992,0.03499999999999992,0.3505000000000048,0.35780414938926697,0.3541520746946359,0.03499999999999992,True
kxfisaextend26mar-0x61212670,KXFISAEXTEND-26MAR,short_spread,RESOLUTION_EXIT,other,0.010000000000000009,-0.010000000000000009,0.3400000000000043,0.338777631521225,0.33938881576061464,-0.010000000000000009,True
kxtechlayoff26mar20-0x74f19011,KXTECHLAYOFF-26MAR-2.0,long_spread,RESOLUTION_EXIT,other,-0.0050000000000000044,0.0050000000000000044,-0.6200000000000044,-0.624030351638794,-0.6220151758193992,-0.0050000000000000044,True
kxkatzout26jan0127jan01-0xb25a93dc,KXKATZOUT-26JAN01-27JAN01,short_spread,RESOLUTION_EXIT,other,0.0,0.0,0.43299999999999933,0.43367868661880493,0.43333934330940216,0.0,True
kxtechlayoff26mar20-0x74f19011,KXTECHLAYOFF-26MAR-2.0,long_spread,RESOLUTION_EXIT,other,-0.020000000000000018,0.020000000000000018,-0.6000000000000071,-0.5877324342727661,-0.5938662171363867,-0.020000000000000018,True
kxdoged26apr1517t00949999-0x49f92406,KXDOGED-26APR1517-T0.0949999,short_spread,RESOLUTION_EXIT,crypto,0.11549999999999994,-0.11549999999999994,0.46600000000000485,0.4672331213951111,0.46661656069755797,-0.11549999999999994,True
kxkatzout26jan0127jan01-0xb25a93dc,KXKATZOUT-26JAN01-27JAN01,short_spread,RESOLUTION_EXIT,other,0.0,0.0,0.4329999999999981,0.43367868661880493,0.4333393433094015,0.0,True
kxfisaextend26mar-0x61212670,KXFISAEXTEND-26MAR,short_spread,RESOLUTION_EXIT,other,0.0,0.0,0.3400000000000043,0.338777631521225,0.33938881576061464,0.0,True
kxmusknw26apr30t630-0x88b2a7dd,KXMUSKNW-26APR30-T630,short_spread,TIME_STOP,other,-0.030000000000000027,0.030000000000000027,0.38000000000000295,0.3763309419155121,0.37816547095775754,0.030000000000000027,True
kxgdp26apr30t15-0x88d5a8b1,KXGDP-26APR30-T1.5,short_spread,TIME_STOP,gdp,0.0,0.0,0.6430000000000019,0.6428892016410828,0.6429446008205424,0.0,True
kxmusknw26apr30t610-0x88b2a7dd,KXMUSKNW-26APR30-T610,short_spread,TIME_STOP,other,0.0,0.0,0.5600000000000046,0.557550847530365,0.5587754237651847,0.0,True
kxmusknw26apr30t620-0x88b2a7dd,KXMUSKNW-26APR30-T620,short_spread,TIME_STOP,other,-0.02000000000000013,0.02000000000000013,0.48000000000000326,0.4759840965270996,0.47799204826355146,0.02000000000000013,True
kxgdp26apr30t20-0x88d5a8b1,KXGDP-26APR30-T2.0,short_spread,TIME_STOP,gdp,-0.0015000000000000013,0.0015000000000000013,0.44300000000000195,0.4447936713695526,0.4438968356847773,0.0015000000000000013,True
kxdegdpyoyf26apr30t01-0xb0c7a573,KXDEGDPYOYF-26APR30-T0.1,short_spread,MOMENTUM,gdp,-0.008000000000000007,0.008000000000000007,0.5629999999999983,0.5688044428825378,0.5659022214412681,0.008000000000000007,True
kxdegdpyoyf26apr30t02-0xb0c7a573,KXDEGDPYOYF-26APR30-T0.2,short_spread,MOMENTUM,gdp,-0.008000000000000007,0.008000000000000007,0.5329999999999965,0.5308340191841125,0.5319170095920545,0.008000000000000007,True
kxdegdpyoyf26apr30t0-0xb0c7a573,KXDEGDPYOYF-26APR30-T0,short_spread,MOMENTUM,gdp,-0.008000000000000007,0.008000000000000007,0.6030000000000008,0.5992227792739868,0.6011113896369937,0.008000000000000007,True
kxdegdpyoyf26apr30t03-0xb0c7a573,KXDEGDPYOYF-26APR30-T0.3,short_spread,MOMENTUM,gdp,-0.008000000000000007,0.008000000000000007,0.3679999999999957,0.3677489757537842,0.3678744878768899,0.008000000000000007,True
kxcpiyoy26aprt37-0xbef75184,KXCPIYOY-26APR-T3.7,long_spread,MOMENTUM,inflation,-0.07000000000000006,0.07000000000000006,-0.5149999999999983,-0.5186235308647156,-0.516811765432357,-0.07000000000000006,True
kxkatzout26jan0127jan01-0xb25a93dc,KXKATZOUT-26JAN01-27JAN01,short_spread,RESOLUTION_EXIT,other,0.0,0.0,0.4329999999999994,0.43367868661880493,0.43333934330940216,0.0,True
kxdoged26apr1517t00949999-0x49f92406,KXDOGED-26APR1517-T0.0949999,short_spread,RESOLUTION_EXIT,crypto,-0.009500000000000008,0.009500000000000008,0.37650000000000483,0.3763448894023895,0.3764224447011972,0.009500000000000008,True
kxtechlayoff26mar20-0x74f19011,KXTECHLAYOFF-26MAR-2.0,long_spread,RESOLUTION_EXIT,other,-0.015000000000000013,0.015000000000000013,-0.6300000000000064,-0.6301697492599487,-0.6300848746299776,-0.015000000000000013,True
kxfisaextend26mar-0x61212670,KXFISAEXTEND-26MAR,short_spread,RESOLUTION_EXIT,other,0.010000000000000009,-0.010000000000000009,0.44000000000000444,0.4446217119693756,0.44231085598469,-0.010000000000000009,True
kxtruthsocial26apr18b129-0x8cec42fa,KXTRUTHSOCIAL-26APR18-B129,long_spread,TIME_STOP,other,0.04499999999999993,-0.04499999999999993,-0.44000000000000217,-0.4344702959060669,-0.43723514795303453,0.04499999999999993,True
kxtruthsocial26apr18b189-0x8cec42fa,KXTRUTHSOCIAL-26APR18-B189,long_spread,MOMENTUM,other,-0.02499999999999991,0.02499999999999991,-0.6450000000000015,-0.6484647393226624,-0.6467323696613319,-0.02499999999999991,True
kxcacpiyoy26apr20t2-0x29c639f7,KXCACPIYOY-26APR20-T2,short_spread,TIME_STOP,inflation,0.0014999999999999458,-0.0014999999999999458,0.803999999999999,0.8066341280937195,0.8053170640468592,-0.0014999999999999458,True
kxcacpiyoy26apr20t22-0x1f61db83,KXCACPIYOY-26APR20-T2.2,short_spread,TIME_STOP,inflation,0.0,0.0,0.4199999999999992,0.41875046491622925,0.41937523245811426,0.0,True
kxcacpiyoy26apr20t23-0x29c639f7,KXCACPIYOY-26APR20-T2.3,short_spread,TIME_STOP,inflation,0.0014999999999999458,-0.0014999999999999458,0.7539999999999993,0.7536942958831787,0.753847147941589,-0.0014999999999999458,True
kxtruthsocial26apr18t220-0x8cec42fa,KXTRUTHSOCIAL-26APR18-T220,long_spread,TIME_STOP,other,-0.020000000000000018,0.020000000000000018,-0.6600000000000154,-0.6651939749717712,-0.6625969874858932,-0.020000000000000018,True
kxcacpiyoy26apr20t23-0x1f61db83,KXCACPIYOY-26APR20-T2.3,short_spread,TIME_STOP,inflation,0.0,0.0,0.40999999999999853,0.41273367404937744,0.411366837024688,0.0,True
kxcacpiyoy26apr20t3-0x1f61db83,KXCACPIYOY-26APR20-T3,long_spread,TIME_STOP,inflation,0.0,0.0,-0.42499999999999793,-0.431691974401474,-0.42834598720073597,0.0,True
kxcacpiyoy26apr20t21-0x1f61db83,KXCACPIYOY-26APR20-T2.1,short_spread,TIME_STOP,inflation,0.0,0.0,0.43499999999999867,0.4328688085079193,0.433934404253959,0.0,True
kxcacpiyoy26apr20t19-0x29c639f7,KXCACPIYOY-26APR20-T1.9,short_spread,TIME_STOP,inflation,0.0014999999999999458,-0.0014999999999999458,0.8040000000000044,0.8066341280937195,0.8053170640468619,-0.0014999999999999458,True
kxcacpiyoy26apr20t24-0x1f61db83,KXCACPIYOY-26APR20-T2.4,short_spread,TIME_STOP,inflation,0.0,0.0,0.40999999999999853,0.41273367404937744,0.411366837024688,0.0,True
kxcacpiyoy26apr20t26-0x29c639f7,KXCACPIYOY-26APR20-T2.6,short_spread,TIME_STOP,inflation,0.0014999999999999458,-0.0014999999999999458,0.5340000000000003,0.5307878851890564,0.5323939425945283,-0.0014999999999999458,True
kxcacpiyoy26apr20t22-0x29c639f7,KXCACPIYOY-26APR20-T2.2,short_spread,TIME_STOP,inflation,0.0014999999999999458,-0.0014999999999999458,0.7639999999999998,0.7629958391189575,0.7634979195594787,-0.0014999999999999458,True
kxcacpiyoy26apr20t32-0x1f61db83,KXCACPIYOY-26APR20-T3.2,long_spread,TIME_STOP,inflation,0.0,0.0,-0.48000000000000004,-0.4777158498764038,-0.4788579249382019,0.0,True
kxcacpiyoy26apr20t24-0x29c639f7,KXCACPIYOY-26APR20-T2.4,short_spread,TIME_STOP,inflation,0.0014999999999999458,-0.0014999999999999458,0.7539999999999993,0.7536942958831787,0.753847147941589,-0.0014999999999999458,True
kxcacpiyoy26apr20t2-0x1f61db83,KXCACPIYOY-26APR20-T2,short_spread,TIME_STOP,inflation,0.0,0.0,0.4599999999999977,0.4588298201560974,0.4594149100780476,0.0,True
kxtruthsocial26apr18b169-0x8cec42fa,KXTRUTHSOCIAL-26APR18-B169,long_spread,TIME_STOP,other,-0.020000000000000018,0.020000000000000018,-0.5800000000000033,-0.5833295583724976,-0.5816647791862504,-0.020000000000000018,True
kxcacpiyoy26apr20t31-0x1f61db83,KXCACPIYOY-26APR20-T3.1,long_spread,TIME_STOP,inflation,0.0,0.0,-0.4599999999999995,-0.46056169271469116,-0.46028084635734534,0.0,True
kxtruthsocial26apr18b149-0x8cec42fa,KXTRUTHSOCIAL-26APR18-B149,long_spread,TIME_STOP,other,-0.020000000000000018,0.020000000000000018,-0.4300000000000029,-0.4310208857059479,-0.43051044285297535,-0.020000000000000018,True
kxcacpiyoy26apr20t21-0x29c639f7,KXCACPIYOY-26APR20-T2.1,short_spread,TIME_STOP,inflation,0.0014999999999999458,-0.0014999999999999458,0.7789999999999996,0.7771813869476318,0.7780906934738157,-0.0014999999999999458,True
kxtruthsocial26apr18b210-0x8cec42fa,KXTRUTHSOCIAL-26APR18-B210,long_spread,TIME_STOP,other,-0.020000000000000018,0.020000000000000018,-0.6600000000000041,-0.6644707322120667,-0.6622353661060354,-0.020000000000000018,True
kxcacpiyoy26apr20t25-0x29c639f7,KXCACPIYOY-26APR20-T2.5,short_spread,TIME_STOP,inflation,0.0014999999999999458,-0.0014999999999999458,0.6389999999999999,0.6385451555252075,0.6387725777626037,-0.0014999999999999458,True
kxcacpiyoy26apr20t18-0x29c639f7,KXCACPIYOY-26APR20-T1.8,short_spread,TIME_STOP,inflation,0.0014999999999999458,-0.0014999999999999458,0.8040000000000044,0.8066341280937195,0.8053170640468619,-0.0014999999999999458,True
kxtrumpapprovalbelow26dec3140-0xd2e96e78,KXTRUMPAPPROVALBELOW-26DEC31-40,short_spread,MOMENTUM,other,-0.06800000000000006,0.06800000000000006,0.5065000000000041,0.5006767511367798,0.5035883755683919,0.06800000000000006,True
kxfed26dect325-0xaf3a3a07,KXFED-26DEC-T3.25,short_spread,MOMENTUM,fed_rates,-0.030000000000000027,0.030000000000000027,0.3449999999999981,0.3384699821472168,0.34173499107360744,0.030000000000000027,True
kxfed26octt325-0xaf3a3a07,KXFED-26OCT-T3.25,short_spread,MOMENTUM,fed_rates,0.0050000000000000044,-0.0050000000000000044,0.4900000000000047,0.4900568425655365,0.4900284212827706,-0.0050000000000000044,True
kxtechlayoff26mar20-0x74f19011,KXTECHLAYOFF-26MAR-2.0,long_spread,RESOLUTION_EXIT,other,0.0,0.0,-0.6400000000000072,-0.6323456168174744,-0.6361728084087408,0.0,True
kxkatzout26jan0127jan01-0xb25a93dc,KXKATZOUT-26JAN01-27JAN01,short_spread,RESOLUTION_EXIT,other,0.0,0.0,0.43299999999999816,0.43367868661880493,0.43333934330940155,0.0,True
kxfisaextend26mar-0x61212670,KXFISAEXTEND-26MAR,short_spread,RESOLUTION_EXIT,other,-0.010000000000000009,0.010000000000000009,0.4300000000000044,0.42881521582603455,0.42940760791301946,0.010000000000000009,True
kxmusknw26apr30t640-0xc264391c,KXMUSKNW-26APR30-T640,short_spread,MOMENTUM,other,-0.09500000000000008,0.09500000000000008,0.320000000000003,0.3216906487941742,0.32084532439708857,0.09500000000000008,True
kxkatzout26jan0127jan01-0xb25a93dc,KXKATZOUT-26JAN01-27JAN01,short_spread,RESOLUTION_EXIT,other,0.0,0.0,0.433000000000005,0.43367868661880493,0.43333934330940493,0.0,True
kxdoge26apr1517b0092-0x49f92406,KXDOGE-26APR1517-B0.092,short_spread,RESOLUTION_EXIT,crypto,0.0,0.0,0.704500000000005,0.6997766494750977,0.7021383247375513,0.0,True
kxtechlayoff26mar20-0x74f19011,KXTECHLAYOFF-26MAR-2.0,long_spread,RESOLUTION_EXIT,other,0.0,0.0,-0.6399999999999965,-0.6323456168174744,-0.6361728084087355,0.0,True
kxfisaextend26mar-0x61212670,KXFISAEXTEND-26MAR,short_spread,RESOLUTION_EXIT,other,0.0050000000000000044,-0.0050000000000000044,0.4350000000000043,0.4338429272174835,0.4344214636087439,-0.0050000000000000044,True
kxdegdpyoyf26apr30t0-0xb0c7a573,KXDEGDPYOYF-26APR30-T0,short_spread,MOMENTUM,gdp,-0.0044999999999999485,0.0044999999999999485,0.5985000000000006,0.5992227792739868,0.5988613896369936,0.0044999999999999485,True
kxdegdpyoyf26apr30t01-0xb0c7a573,KXDEGDPYOYF-26APR30-T0.1,short_spread,MOMENTUM,gdp,-0.0044999999999999485,0.0044999999999999485,0.5584999999999981,0.5578770041465759,0.5581885020732871,0.0044999999999999485,True
kxdegdpyoyf26apr30t02-0xb0c7a573,KXDEGDPYOYF-26APR30-T0.2,short_spread,MOMENTUM,gdp,-0.0044999999999999485,0.0044999999999999485,0.5284999999999964,0.5308340191841125,0.5296670095920545,0.0044999999999999485,True
kxdegdpyoyf26apr30t03-0xb0c7a573,KXDEGDPYOYF-26APR30-T0.3,short_spread,MOMENTUM,gdp,-0.004500000000000004,0.004500000000000004,0.3634999999999957,0.3677489757537842,0.36562448787688995,0.004500000000000004,True
kxtechlayoff26mar20-0x74f19011,KXTECHLAYOFF-26MAR-2.0,long_spread,RESOLUTION_EXIT,other,0.0,0.0,-0.630000000000004,-0.6301697492599487,-0.6300848746299763,0.0,True
kxkatzout26jan0127jan01-0xb25a93dc,KXKATZOUT-26JAN01-27JAN01,short_spread,RESOLUTION_EXIT,other,0.0,0.0,0.4329999999999995,0.43367868661880493,0.4333393433094022,0.0,True
kxfisaextend26mar-0x61212670,KXFISAEXTEND-26MAR,short_spread,RESOLUTION_EXIT,other,-0.0050000000000000044,0.0050000000000000044,0.4150000000000043,0.42064449191093445,0.41782224595546935,0.0050000000000000044,True
kxdoge26apr1517b0092-0x49f92406,KXDOGE-26APR1517-B0.092,short_spread,RESOLUTION_EXIT,crypto,0.01649999999999996,-0.01649999999999996,0.788000000000005,0.7854318022727966,0.7867159011364009,-0.01649999999999996,True
kxcacpiyoy26apr20t31-0x1f61db83,KXCACPIYOY-26APR20-T3.1,long_spread,TIME_STOP,inflation,0.0050000000000000044,-0.0050000000000000044,-0.46499999999999964,-0.4649035334587097,-0.4649517667293547,0.0050000000000000044,True
kxtruthsocial26apr18b149-0x8cec42fa,KXTRUTHSOCIAL-26APR18-B149,long_spread,TIME_STOP,other,0.0,0.0,-0.4350000000000029,-0.4310208857059479,-0.4330104428529754,0.0,True
kxtruthsocial26apr18b129-0x8cec42fa,KXTRUTHSOCIAL-26APR18-B129,long_spread,TIME_STOP,other,0.0,0.0,-0.4450000000000021,-0.43776974081993103,-0.44138487040996655,0.0,True
kxcacpiyoy26apr20t22-0x29c639f7,KXCACPIYOY-26APR20-T2.2,short_spread,TIME_STOP,inflation,0.0050000000000000044,-0.0050000000000000044,0.7694999999999995,0.7648830413818359,0.7671915206909177,-0.0050000000000000044,True
kxcacpiyoy26apr20t25-0x29c639f7,KXCACPIYOY-26APR20-T2.5,short_spread,TIME_STOP,inflation,0.009999999999999898,-0.009999999999999898,0.6494999999999995,0.6438219547271729,0.6466609773635862,-0.009999999999999898,True
kxcacpiyoy26apr20t26-0x29c639f7,KXCACPIYOY-26APR20-T2.6,short_spread,TIME_STOP,inflation,-1.1102230246251565e-16,1.1102230246251565e-16,0.5345000000000001,0.5307878851890564,0.5326439425945282,1.1102230246251565e-16,True
kxcacpiyoy26apr20t3-0x1f61db83,KXCACPIYOY-26APR20-T3,long_spread,TIME_STOP,inflation,0.015000000000000013,-0.015000000000000013,-0.43999999999999806,-0.4349558353424072,-0.43747791767120264,0.015000000000000013,True
kxcacpiyoy26apr20t21-0x29c639f7,KXCACPIYOY-26APR20-T2.1,short_spread,TIME_STOP,inflation,0.0050000000000000044,-0.0050000000000000044,0.7844999999999995,0.7858884930610657,0.7851942465305326,-0.0050000000000000044,True
kxcacpiyoy26apr20t2-0x29c639f7,KXCACPIYOY-26APR20-T2,short_spread,TIME_STOP,inflation,0.0050000000000000044,-0.0050000000000000044,0.809499999999999,0.8066341280937195,0.8080670640468592,-0.0050000000000000044,True
kxcacpiyoy26apr20t24-0x29c639f7,KXCACPIYOY-26APR20-T2.4,short_spread,TIME_STOP,inflation,0.0050000000000000044,-0.0050000000000000044,0.7594999999999993,0.7536942958831787,0.7565971479415889,-0.0050000000000000044,True
kxcacpiyoy26apr20t19-0x29c639f7,KXCACPIYOY-26APR20-T1.9,short_spread,TIME_STOP,inflation,0.0050000000000000044,-0.0050000000000000044,0.8095000000000044,0.8066341280937195,0.8080670640468619,-0.0050000000000000044,True
kxcacpiyoy26apr20t18-0x29c639f7,KXCACPIYOY-26APR20-T1.8,short_spread,TIME_STOP,inflation,0.0050000000000000044,-0.0050000000000000044,0.8095000000000044,0.8066341280937195,0.8080670640468619,-0.0050000000000000044,True
kxcacpiyoy26apr20t21-0x1f61db83,KXCACPIYOY-26APR20-T2.1,short_spread,TIME_STOP,inflation,-0.0050000000000000044,0.0050000000000000044,0.42999999999999855,0.42781755328178406,0.42890877664089133,0.0050000000000000044,True
kxtruthsocial26apr18t220-0x8cec42fa,KXTRUTHSOCIAL-26APR18-T220,long_spread,TIME_STOP,other,0.0,0.0,-0.6650000000000154,-0.6651939749717712,-0.6650969874858933,0.0,True
kxcacpiyoy26apr20t23-0x1f61db83,KXCACPIYOY-26APR20-T2.3,short_spread,TIME_STOP,inflation,-0.0050000000000000044,0.0050000000000000044,0.4049999999999983,0.4036058783531189,0.4043029391765586,0.0050000000000000044,True
kxtruthsocial26apr18b189-0x8cec42fa,KXTRUTHSOCIAL-26APR18-B189,long_spread,TIME_STOP,other,-0.0050000000000000044,0.0050000000000000044,-0.6450000000000015,-0.646030068397522,-0.6455150341987617,-0.0050000000000000044,True
kxtruthsocial26apr18b169-0x8cec42fa,KXTRUTHSOCIAL-26APR18-B169,long_spread,TIME_STOP,other,-0.0050000000000000044,0.0050000000000000044,-0.5650000000000034,-0.5660930871963501,-0.5655465435981768,-0.0050000000000000044,True
kxcacpiyoy26apr20t32-0x1f61db83,KXCACPIYOY-26APR20-T3.2,long_spread,TIME_STOP,inflation,0.0050000000000000044,-0.0050000000000000044,-0.4850000000000001,-0.4887469410896301,-0.4868734705448151,0.0050000000000000044,True
kxcacpiyoy26apr20t24-0x1f61db83,KXCACPIYOY-26APR20-T2.4,short_spread,TIME_STOP,inflation,-0.0050000000000000044,0.0050000000000000044,0.4049999999999983,0.4036058783531189,0.4043029391765586,0.0050000000000000044,True
kxcacpiyoy26apr20t23-0x29c639f7,KXCACPIYOY-26APR20-T2.3,short_spread,TIME_STOP,inflation,0.0050000000000000044,-0.0050000000000000044,0.7594999999999993,0.7536942958831787,0.7565971479415889,-0.0050000000000000044,True
kxtruthsocial26apr18b210-0x8cec42fa,KXTRUTHSOCIAL-26APR18-B210,long_spread,TIME_STOP,other,0.0,0.0,-0.665000000000004,-0.6644707322120667,-0.6647353661060353,0.0,True
kxcacpiyoy26apr20t22-0x1f61db83,KXCACPIYOY-26APR20-T2.2,short_spread,TIME_STOP,inflation,-0.0050000000000000044,0.0050000000000000044,0.4149999999999991,0.41864222288131714,0.41682111144065814,0.0050000000000000044,True
kxcacpiyoy26apr20t2-0x1f61db83,KXCACPIYOY-26APR20-T2,short_spread,TIME_STOP,inflation,-0.0050000000000000044,0.0050000000000000044,0.4549999999999979,0.4495803415775299,0.4522901707887639,0.0050000000000000044,True
kxdoge26apr1517b0092-0x49f92406,KXDOGE-26APR1517-B0.092,short_spread,RESOLUTION_EXIT,crypto,0.02849999999999997,-0.02849999999999997,0.816500000000005,0.8189452886581421,0.8177226443290735,-0.02849999999999997,True
kxtechlayoff26mar20-0x74f19011,KXTECHLAYOFF-26MAR-2.0,long_spread,RESOLUTION_EXIT,other,0.010000000000000009,-0.010000000000000009,-0.6400000000000065,-0.6323456168174744,-0.6361728084087404,0.010000000000000009,True
kxfisaextend26mar-0x61212670,KXFISAEXTEND-26MAR,short_spread,RESOLUTION_EXIT,other,0.0,0.0,0.4150000000000043,0.42064449191093445,0.41782224595546935,0.0,True
kxkatzout26jan0127jan01-0xb25a93dc,KXKATZOUT-26JAN01-27JAN01,short_spread,RESOLUTION_EXIT,other,0.0,0.0,0.43299999999999933,0.43367868661880493,0.43333934330940216,0.0,True
kxcpiyoy26aprt30-0x1f61db83,KXCPIYOY-26APR-T3.0,short_spread,TIME_STOP,inflation,-0.020000000000000018,0.020000000000000018,0.434999999999986,0.43308261036872864,0.43404130518435735,0.020000000000000018,True
kxdegdpyoyf26apr30t03-0x88d5a8b1,KXDEGDPYOYF-26APR30-T0.3,short_spread,TIME_STOP,gdp,0.0,0.0,0.6179999999999963,0.6172569990158081,0.6176284995079022,0.0,True
kxdegdpyoyf26apr30t04-0x88d5a8b1,KXDEGDPYOYF-26APR30-T0.4,short_spread,TIME_STOP,gdp,-0.015000000000000013,0.015000000000000013,0.4629999999999964,0.4672331213951111,0.46511656069755375,0.015000000000000013,True
kxtrumpmeet26aprvput-0x280768f5,KXTRUMPMEET-26APR-VPUT,short_spread,TIME_STOP,politics_policy,0.05999999999999994,-0.05999999999999994,0.3104999999999976,0.31654036045074463,0.3135201802253711,-0.05999999999999994,True
kxcpiyoy26aprt31-0x1f61db83,KXCPIYOY-26APR-T3.1,short_spread,TIME_STOP,inflation,-0.020000000000000018,0.020000000000000018,0.44499999999998724,0.44470325112342834,0.44485162556170776,0.020000000000000018,True
kxdegdpyoyf26apr30t01-0x88d5a8b1,KXDEGDPYOYF-26APR30-T0.1,short_spread,TIME_STOP,gdp,0.010000000000000009,-0.010000000000000009,0.8230000000000002,0.8190688490867615,0.8210344245433808,-0.010000000000000009,True
kxukcpiyoy26apr22t3-0x1f61db83,KXUKCPIYOY-26APR22-T3,short_spread,TIME_STOP,inflation,-0.015000000000000124,0.015000000000000124,0.3949999999999873,0.3962639272212982,0.3956319636106428,0.015000000000000124,True
kxmusknw26apr30t610-0x0f8ff5a3,KXMUSKNW-26APR30-T610,short_spread,TIME_STOP,other,-0.05499999999999994,0.05499999999999994,0.6449999999999978,0.6439099311828613,0.6444549655914296,0.05499999999999994,True
kxdegdpyoyf26apr30t02-0x88d5a8b1,KXDEGDPYOYF-26APR30-T0.2,short_spread,TIME_STOP,gdp,0.010000000000000009,-0.010000000000000009,0.7929999999999982,0.7946387529373169,0.7938193764686575,-0.010000000000000009,True
kxukcpiyoy26apr22t35-0xbef75184,KXUKCPIYOY-26APR22-T3.5,long_spread,TIME_STOP,inflation,-0.02499999999999991,0.02499999999999991,-0.5050000000000098,-0.5087732076644897,-0.5068866038322497,-0.02499999999999991,True
kxcpiyoy26aprt32-0x1f61db83,KXCPIYOY-26APR-T3.2,short_spread,TIME_STOP,inflation,-0.020000000000000018,0.020000000000000018,0.41499999999999876,0.41864222288131714,0.4168211114406579,0.020000000000000018,True
kxdegdpyoyf26apr30t05-0x88d5a8b1,KXDEGDPYOYF-26APR30-T0.5,short_spread,TIME_STOP,gdp,-0.020000000000000018,0.020000000000000018,0.33799999999999636,0.33537957072257996,0.33668978536128813,0.020000000000000018,True
kxgdp26apr30t10-0x88d5a8b1,KXGDP-26APR30-T1.0,short_spread,TIME_STOP,gdp,-0.0014999999999999458,0.0014999999999999458,0.7965000000000025,0.7946387529373169,0.7955693764686598,0.0014999999999999458,True
kxpayrolls26aprt10000-0x73f2be73,KXPAYROLLS-26APR-T10000,short_spread,TIME_STOP,other,-0.015000000000000013,0.015000000000000013,0.6650000000000048,0.6545004844665527,0.6597502422332788,0.015000000000000013,True
kxcpiyoy26aprt33-0x1f61db83,KXCPIYOY-26APR-T3.3,short_spread,TIME_STOP,inflation,-0.0050000000000001155,0.0050000000000001155,0.42500000000000254,0.42497193813323975,0.4249859690666211,0.0050000000000001155,True
kxcpiyoy26aprt34-0x1f61db83,KXCPIYOY-26APR-T3.4,short_spread,TIME_STOP,inflation,-0.014999999999999902,0.014999999999999902,0.39000000000000107,0.38765546679496765,0.38882773339748433,0.014999999999999902,True
kxtechlayoff26mar20-0x74f19011,KXTECHLAYOFF-26MAR-2.0,long_spread,RESOLUTION_EXIT,other,0.0,0.0,-0.6399999999999965,-0.6323456168174744,-0.6361728084087355,0.0,True
kxdoge26apr1517b0092-0x49f92406,KXDOGE-26APR1517-B0.092,short_spread,RESOLUTION_EXIT,crypto,-0.012499999999999956,0.012499999999999956,0.691500000000005,0.6847633719444275,0.6881316859722162,0.012499999999999956,True
kxkatzout26jan0127jan01-0xb25a93dc,KXKATZOUT-26JAN01-27JAN01,short_spread,RESOLUTION_EXIT,other,0.0,0.0,0.433000000000005,0.43367868661880493,0.43333934330940493,0.0,True
kxfisaextend26mar-0x61212670,KXFISAEXTEND-26MAR,short_spread,RESOLUTION_EXIT,other,-0.015000000000000013,0.015000000000000013,0.4050000000000044,0.40560808777809143,0.40530404388904795,0.015000000000000013,True
kxkatzout26jan0127jan01-0xb25a93dc,KXKATZOUT-26JAN01-27JAN01,short_spread,RESOLUTION_EXIT,other,0.0,0.0,0.43299999999999933,0.43367868661880493,0.43333934330940216,0.0,True
kxtechlayoff26mar20-0x74f19011,KXTECHLAYOFF-26MAR-2.0,long_spread,RESOLUTION_EXIT,other,-0.010000000000000009,0.010000000000000009,-0.6300000000000042,-0.6301697492599487,-0.6300848746299765,-0.010000000000000009,True
kxfisaextend26mar-0x61212670,KXFISAEXTEND-26MAR,short_spread,RESOLUTION_EXIT,other,0.03500000000000003,-0.03500000000000003,0.4400000000000044,0.4446217119693756,0.44231085598469,-0.03500000000000003,True
kxdoge26apr1517b0092-0x49f92406,KXDOGE-26APR1517-B0.092,short_spread,RESOLUTION_EXIT,crypto,-0.0010000000000000009,0.0010000000000000009,0.690500000000005,0.6847633719444275,0.6876316859722162,0.0010000000000000009,True
kxcacpiyoy26apr20t21-0x1f61db83,KXCACPIYOY-26APR20-T2.1,short_spread,TIME_STOP,inflation,0.0050000000000000044,-0.0050000000000000044,0.43499999999999966,0.4328688085079193,0.43393440425395946,-0.0050000000000000044,True
kxtruthsocial26apr18b210-0x8cec42fa,KXTRUTHSOCIAL-26APR18-B210,long_spread,TIME_STOP,other,0.0,0.0,-0.6650000000000058,-0.6644707322120667,-0.6647353661060362,0.0,True
kxcacpiyoy26apr20t3-0x1f61db83,KXCACPIYOY-26APR20-T3,long_spread,TIME_STOP,inflation,-0.0050000000000000044,0.0050000000000000044,-0.43499999999999794,-0.43356072902679443,-0.4342803645133962,-0.0050000000000000044,True
kxtruthsocial26apr18b189-0x8cec42fa,KXTRUTHSOCIAL-26APR18-B189,long_spread,TIME_STOP,other,0.0,0.0,-0.6450000000000057,-0.646030068397522,-0.6455150341987639,0.0,True
kxtruthsocial26apr18t220-0x8cec42fa,KXTRUTHSOCIAL-26APR18-T220,long_spread,TIME_STOP,other,0.0,0.0,-0.6650000000000156,-0.6651939749717712,-0.6650969874858934,0.0,True
kxcacpiyoy26apr20t2-0x29c639f7,KXCACPIYOY-26APR20-T2,short_spread,TIME_STOP,inflation,-0.0045000000000000595,0.0045000000000000595,0.8050000000000005,0.8066341280937195,0.80581706404686,0.0045000000000000595,True
kxtruthsocial26apr18b169-0x8cec42fa,KXTRUTHSOCIAL-26APR18-B169,long_spread,TIME_STOP,other,0.0,0.0,-0.565000000000007,-0.5660930871963501,-0.5655465435981786,0.0,True
kxcacpiyoy26apr20t22-0x1f61db83,KXCACPIYOY-26APR20-T2.2,short_spread,TIME_STOP,inflation,0.0050000000000000044,-0.0050000000000000044,0.41999999999999943,0.41875046491622925,0.41937523245811437,-0.0050000000000000044,True
kxcacpiyoy26apr20t19-0x29c639f7,KXCACPIYOY-26APR20-T1.9,short_spread,TIME_STOP,inflation,-0.0045000000000000595,0.0045000000000000595,0.805000000000002,0.8066341280937195,0.8058170640468607,0.0045000000000000595,True
kxdegdpyoyf26apr30t03-0xb0c7a573,KXDEGDPYOYF-26APR30-T0.3,short_spread,MOMENTUM,gdp,-0.027500000000000024,0.027500000000000024,0.3359999999999952,0.33536696434020996,0.3356834821701026,0.027500000000000024,True
kxcacpiyoy26apr20t23-0x1f61db83,KXCACPIYOY-26APR20-T2.3,short_spread,TIME_STOP,inflation,0.0050000000000000044,-0.0050000000000000044,0.4099999999999984,0.41273367404937744,0.4113668370246879,-0.0050000000000000044,True
kxcacpiyoy26apr20t22-0x29c639f7,KXCACPIYOY-26APR20-T2.2,short_spread,TIME_STOP,inflation,-0.0045000000000000595,0.0045000000000000595,0.7649999999999998,0.7629958391189575,0.7639979195594786,0.0045000000000000595,True
kxdegdpyoyf26apr30t02-0xb0c7a573,KXDEGDPYOYF-26APR30-T0.2,short_spread,MOMENTUM,gdp,-0.02750000000000008,0.02750000000000008,0.5009999999999958,0.5002632737159729,0.5006316368579844,0.02750000000000008,True
kxtruthsocial26apr18b149-0x8cec42fa,KXTRUTHSOCIAL-26APR18-B149,long_spread,TIME_STOP,other,0.020000000000000018,-0.020000000000000018,-0.4550000000000082,-0.44961926341056824,-0.4523096317052882,0.020000000000000018,True
kxtruthsocial26apr18b129-0x8cec42fa,KXTRUTHSOCIAL-26APR18-B129,long_spread,TIME_STOP,other,0.010000000000000009,-0.010000000000000009,-0.45500000000000773,-0.44961926341056824,-0.452309631705288,0.010000000000000009,True
kxcacpiyoy26apr20t18-0x29c639f7,KXCACPIYOY-26APR20-T1.8,short_spread,TIME_STOP,inflation,-0.0045000000000000595,0.0045000000000000595,0.8050000000000018,0.8066341280937195,0.8058170640468607,0.0045000000000000595,True
kxcacpiyoy26apr20t24-0x1f61db83,KXCACPIYOY-26APR20-T2.4,short_spread,TIME_STOP,inflation,0.0050000000000000044,-0.0050000000000000044,0.4099999999999984,0.41273367404937744,0.4113668370246879,-0.0050000000000000044,True
kxcacpiyoy26apr20t23-0x29c639f7,KXCACPIYOY-26APR20-T2.3,short_spread,TIME_STOP,inflation,-0.0045000000000000595,0.0045000000000000595,0.7549999999999993,0.7536942958831787,0.7543471479415891,0.0045000000000000595,True
kxcacpiyoy26apr20t21-0x29c639f7,KXCACPIYOY-26APR20-T2.1,short_spread,TIME_STOP,inflation,-0.0045000000000000595,0.0045000000000000595,0.7800000000000009,0.7771813869476318,0.7785906934738164,0.0045000000000000595,True
kxcacpiyoy26apr20t25-0x29c639f7,KXCACPIYOY-26APR20-T2.5,short_spread,TIME_STOP,inflation,-0.0045000000000000595,0.0045000000000000595,0.6449999999999997,0.6438219547271729,0.6444109773635862,0.0045000000000000595,True
kxdegdpyoyf26apr30t0-0xb0c7a573,KXDEGDPYOYF-26APR30-T0,short_spread,MOMENTUM,gdp,-0.02750000000000008,0.02750000000000008,0.5710000000000005,0.5686736702919006,0.5698368351459506,0.02750000000000008,True
kxcacpiyoy26apr20t31-0x1f61db83,KXCACPIYOY-26APR20-T3.1,long_spread,TIME_STOP,inflation,-0.0050000000000000044,0.0050000000000000044,-0.4599999999999995,-0.46056169271469116,-0.46028084635734534,-0.0050000000000000044,True
kxcacpiyoy26apr20t32-0x1f61db83,KXCACPIYOY-26APR20-T3.2,long_spread,TIME_STOP,inflation,-0.0050000000000000044,0.0050000000000000044,-0.48000000000000004,-0.4777158498764038,-0.4788579249382019,-0.0050000000000000044,True
kxcacpiyoy26apr20t2-0x1f61db83,KXCACPIYOY-26APR20-T2,short_spread,TIME_STOP,inflation,0.0050000000000000044,-0.0050000000000000044,0.46000000000000013,0.4588298201560974,0.4594149100780488,-0.0050000000000000044,True
kxcacpiyoy26apr20t24-0x29c639f7,KXCACPIYOY-26APR20-T2.4,short_spread,TIME_STOP,inflation,-0.0045000000000000595,0.0045000000000000595,0.7549999999999993,0.7536942958831787,0.7543471479415891,0.0045000000000000595,True
kxcacpiyoy26apr20t26-0x29c639f7,KXCACPIYOY-26APR20-T2.6,short_spread,TIME_STOP,inflation,-0.0045000000000000595,0.0045000000000000595,0.5300000000000001,0.5307878851890564,0.5303939425945283,0.0045000000000000595,True
kxdegdpyoyf26apr30t01-0xb0c7a573,KXDEGDPYOYF-26APR30-T0.1,short_spread,MOMENTUM,gdp,-0.02750000000000008,0.02750000000000008,0.5309999999999978,0.5311855673789978,0.5310927836894979,0.02750000000000008,True
kxmusknw26apr30t640-0x9218565b,KXMUSKNW-26APR30-T640,short_spread,MOMENTUM,other,-0.010000000000000009,0.010000000000000009,0.3150000000000044,0.3208461105823517,0.31792305529117804,0.010000000000000009,True
kxezgdpyoyf26apr30t04-0xbf7d903a,KXEZGDPYOYF-26APR30-T0.4,short_spread,MOMENTUM,other,-0.011499999999999955,0.011499999999999955,0.7125000000000037,0.7137399315834045,0.7131199657917041,0.011499999999999955,True
kxezgdpyoyf26apr30t06-0xbf7d903a,KXEZGDPYOYF-26APR30-T0.6,short_spread,MOMENTUM,other,-0.011499999999999955,0.011499999999999955,0.5025000000000033,0.5004264116287231,0.5014632058143632,0.011499999999999955,True
kxezgdpyoyf26apr30t02-0xbf7d903a,KXEZGDPYOYF-26APR30-T0.2,short_spread,MOMENTUM,other,-0.011499999999999955,0.011499999999999955,0.7775000000000049,0.7780676484107971,0.7777838242054009,0.011499999999999955,True
kxgdp26apr30t10-0xbf7d903a,KXGDP-26APR30-T1.0,short_spread,MOMENTUM,gdp,-0.0129999999999999,0.0129999999999999,0.7110000000000023,0.7134137153625488,0.7122068576812756,0.0129999999999999,True
kxtechlayoff26mar20-0x74f19011,KXTECHLAYOFF-26MAR-2.0,long_spread,RESOLUTION_EXIT,other,0.0050000000000000044,-0.0050000000000000044,-0.6350000000000072,-0.6301697492599487,-0.632584874629978,0.0050000000000000044,True
kxdoge26apr1517b0092-0x49f92406,KXDOGE-26APR1517-B0.092,short_spread,RESOLUTION_EXIT,crypto,0.052000000000000046,-0.052000000000000046,0.718500000000005,0.7130123972892761,0.7157561986446406,-0.052000000000000046,True
kxkatzout26jan0127jan01-0xb25a93dc,KXKATZOUT-26JAN01-27JAN01,short_spread,RESOLUTION_EXIT,other,0.0,0.0,0.4329999999999982,0.43367868661880493,0.4333393433094016,0.0,True
kxfisaextend26mar-0x61212670,KXFISAEXTEND-26MAR,short_spread,RESOLUTION_EXIT,other,0.0,0.0,0.4400000000000043,0.4446217119693756,0.44231085598468994,0.0,True
kxmusknw26apr30t600-0xa4e4a9dc,KXMUSKNW-26APR30-T600,short_spread,MOMENTUM,other,0.0050000000000000044,-0.0050000000000000044,0.6799999999999977,0.6848245859146118,0.6824122929573048,-0.0050000000000000044,True
kxfed26aprt375-0xf88da08f,KXFED-26APR-T3.75,long_spread,TIME_STOP,fed_rates,-0.0050000000000000044,0.0050000000000000044,-0.30249999999999544,-0.29892581701278687,-0.30071290850639115,-0.0050000000000000044,True
kxpayrolls26aprt30000-0x73f2be73,KXPAYROLLS-26APR-T30000,short_spread,TIME_STOP,other,-0.0050000000000000044,0.0050000000000000044,0.5500000000000047,0.5566020607948303,0.5533010303974175,0.0050000000000000044,True
kxpayrolls26aprt20000-0x73f2be73,KXPAYROLLS-26APR-T20000,short_spread,TIME_STOP,other,-0.025000000000000133,0.025000000000000133,0.5950000000000042,0.5990444421768188,0.5970222210884115,0.025000000000000133,True
kxpayrolls26aprt60000-0x73f2be73,KXPAYROLLS-26APR-T60000,short_spread,TIME_STOP,other,-0.040000000000000036,0.040000000000000036,0.40000000000000474,0.402911514043808,0.4014557570219064,0.040000000000000036,True
kxpayrolls26aprt70000-0x73f2be73,KXPAYROLLS-26APR-T70000,short_spread,TIME_STOP,other,-0.04499999999999993,0.04499999999999993,0.34000000000000474,0.33873212337493896,0.33936606168747185,0.04499999999999993,True
kxpayrolls26aprt25000-0x73f2be73,KXPAYROLLS-26APR-T-25000,short_spread,TIME_STOP,other,-0.010000000000000009,0.010000000000000009,0.7750000000000045,0.778164803981781,0.7765824019908927,0.010000000000000009,True
kxpayrolls26aprt50000-0x73f2be73,KXPAYROLLS-26APR-T50000,short_spread,TIME_STOP,other,-0.020000000000000018,0.020000000000000018,0.4600000000000048,0.45843881368637085,0.45921940684318785,0.020000000000000018,True
kxpayrolls26aprt40000-0x73f2be73,KXPAYROLLS-26APR-T40000,short_spread,TIME_STOP,other,0.004999999999999893,-0.004999999999999893,0.5000000000000046,0.5005661249160767,0.5002830624580406,-0.004999999999999893,True
kxsolmaxy27jan01150-0xb3918a79,KXSOLMAXY-27JAN01-150,short_spread,MOMENTUM,other,-0.015500000000000014,0.015500000000000014,0.3420000000000049,0.33873212337493896,0.34036606168747197,0.015500000000000014,True
kxtechlayoff26mar20-0x74f19011,KXTECHLAYOFF-26MAR-2.0,long_spread,RESOLUTION_EXIT,other,-0.010000000000000009,0.010000000000000009,-0.6249999999999963,-0.6274621486663818,-0.6262310743331891,-0.010000000000000009,True
kxkatzout26jan0127jan01-0xb25a93dc,KXKATZOUT-26JAN01-27JAN01,short_spread,RESOLUTION_EXIT,other,0.0,0.0,0.4330000000000028,0.43367868661880493,0.4333393433094039,0.0,True
kxdoged26apr1517t00949999-0x49f92406,KXDOGED-26APR1517-T0.0949999,short_spread,RESOLUTION_EXIT,crypto,0.355,-0.355,0.5635000000000049,0.5684940218925476,0.5659970109462762,-0.355,True
kxfisaextend26mar-0x61212670,KXFISAEXTEND-26MAR,short_spread,RESOLUTION_EXIT,other,0.010000000000000009,-0.010000000000000009,0.45000000000000173,0.4495489001274109,0.4497744500637063,-0.010000000000000009,True
kxdoged26apr1517t00899999-0x49f92406,KXDOGED-26APR1517-T0.0899999,short_spread,RESOLUTION_EXIT,crypto,-0.12,0.12,0.793500000000005,0.7941338419914246,0.7938169209957148,0.12,True
kxtrumpchina26may15-0x96df159c,KXTRUMPCHINA-26-MAY15,long_spread,MOMENTUM,other,0.12850000000000006,-0.12850000000000006,-0.316999999999997,-0.31002646684646606,-0.31351323342323156,0.12850000000000006,True
kxtruthsocial26apr18b169-0x8cec42fa,KXTRUTHSOCIAL-26APR18-B169,long_spread,TIME_STOP,other,0.0,0.0,-0.5650000000000057,-0.5660930871963501,-0.5655465435981779,0.0,True
kxvisitnyc26jun01djtnyc-0x154a7f7d,KXVISITNYC-26JUN01-DJTNYC,long_spread,MOMENTUM,politics_policy,-0.007499999999999951,0.007499999999999951,-0.5855000000000207,-0.5944018363952637,-0.5899509181976421,-0.007499999999999951,True
kxdegdpyoyf26apr30t03-0xb0c7a573,KXDEGDPYOYF-26APR30-T0.3,short_spread,MOMENTUM,gdp,-0.007000000000000006,0.007000000000000006,0.32899999999999513,0.3351319134235382,0.33206595671176664,0.007000000000000006,True
kxdegdpyoyf26apr30t02-0xb0c7a573,KXDEGDPYOYF-26APR30-T0.2,short_spread,MOMENTUM,gdp,-0.006999999999999951,0.006999999999999951,0.49399999999999583,0.4897422194480896,0.4918711097240427,0.006999999999999951,True
kxdegdpyoyf26apr30t01-0xb0c7a573,KXDEGDPYOYF-26APR30-T0.1,short_spread,MOMENTUM,gdp,-0.006999999999999895,0.006999999999999895,0.5239999999999977,0.5153506994247437,0.5196753497123707,0.006999999999999895,True
kxdegdpyoyf26apr30t0-0xb0c7a573,KXDEGDPYOYF-26APR30-T0,short_spread,MOMENTUM,gdp,-0.006999999999999895,0.006999999999999895,0.5640000000000004,0.5686046481132507,0.5663023240566256,0.006999999999999895,True
kxdoged26apr1517t00899999-0x49f92406,KXDOGED-26APR1517-T0.0899999,short_spread,RESOLUTION_EXIT,crypto,-0.0010000000000000009,0.0010000000000000009,0.792500000000005,0.7943631410598755,0.7934315705299402,0.0010000000000000009,True
kxdoged26apr1510t00949999-0x49f92406,KXDOGED-26APR1510-T0.0949999,short_spread,RESOLUTION_EXIT,crypto,-0.0010000000000000009,0.0010000000000000009,0.512500000000005,0.5152400732040405,0.5138700366020228,0.0010000000000000009,True
kxdoged26apr1510t00899999-0x49f92406,KXDOGED-26APR1510-T0.0899999,short_spread,RESOLUTION_EXIT,crypto,-0.0010000000000000009,0.0010000000000000009,0.4325000000000049,0.42865097522735596,0.4305754876136804,0.0010000000000000009,True
kxfisaextend26mar-0x61212670,KXFISAEXTEND-26MAR,short_spread,RESOLUTION_EXIT,other,-0.010000000000000009,0.010000000000000009,0.4250000000000043,0.42586448788642883,0.42543224394321655,0.010000000000000009,True
kxdoged26apr1510t00849999-0x49f92406,KXDOGED-26APR1510-T0.0849999,short_spread,RESOLUTION_EXIT,crypto,-0.531,0.531,0.4325000000000049,0.42865097522735596,0.4305754876136804,0.531,True
kxkatzout26jan0127jan01-0xb25a93dc,KXKATZOUT-26JAN01-27JAN01,short_spread,RESOLUTION_EXIT,other,0.0,0.0,0.4334999999999993,0.43367868661880493,0.43358934330940213,0.0,True
kxtechlayoff26mar20-0x74f19011,KXTECHLAYOFF-26MAR-2.0,long_spread,RESOLUTION_EXIT,other,0.0,0.0,-0.6350000000000043,-0.6301697492599487,-0.6325848746299765,0.0,True
kxdoged26apr1517t00949999-0x49f92406,KXDOGED-26APR1517-T0.0949999,short_spread,RESOLUTION_EXIT,crypto,-0.0010000000000000009,0.0010000000000000009,0.5625000000000049,0.5575665831565857,0.5600332915782953,0.0010000000000000009,True
kxdoged26apr1510t00999999-0x49f92406,KXDOGED-26APR1510-T0.0999999,short_spread,RESOLUTION_EXIT,crypto,0.529,-0.529,0.512500000000005,0.5152400732040405,0.5138700366020228,-0.529,True
kxcacpiyoy26apr20t18-0x29c639f7,KXCACPIYOY-26APR20-T1.8,short_spread,TIME_STOP,inflation,-0.00649999999999995,0.00649999999999995,0.7905000000000043,0.7859881520271301,0.7882440760135672,0.00649999999999995,True
kxcacpiyoy26apr20t22-0x29c639f7,KXCACPIYOY-26APR20-T2.2,short_spread,TIME_STOP,inflation,-0.006500000000000061,0.006500000000000061,0.7505000000000001,0.7460740208625793,0.7482870104312898,0.006500000000000061,True
kxcacpiyoy26apr20t32-0x1f61db83,KXCACPIYOY-26APR20-T3.2,long_spread,TIME_STOP,inflation,0.0,0.0,-0.4799999999999997,-0.47789865732192993,-0.47894932866096485,0.0,True
kxcacpiyoy26apr20t2-0x1f61db83,KXCACPIYOY-26APR20-T2,short_spread,TIME_STOP,inflation,0.0,0.0,0.4599999999999976,0.4588298201560974,0.45941491007804747,0.0,True
kxcacpiyoy26apr20t23-0x1f61db83,KXCACPIYOY-26APR20-T2.3,short_spread,TIME_STOP,inflation,0.0,0.0,0.40999999999999887,0.41273367404937744,0.4113668370246881,0.0,True
kxcacpiyoy26apr20t21-0x1f61db83,KXCACPIYOY-26APR20-T2.1,short_spread,TIME_STOP,inflation,0.0,0.0,0.4349999999999988,0.4328688085079193,0.433934404253959,0.0,True
kxcacpiyoy26apr20t23-0x29c639f7,KXCACPIYOY-26APR20-T2.3,short_spread,TIME_STOP,inflation,-0.006500000000000061,0.006500000000000061,0.7404999999999998,0.7359125018119812,0.7382062509059906,0.006500000000000061,True
kxtruthsocial26apr18b129-0x8cec42fa,KXTRUTHSOCIAL-26APR18-B129,long_spread,TIME_STOP,other,-0.010000000000000009,0.010000000000000009,-0.4450000000000026,-0.4387038052082062,-0.4418519026041044,-0.010000000000000009,True
kxtruthsocial26apr18b210-0x8cec42fa,KXTRUTHSOCIAL-26APR18-B210,long_spread,TIME_STOP,other,-0.010000000000000009,0.010000000000000009,-0.6550000000000047,-0.6484647393226624,-0.6517323696613335,-0.010000000000000009,True
kxcacpiyoy26apr20t22-0x1f61db83,KXCACPIYOY-26APR20-T2.2,short_spread,TIME_STOP,inflation,0.0,0.0,0.41999999999999943,0.41875046491622925,0.41937523245811437,0.0,True
kxcacpiyoy26apr20t25-0x29c639f7,KXCACPIYOY-26APR20-T2.5,short_spread,TIME_STOP,inflation,-0.006500000000000061,0.006500000000000061,0.6305000000000002,0.6328068971633911,0.6316534485816956,0.006500000000000061,True
kxcacpiyoy26apr20t3-0x1f61db83,KXCACPIYOY-26APR20-T3,long_spread,TIME_STOP,inflation,0.0,0.0,-0.43499999999999783,-0.43356072902679443,-0.43428036451339613,0.0,True
kxcacpiyoy26apr20t26-0x29c639f7,KXCACPIYOY-26APR20-T2.6,short_spread,TIME_STOP,inflation,-0.006500000000000061,0.006500000000000061,0.5155000000000006,0.5150220394134521,0.5152610197067264,0.006500000000000061,True
kxtruthsocial26apr18t220-0x8cec42fa,KXTRUTHSOCIAL-26APR18-T220,long_spread,TIME_STOP,other,-0.010000000000000009,0.010000000000000009,-0.6550000000000166,-0.6491879820823669,-0.6520939910411918,-0.010000000000000009,True
kxcacpiyoy26apr20t24-0x1f61db83,KXCACPIYOY-26APR20-T2.4,short_spread,TIME_STOP,inflation,0.0,0.0,0.40999999999999887,0.41273367404937744,0.4113668370246881,0.0,True
kxcacpiyoy26apr20t19-0x29c639f7,KXCACPIYOY-26APR20-T1.9,short_spread,TIME_STOP,inflation,-0.00649999999999995,0.00649999999999995,0.7905000000000043,0.7859881520271301,0.7882440760135672,0.00649999999999995,True
kxcacpiyoy26apr20t24-0x29c639f7,KXCACPIYOY-26APR20-T2.4,short_spread,TIME_STOP,inflation,-0.006500000000000061,0.006500000000000061,0.7404999999999998,0.7359125018119812,0.7382062509059906,0.006500000000000061,True
kxtruthsocial26apr18b189-0x8cec42fa,KXTRUTHSOCIAL-26APR18-B189,long_spread,TIME_STOP,other,-0.010000000000000009,0.010000000000000009,-0.6350000000000019,-0.6429644823074341,-0.638982241153718,-0.010000000000000009,True
kxcacpiyoy26apr20t31-0x1f61db83,KXCACPIYOY-26APR20-T3.1,long_spread,TIME_STOP,inflation,0.0,0.0,-0.4599999999999992,-0.4611300826072693,-0.46056504130363424,0.0,True
kxcacpiyoy26apr20t21-0x29c639f7,KXCACPIYOY-26APR20-T2.1,short_spread,TIME_STOP,inflation,-0.006500000000000061,0.006500000000000061,0.7654999999999996,0.7629958391189575,0.7642479195594786,0.006500000000000061,True
kxtruthsocial26apr18b149-0x8cec42fa,KXTRUTHSOCIAL-26APR18-B149,long_spread,TIME_STOP,other,-0.0050000000000000044,0.0050000000000000044,-0.45000000000000323,-0.44961926341056824,-0.44980963170528576,-0.0050000000000000044,True
kxcacpiyoy26apr20t2-0x29c639f7,KXCACPIYOY-26APR20-T2,short_spread,TIME_STOP,inflation,-0.00649999999999995,0.00649999999999995,0.7904999999999992,0.7859881520271301,0.7882440760135647,0.00649999999999995,True
kxcpiyoy26aprt40-0x1f61db83,KXCPIYOY-26APR-T4.0,long_spread,TIME_STOP,inflation,0.020000000000000018,-0.020000000000000018,-0.4950000000000021,-0.49337533116340637,-0.49418766558170424,0.020000000000000018,True
kxhegsethannounceout26aprmay01-0x0fcfcfc3,KXHEGSETHANNOUNCEOUT-26APR-MAY01,long_spread,TIME_STOP,other,0.0,0.0,-0.35499999999999815,-0.3602278530597687,-0.35761392652988344,0.0,True
kxlutnickout26may01-0x7978663d,KXLUTNICKOUT-26MAY01,long_spread,TIME_STOP,other,0.019499999999999962,-0.019499999999999962,-0.47450000000000286,-0.4694673717021942,-0.4719836858510985,0.019499999999999962,True
kxcpiyoy26aprt41-0x1f61db83,KXCPIYOY-26APR-T4.1,long_spread,TIME_STOP,inflation,0.03500000000000003,-0.03500000000000003,-0.5100000000000012,-0.5132667422294617,-0.5116333711147314,0.03500000000000003,True
kxcpiyoy26aprt43-0x1f61db83,KXCPIYOY-26APR-T4.3,long_spread,TIME_STOP,inflation,0.020000000000000018,-0.020000000000000018,-0.4849999999999985,-0.4890214204788208,-0.48701071023940967,0.020000000000000018,True
kxcpiyoy26aprt44-0x1f61db83,KXCPIYOY-26APR-T4.4,long_spread,TIME_STOP,inflation,0.020000000000000018,-0.020000000000000018,-0.5049999999999957,-0.5041677355766296,-0.5045838677883127,0.020000000000000018,True
kxcpiyoy26aprt42-0x1f61db83,KXCPIYOY-26APR-T4.2,long_spread,TIME_STOP,inflation,0.010000000000000009,-0.010000000000000009,-0.51,-0.5132667422294617,-0.5116333711147308,0.010000000000000009,True
kxukcpiyoy26apr22t4-0x1f61db83,KXUKCPIYOY-26APR22-T4,long_spread,TIME_STOP,inflation,0.05999999999999994,-0.05999999999999994,-0.475,-0.475042462348938,-0.475021231174469,0.05999999999999994,True
kxcpiyoy26aprt37-0xbef75184,KXCPIYOY-26APR-T3.7,long_spread,TIME_STOP,inflation,0.0050000000000000044,-0.0050000000000000044,-0.5150000000000038,-0.5186235308647156,-0.5168117654323596,0.0050000000000000044,True
kxhegsethout26aprmay01-0x0fcfcfc3,KXHEGSETHOUT-26APR-MAY01,long_spread,TIME_STOP,other,0.0,0.0,-0.3819999999999955,-0.3801572024822235,-0.3810786012411095,0.0,True
kxdoged26apr1517t00949999-0x49f92406,KXDOGED-26APR1517-T0.0949999,short_spread,RESOLUTION_EXIT,crypto,-0.0010000000000000009,0.0010000000000000009,0.5625000000000049,0.5575665831565857,0.5600332915782953,0.0010000000000000009,True
kxdoged26apr1517t00899999-0x49f92406,KXDOGED-26APR1517-T0.0899999,short_spread,RESOLUTION_EXIT,crypto,-0.0010000000000000009,0.0010000000000000009,0.792500000000005,0.7943631410598755,0.7934315705299402,0.0010000000000000009,True
kxtechlayoff26mar20-0x74f19011,KXTECHLAYOFF-26MAR-2.0,long_spread,RESOLUTION_EXIT,other,0.0050000000000001155,-0.0050000000000001155,-0.6300000000000067,-0.62834233045578,-0.6291711652278933,0.0050000000000001155,True
kxfisaextend26mar-0x61212670,KXFISAEXTEND-26MAR,short_spread,RESOLUTION_EXIT,other,-0.019999999999999907,0.019999999999999907,0.38500000000000434,0.3872837424278259,0.38614187121391513,0.019999999999999907,True
kxdoge26apr1517b0092-0x49f92406,KXDOGE-26APR1517-B0.092,short_spread,RESOLUTION_EXIT,crypto,-0.0010000000000000009,0.0010000000000000009,0.532500000000005,0.5310059189796448,0.5317529594898249,0.0010000000000000009,True
kxkatzout26jan0127jan01-0xb25a93dc,KXKATZOUT-26JAN01-27JAN01,short_spread,RESOLUTION_EXIT,other,0.0,0.0,0.4334999999999992,0.43367868661880493,0.4335893433094021,0.0,True
kxfisaextend26mar-0x61212670,KXFISAEXTEND-26MAR,short_spread,RESOLUTION_EXIT,other,0.0,0.0,0.38500000000000434,0.3872837424278259,0.38614187121391513,0.0,True
kxkatzout26jan0127jan01-0xb25a93dc,KXKATZOUT-26JAN01-27JAN01,short_spread,RESOLUTION_EXIT,other,0.0,0.0,0.433500000000005,0.43367868661880493,0.43358934330940496,0.0,True
kxdoge26apr1517b0092-0x49f92406,KXDOGE-26APR1517-B0.092,short_spread,RESOLUTION_EXIT,crypto,-0.014500000000000068,0.014500000000000068,0.5180000000000048,0.5152400732040405,0.5166200366020226,0.014500000000000068,True
kxdoged26apr1517t00899999-0x49f92406,KXDOGED-26APR1517-T0.0899999,short_spread,RESOLUTION_EXIT,crypto,0.0004999999999999449,-0.0004999999999999449,0.7930000000000049,0.7943631410598755,0.7936815705299403,-0.0004999999999999449,True
kxdoged26apr1517t00949999-0x49f92406,KXDOGED-26APR1517-T0.0949999,short_spread,RESOLUTION_EXIT,crypto,-0.21950000000000003,0.21950000000000003,0.34300000000000486,0.33873212337493896,0.3408660616874719,0.21950000000000003,True
kxtechlayoff26mar20-0x74f19011,KXTECHLAYOFF-26MAR-2.0,long_spread,RESOLUTION_EXIT,other,-0.0050000000000001155,0.0050000000000001155,-0.6249999999999963,-0.6274621486663818,-0.6262310743331891,-0.0050000000000001155,True
kxtruthsocial26apr18b169-0x8cec42fa,KXTRUTHSOCIAL-26APR18-B169,long_spread,TIME_STOP,other,-0.09999999999999998,0.09999999999999998,-0.4650000000000048,-0.4552367329597473,-0.46011836647987603,-0.09999999999999998,True
kxtechlayoff26mar20-0x74f19011,KXTECHLAYOFF-26MAR-2.0,long_spread,RESOLUTION_EXIT,other,0.0,0.0,-0.6250000000000042,-0.6274621486663818,-0.626231074333193,0.0,True
kxfisaextend26mar-0x61212670,KXFISAEXTEND-26MAR,short_spread,RESOLUTION_EXIT,other,0.0,0.0,0.38500000000000434,0.3872837424278259,0.38614187121391513,0.0,True
kxdoge26apr1517b0092-0x49f92406,KXDOGE-26APR1517-B0.092,short_spread,RESOLUTION_EXIT,crypto,0.00550000000000006,-0.00550000000000006,0.5235000000000049,0.5152400732040405,0.5193700366020226,-0.00550000000000006,True
kxkatzout26jan0127jan01-0xb25a93dc,KXKATZOUT-26JAN01-27JAN01,short_spread,RESOLUTION_EXIT,other,0.0,0.0,0.43349999999999916,0.43367868661880493,0.433589343309402,0.0,True
kxcacpiyoy26apr20t21-0x29c639f7,KXCACPIYOY-26APR20-T2.1,short_spread,TIME_STOP,inflation,-0.0030000000000000027,0.0030000000000000027,0.7624999999999996,0.7629958391189575,0.7627479195594786,0.0030000000000000027,True
kxtruthsocial26apr18b149-0x8cec42fa,KXTRUTHSOCIAL-26APR18-B149,long_spread,TIME_STOP,other,-0.09999999999999998,0.09999999999999998,-0.3500000000000041,-0.3598480224609375,-0.3549240112304708,-0.09999999999999998,True
kxcacpiyoy26apr20t26-0x29c639f7,KXCACPIYOY-26APR20-T2.6,short_spread,TIME_STOP,inflation,-0.0030000000000000027,0.0030000000000000027,0.5125000000000007,0.5150220394134521,0.5137610197067264,0.0030000000000000027,True
kxcacpiyoy26apr20t22-0x1f61db83,KXCACPIYOY-26APR20-T2.2,short_spread,TIME_STOP,inflation,0.0,0.0,0.41999999999999954,0.41875046491622925,0.41937523245811437,0.0,True
kxcacpiyoy26apr20t2-0x1f61db83,KXCACPIYOY-26APR20-T2,short_spread,TIME_STOP,inflation,0.0,0.0,0.4599999999999976,0.4588298201560974,0.45941491007804747,0.0,True
kxcacpiyoy26apr20t2-0x29c639f7,KXCACPIYOY-26APR20-T2,short_spread,TIME_STOP,inflation,-0.0030000000000000027,0.0030000000000000027,0.787499999999999,0.7859881520271301,0.7867440760135646,0.0030000000000000027,True
kxcacpiyoy26apr20t32-0x1f61db83,KXCACPIYOY-26APR20-T3.2,long_spread,TIME_STOP,inflation,0.0,0.0,-0.4799999999999996,-0.47789865732192993,-0.47894932866096473,0.0,True
kxcacpiyoy26apr20t18-0x29c639f7,KXCACPIYOY-26APR20-T1.8,short_spread,TIME_STOP,inflation,-0.0030000000000000027,0.0030000000000000027,0.7875000000000044,0.7859881520271301,0.7867440760135673,0.0030000000000000027,True
kxcacpiyoy26apr20t23-0x1f61db83,KXCACPIYOY-26APR20-T2.3,short_spread,TIME_STOP,inflation,0.0,0.0,0.409999999999999,0.41273367404937744,0.41136683702468824,0.0,True
kxcacpiyoy26apr20t19-0x29c639f7,KXCACPIYOY-26APR20-T1.9,short_spread,TIME_STOP,inflation,-0.0030000000000000027,0.0030000000000000027,0.7875000000000044,0.7859881520271301,0.7867440760135673,0.0030000000000000027,True
kxcacpiyoy26apr20t31-0x1f61db83,KXCACPIYOY-26APR20-T3.1,long_spread,TIME_STOP,inflation,0.0,0.0,-0.4599999999999992,-0.4611300826072693,-0.46056504130363424,0.0,True
kxcacpiyoy26apr20t3-0x1f61db83,KXCACPIYOY-26APR20-T3,long_spread,TIME_STOP,inflation,0.0,0.0,-0.43499999999999783,-0.43356072902679443,-0.43428036451339613,0.0,True
kxtruthsocial26apr18t220-0x8cec42fa,KXTRUTHSOCIAL-26APR18-T220,long_spread,TIME_STOP,other,-0.09999999999999998,0.09999999999999998,-0.5550000000000173,-0.5569577813148499,-0.5559788906574336,-0.09999999999999998,True
kxcacpiyoy26apr20t21-0x1f61db83,KXCACPIYOY-26APR20-T2.1,short_spread,TIME_STOP,inflation,0.0,0.0,0.4349999999999988,0.4328688085079193,0.433934404253959,0.0,True
kxcacpiyoy26apr20t24-0x29c639f7,KXCACPIYOY-26APR20-T2.4,short_spread,TIME_STOP,inflation,-0.0030000000000000027,0.0030000000000000027,0.7374999999999998,0.7350436449050903,0.7362718224525451,0.0030000000000000027,True
kxtruthsocial26apr18b189-0x8cec42fa,KXTRUTHSOCIAL-26APR18-B189,long_spread,TIME_STOP,other,-0.09999999999999998,0.09999999999999998,-0.5350000000000029,-0.5267226696014404,-0.5308613348007216,-0.09999999999999998,True
kxcacpiyoy26apr20t24-0x1f61db83,KXCACPIYOY-26APR20-T2.4,short_spread,TIME_STOP,inflation,0.0,0.0,0.409999999999999,0.41273367404937744,0.41136683702468824,0.0,True
kxcacpiyoy26apr20t23-0x29c639f7,KXCACPIYOY-26APR20-T2.3,short_spread,TIME_STOP,inflation,-0.0030000000000000027,0.0030000000000000027,0.7374999999999998,0.7350436449050903,0.7362718224525451,0.0030000000000000027,True
kxtruthsocial26apr18b210-0x8cec42fa,KXTRUTHSOCIAL-26APR18-B210,long_spread,TIME_STOP,other,-0.09999999999999998,0.09999999999999998,-0.5550000000000067,-0.5569577813148499,-0.5559788906574283,-0.09999999999999998,True
kxcacpiyoy26apr20t25-0x29c639f7,KXCACPIYOY-26APR20-T2.5,short_spread,TIME_STOP,inflation,-0.0030000000000000027,0.0030000000000000027,0.6275000000000001,0.6328068971633911,0.6301534485816955,0.0030000000000000027,True
kxtruthsocial26apr18b129-0x8cec42fa,KXTRUTHSOCIAL-26APR18-B129,long_spread,TIME_STOP,other,-0.09999999999999998,0.09999999999999998,-0.3450000000000036,-0.3598480224609375,-0.3524240112304705,-0.09999999999999998,True
kxcacpiyoy26apr20t22-0x29c639f7,KXCACPIYOY-26APR20-T2.2,short_spread,TIME_STOP,inflation,-0.0030000000000000027,0.0030000000000000027,0.7475000000000002,0.7460740208625793,0.7467870104312897,0.0030000000000000027,True
kxdegdpyoyf26apr30t01-0xb0c7a573,KXDEGDPYOYF-26APR30-T0.1,short_spread,MOMENTUM,gdp,0.04749999999999999,-0.04749999999999999,0.5714999999999981,0.5688044428825378,0.570152221441268,-0.04749999999999999,True
kxdegdpyoyf26apr30t02-0xb0c7a573,KXDEGDPYOYF-26APR30-T0.2,short_spread,MOMENTUM,gdp,0.04750000000000004,-0.04750000000000004,0.5414999999999964,0.5430955290794373,0.5422977645397169,-0.04750000000000004,True
kxdegdpyoyf26apr30t03-0xb0c7a573,KXDEGDPYOYF-26APR30-T0.3,short_spread,MOMENTUM,gdp,0.03750000000000003,-0.03750000000000003,0.3664999999999958,0.3677489757537842,0.36712448787689,-0.03750000000000003,True
kxdegdpyoyf26apr30t0-0xb0c7a573,KXDEGDPYOYF-26APR30-T0,short_spread,MOMENTUM,gdp,0.03749999999999998,-0.03749999999999998,0.6015000000000007,0.5992227792739868,0.6003613896369937,-0.03749999999999998,True
kxdoge26apr1517b0102-0x49f92406,KXDOGE-26APR1517-B0.102,short_spread,RESOLUTION_EXIT,crypto,0.32949999999999996,-0.32949999999999996,0.3530000000000048,0.35780414938926697,0.3554020746946359,-0.32949999999999996,True
kxtechlayoff26mar20-0x74f19011,KXTECHLAYOFF-26MAR-2.0,long_spread,RESOLUTION_EXIT,other,0.0,0.0,-0.6250000000000067,-0.6274621486663818,-0.6262310743331942,0.0,True
kxdoge26apr1517b0092-0x49f92406,KXDOGE-26APR1517-B0.092,short_spread,RESOLUTION_EXIT,crypto,-0.000500000000000056,0.000500000000000056,0.5230000000000048,0.5152400732040405,0.5191200366020227,0.000500000000000056,True
kxdoge26apr1517b0082-0x49f92406,KXDOGE-26APR1517-B0.082,short_spread,RESOLUTION_EXIT,crypto,0.33949999999999997,-0.33949999999999997,0.3630000000000049,0.36763083934783936,0.3653154196739221,-0.33949999999999997,True
kxdoged26apr1517t00899999-0x49f92406,KXDOGED-26APR1517-T0.0899999,short_spread,RESOLUTION_EXIT,crypto,-0.11550000000000016,0.11550000000000016,0.7930000000000049,0.7943631410598755,0.7936815705299403,0.11550000000000016,True
kxdoged26apr1517t00949999-0x49f92406,KXDOGED-26APR1517-T0.0949999,short_spread,RESOLUTION_EXIT,crypto,0.3444999999999999,-0.3444999999999999,0.5630000000000049,0.5684940218925476,0.5657470109462763,-0.3444999999999999,True
kxkatzout26jan0127jan01-0xb25a93dc,KXKATZOUT-26JAN01-27JAN01,short_spread,RESOLUTION_EXIT,other,0.0,0.0,0.4334999999999992,0.43367868661880493,0.4335893433094021,0.0,True
kxdoge26apr1517b0087-0x49f92406,KXDOGE-26APR1517-B0.087,short_spread,RESOLUTION_EXIT,crypto,0.24949999999999997,-0.24949999999999997,0.3630000000000049,0.36763083934783936,0.3653154196739221,-0.24949999999999997,True
kxfisaextend26mar-0x61212670,KXFISAEXTEND-26MAR,short_spread,RESOLUTION_EXIT,other,0.0,0.0,0.38500000000000434,0.3872837424278259,0.38614187121391513,0.0,True
kxmusknw26apr30t600-0x88b2a7dd,KXMUSKNW-26APR30-T600,short_spread,MOMENTUM,other,0.0,0.0,0.6499999999999976,0.6438219547271729,0.6469109773635853,0.0,True
kxcpiyoy26aprt36-0xbef75184,KXCPIYOY-26APR-T3.6,long_spread,TIME_STOP,inflation,0.030000000000000027,-0.030000000000000027,-0.3600000000000028,-0.3589777946472168,-0.3594888973236098,0.030000000000000027,True
kxgdp26apr30t20-0x0535dc99,KXGDP-26APR30-T2.0,short_spread,TIME_STOP,gdp,-0.0025000000000000022,0.0025000000000000022,0.3060000000000007,0.3165264129638672,0.31126320648193395,0.0025000000000000022,True
kxmusknw26apr30t600-0xa4e4a9dc,KXMUSKNW-26APR30-T600,short_spread,TIME_STOP,other,0.0,0.0,0.6800000000000037,0.6848245859146118,0.6824122929573078,0.0,True
kxdoged26apr1517t00949999-0x49f92406,KXDOGED-26APR1517-T0.0949999,short_spread,RESOLUTION_EXIT,crypto,0.000500000000000056,-0.000500000000000056,0.5635000000000049,0.5684940218925476,0.5659970109462762,-0.000500000000000056,True
kxdoge26apr1517b0082-0x49f92406,KXDOGE-26APR1517-B0.082,short_spread,RESOLUTION_EXIT,crypto,0.0005000000000000004,-0.0005000000000000004,0.3635000000000049,0.36763083934783936,0.3655654196739221,-0.0005000000000000004,True
kxdoged26apr1517t00899999-0x49f92406,KXDOGED-26APR1517-T0.0899999,short_spread,RESOLUTION_EXIT,crypto,0.000500000000000056,-0.000500000000000056,0.793500000000005,0.7941338419914246,0.7938169209957148,-0.000500000000000056,True
kxdoge26apr1517b0087-0x49f92406,KXDOGE-26APR1517-B0.087,short_spread,RESOLUTION_EXIT,crypto,0.0005000000000000004,-0.0005000000000000004,0.3635000000000049,0.36763083934783936,0.3655654196739221,-0.0005000000000000004,True
kxtechlayoff26mar20-0x74f19011,KXTECHLAYOFF-26MAR-2.0,long_spread,RESOLUTION_EXIT,other,0.0,0.0,-0.6250000000000064,-0.6274621486663818,-0.6262310743331941,0.0,True
kxdoge26apr1517b0092-0x49f92406,KXDOGE-26APR1517-B0.092,short_spread,RESOLUTION_EXIT,crypto,0.000500000000000056,-0.000500000000000056,0.5235000000000049,0.5152400732040405,0.5193700366020226,-0.000500000000000056,True
kxkatzout26jan0127jan01-0xb25a93dc,KXKATZOUT-26JAN01-27JAN01,short_spread,RESOLUTION_EXIT,other,0.0,0.0,0.43349999999999933,0.43367868661880493,0.43358934330940213,0.0,True
kxdoge26apr1517b0102-0x49f92406,KXDOGE-26APR1517-B0.102,short_spread,RESOLUTION_EXIT,crypto,0.01050000000000001,-0.01050000000000001,0.3635000000000049,0.36763083934783936,0.3655654196739221,-0.01050000000000001,True
kxfisaextend26mar-0x61212670,KXFISAEXTEND-26MAR,short_spread,RESOLUTION_EXIT,other,0.034999999999999865,-0.034999999999999865,0.42000000000000437,0.4207291901111603,0.4203645950555823,-0.034999999999999865,True
kxgdp26apr30t15-0xbf7d903a,KXGDP-26APR30-T1.5,short_spread,MOMENTUM,gdp,0.010499999999999954,-0.010499999999999954,0.5685000000000017,0.5684809684753418,0.5684904842376717,-0.010499999999999954,True
kxleadersout27jan01lsilbra-0xa73a98fd,KXLEADERSOUT-27JAN01-LSILBRA,short_spread,MOMENTUM,politics_policy,-0.0015000000000000013,0.0015000000000000013,0.3364999999999949,0.33537957072257996,0.33593978536128744,0.0015000000000000013,True
kxdoge26apr1517b0092-0x49f92406,KXDOGE-26APR1517-B0.092,short_spread,RESOLUTION_EXIT,crypto,0.025000000000000022,-0.025000000000000022,0.5485000000000049,0.5431113243103027,0.5458056621551538,-0.025000000000000022,True
kxtechlayoff26mar20-0x74f19011,KXTECHLAYOFF-26MAR-2.0,long_spread,RESOLUTION_EXIT,other,0.0,0.0,-0.6249999999999963,-0.6274621486663818,-0.6262310743331891,0.0,True
kxkatzout26jan0127jan01-0xb25a93dc,KXKATZOUT-26JAN01-27JAN01,short_spread,RESOLUTION_EXIT,other,0.0,0.0,0.433500000000005,0.43367868661880493,0.43358934330940496,0.0,True
kxdoged26apr1517t00899999-0x49f92406,KXDOGED-26APR1517-T0.0899999,short_spread,RESOLUTION_EXIT,crypto,0.0,0.0,0.793500000000005,0.7941338419914246,0.7938169209957148,0.0,True
kxfisaextend26mar-0x61212670,KXFISAEXTEND-26MAR,short_spread,RESOLUTION_EXIT,other,0.0,0.0,0.42000000000000437,0.4207291901111603,0.4203645950555823,0.0,True
kxtruthsocial26apr18b169-0x8cec42fa,KXTRUTHSOCIAL-26APR18-B169,long_spread,TIME_STOP,other,0.0,0.0,-0.4650000000000048,-0.4552367329597473,-0.46011836647987603,0.0,True
kxkatzout26jan0127jan01-0xb25a93dc,KXKATZOUT-26JAN01-27JAN01,short_spread,RESOLUTION_EXIT,other,0.0,0.0,0.4334999999999994,0.43367868661880493,0.43358934330940213,0.0,True
kxfisaextend26mar-0x61212670,KXFISAEXTEND-26MAR,short_spread,RESOLUTION_EXIT,other,0.0,0.0,0.42000000000000437,0.4207291901111603,0.4203645950555823,0.0,True
kxtechlayoff26mar20-0x74f19011,KXTECHLAYOFF-26MAR-2.0,long_spread,RESOLUTION_EXIT,other,0.010000000000000009,-0.010000000000000009,-0.6350000000000041,-0.6301697492599487,-0.6325848746299765,0.010000000000000009,True
kxdoged26apr1517t00899999-0x49f92406,KXDOGED-26APR1517-T0.0899999,short_spread,RESOLUTION_EXIT,crypto,-0.0010000000000000009,0.0010000000000000009,0.792500000000005,0.7943631410598755,0.7934315705299402,0.0010000000000000009,True
kxdoged26apr1517t00949999-0x49f92406,KXDOGED-26APR1517-T0.0949999,short_spread,RESOLUTION_EXIT,crypto,0.399,-0.399,0.5625000000000049,0.5575665831565857,0.5600332915782953,-0.399,True
kxdoge26apr1517b0092-0x49f92406,KXDOGE-26APR1517-B0.092,short_spread,RESOLUTION_EXIT,crypto,0.14400000000000002,-0.14400000000000002,0.692500000000005,0.6847633719444275,0.6886316859722162,-0.14400000000000002,True
kxcacpiyoy26apr20t23-0x29c639f7,KXCACPIYOY-26APR20-T2.3,short_spread,TIME_STOP,inflation,-0.0044999999999999485,0.0044999999999999485,0.7329999999999999,0.7350436449050903,0.7340218224525451,0.0044999999999999485,True
kxcacpiyoy26apr20t24-0x29c639f7,KXCACPIYOY-26APR20-T2.4,short_spread,TIME_STOP,inflation,-0.0044999999999999485,0.0044999999999999485,0.7329999999999999,0.7350436449050903,0.7340218224525451,0.0044999999999999485,True
kxtruthsocial26apr18b149-0x8cec42fa,KXTRUTHSOCIAL-26APR18-B149,long_spread,TIME_STOP,other,0.015000000000000013,-0.015000000000000013,-0.36500000000000427,-0.3634662926197052,-0.3642331463098547,0.015000000000000013,True
kxtruthsocial26apr18b210-0x8cec42fa,KXTRUTHSOCIAL-26APR18-B210,long_spread,TIME_STOP,other,0.015000000000000013,-0.015000000000000013,-0.5700000000000041,-0.5662453174591064,-0.5681226587295553,0.015000000000000013,True
kxcacpiyoy26apr20t19-0x29c639f7,KXCACPIYOY-26APR20-T1.9,short_spread,TIME_STOP,inflation,-0.0045000000000000595,0.0045000000000000595,0.7830000000000044,0.7859881520271301,0.7844940760135672,0.0045000000000000595,True
kxcacpiyoy26apr20t23-0x1f61db83,KXCACPIYOY-26APR20-T2.3,short_spread,TIME_STOP,inflation,0.0,0.0,0.4099999999999991,0.41273367404937744,0.41136683702468824,0.0,True
kxcacpiyoy26apr20t2-0x1f61db83,KXCACPIYOY-26APR20-T2,short_spread,TIME_STOP,inflation,0.0,0.0,0.4599999999999978,0.4588298201560974,0.4594149100780476,0.0,True
kxcacpiyoy26apr20t21-0x29c639f7,KXCACPIYOY-26APR20-T2.1,short_spread,TIME_STOP,inflation,-0.0044999999999999485,0.0044999999999999485,0.7579999999999999,0.7536942958831787,0.7558471479415894,0.0044999999999999485,True
kxcacpiyoy26apr20t18-0x29c639f7,KXCACPIYOY-26APR20-T1.8,short_spread,TIME_STOP,inflation,-0.0045000000000000595,0.0045000000000000595,0.7830000000000044,0.7859881520271301,0.7844940760135672,0.0045000000000000595,True
kxtruthsocial26apr18t220-0x8cec42fa,KXTRUTHSOCIAL-26APR18-T220,long_spread,TIME_STOP,other,0.015000000000000013,-0.015000000000000013,-0.5700000000000136,-0.5662453174591064,-0.56812265872956,0.015000000000000013,True
kxcacpiyoy26apr20t26-0x29c639f7,KXCACPIYOY-26APR20-T2.6,short_spread,TIME_STOP,inflation,-0.0044999999999999485,0.0044999999999999485,0.5080000000000008,0.5003479719161987,0.5041739859580998,0.0044999999999999485,True
kxcacpiyoy26apr20t22-0x29c639f7,KXCACPIYOY-26APR20-T2.2,short_spread,TIME_STOP,inflation,-0.0044999999999999485,0.0044999999999999485,0.7430000000000001,0.7460740208625793,0.7445370104312897,0.0044999999999999485,True
kxcacpiyoy26apr20t3-0x1f61db83,KXCACPIYOY-26APR20-T3,long_spread,TIME_STOP,inflation,0.0,0.0,-0.4349999999999977,-0.43356072902679443,-0.4342803645133961,0.0,True
kxcacpiyoy26apr20t2-0x29c639f7,KXCACPIYOY-26APR20-T2,short_spread,TIME_STOP,inflation,-0.0045000000000000595,0.0045000000000000595,0.7829999999999994,0.7859881520271301,0.7844940760135648,0.0045000000000000595,True
kxcacpiyoy26apr20t32-0x1f61db83,KXCACPIYOY-26APR20-T3.2,long_spread,TIME_STOP,inflation,0.0,0.0,-0.4799999999999996,-0.47789865732192993,-0.47894932866096473,0.0,True
kxtruthsocial26apr18b189-0x8cec42fa,KXTRUTHSOCIAL-26APR18-B189,long_spread,TIME_STOP,other,0.015000000000000013,-0.015000000000000013,-0.550000000000003,-0.5617738366127014,-0.5558869183063522,0.015000000000000013,True
kxcacpiyoy26apr20t22-0x1f61db83,KXCACPIYOY-26APR20-T2.2,short_spread,TIME_STOP,inflation,0.0,0.0,0.41999999999999965,0.41875046491622925,0.4193752324581145,0.0,True
kxcacpiyoy26apr20t24-0x1f61db83,KXCACPIYOY-26APR20-T2.4,short_spread,TIME_STOP,inflation,0.0,0.0,0.4099999999999991,0.41273367404937744,0.41136683702468824,0.0,True
kxtruthsocial26apr18b129-0x8cec42fa,KXTRUTHSOCIAL-26APR18-B129,long_spread,TIME_STOP,other,0.015000000000000013,-0.015000000000000013,-0.36000000000000376,-0.3634662926197052,-0.3617331463098545,0.015000000000000013,True
kxcacpiyoy26apr20t25-0x29c639f7,KXCACPIYOY-26APR20-T2.5,short_spread,TIME_STOP,inflation,-0.0044999999999999485,0.0044999999999999485,0.6230000000000002,0.6171091794967651,0.6200545897483827,0.0044999999999999485,True
kxcacpiyoy26apr20t31-0x1f61db83,KXCACPIYOY-26APR20-T3.1,long_spread,TIME_STOP,inflation,0.0,0.0,-0.4599999999999991,-0.4611300826072693,-0.4605650413036342,0.0,True
kxcacpiyoy26apr20t21-0x1f61db83,KXCACPIYOY-26APR20-T2.1,short_spread,TIME_STOP,inflation,0.0,0.0,0.434999999999999,0.4328688085079193,0.4339344042539591,0.0,True
kxdoged26apr1517t00899999-0x49f92406,KXDOGED-26APR1517-T0.0899999,short_spread,RESOLUTION_EXIT,crypto,0.0,0.0,0.794500000000005,0.7941338419914246,0.7943169209957148,0.0,True
kxtechlayoff26mar20-0x74f19011,KXTECHLAYOFF-26MAR-2.0,long_spread,RESOLUTION_EXIT,other,0.0,0.0,-0.6250000000000064,-0.6274621486663818,-0.6262310743331941,0.0,True
kxfisaextend26mar-0x61212670,KXFISAEXTEND-26MAR,short_spread,RESOLUTION_EXIT,other,0.0,0.0,0.41000000000000436,0.41471239924430847,0.4123561996221564,0.0,True
kxdoged26apr1517t00949999-0x49f92406,KXDOGED-26APR1517-T0.0949999,short_spread,RESOLUTION_EXIT,crypto,0.0,0.0,0.5645000000000049,0.5684940218925476,0.5664970109462762,0.0,True
kxdoge26apr1517b0092-0x49f92406,KXDOGE-26APR1517-B0.092,short_spread,RESOLUTION_EXIT,crypto,-0.15000000000000002,0.15000000000000002,0.544500000000005,0.5431113243103027,0.5438056621551539,0.15000000000000002,True
kxkatzout26jan0127jan01-0xb25a93dc,KXKATZOUT-26JAN01-27JAN01,short_spread,RESOLUTION_EXIT,other,0.0,0.0,0.4334999999999993,0.43367868661880493,0.43358934330940213,0.0,True
kxmusknw26apr30t610-0x88b2a7dd,KXMUSKNW-26APR30-T610,short_spread,TIME_STOP,other,0.07000000000000006,-0.07000000000000006,0.6250000000000023,0.6173141598701477,0.621157079935075,-0.07000000000000006,True
kxgdp26apr30t20-0x88d5a8b1,KXGDP-26APR30-T2.0,short_spread,TIME_STOP,gdp,0.0005000000000000004,-0.0005000000000000004,0.443500000000002,0.4447936713695526,0.4441468356847773,-0.0005000000000000004,True
kxmusknw26apr30t630-0x88b2a7dd,KXMUSKNW-26APR30-T630,short_spread,TIME_STOP,other,0.04500000000000004,-0.04500000000000004,0.4250000000000023,0.42589130997657776,0.42544565498829,-0.04500000000000004,True
kxgdp26apr30t15-0x88d5a8b1,KXGDP-26APR30-T1.5,short_spread,TIME_STOP,gdp,-0.029999999999999916,0.029999999999999916,0.6230000000000003,0.6172569990158081,0.6201284995079042,0.029999999999999916,True
kxmusknw26apr30t620-0x88b2a7dd,KXMUSKNW-26APR30-T620,short_spread,TIME_STOP,other,0.040000000000000036,-0.040000000000000036,0.5200000000000023,0.5151544213294983,0.5175772106647503,-0.040000000000000036,True
kxtechlayoff26mar20-0x74f19011,KXTECHLAYOFF-26MAR-2.0,long_spread,RESOLUTION_EXIT,other,0.0,0.0,-0.6249999999999963,-0.6274621486663818,-0.6262310743331891,0.0,True
kxdoge26apr1507b0082-0x49f92406,KXDOGE-26APR1507-B0.082,short_spread,RESOLUTION_EXIT,crypto,0.0,0.0,0.763500000000005,0.7633126378059387,0.7634063189029718,0.0,True
kxdoged26apr1517t00849999-0x49f92406,KXDOGED-26APR1517-T0.0849999,short_spread,RESOLUTION_EXIT,crypto,0.379,-0.379,0.5735000000000049,0.5684940218925476,0.5709970109462763,-0.379,True
kxdoge26apr1517b0092-0x49f92406,KXDOGE-26APR1517-B0.092,short_spread,RESOLUTION_EXIT,crypto,0.14900000000000002,-0.14900000000000002,0.693500000000005,0.6993461847305298,0.6964230923652674,-0.14900000000000002,True
kxdoge26apr1507b0102-0x49f92406,KXDOGE-26APR1507-B0.102,short_spread,RESOLUTION_EXIT,crypto,0.0,0.0,0.813500000000005,0.8183758854866028,0.8159379427433039,0.0,True
kxkatzout26jan0127jan01-0xb25a93dc,KXKATZOUT-26JAN01-27JAN01,short_spread,RESOLUTION_EXIT,other,0.0,0.0,0.433500000000005,0.43367868661880493,0.43358934330940496,0.0,True
kxdoged26apr1517t00899999-0x49f92406,KXDOGED-26APR1517-T0.0899999,short_spread,RESOLUTION_EXIT,crypto,-0.0010000000000000009,0.0010000000000000009,0.793500000000005,0.7941338419914246,0.7938169209957148,0.0010000000000000009,True
kxfisaextend26mar-0x61212670,KXFISAEXTEND-26MAR,short_spread,RESOLUTION_EXIT,other,0.0,0.0,0.41000000000000436,0.41471239924430847,0.4123561996221564,0.0,True
kxdoged26apr1517t00949999-0x49f92406,KXDOGED-26APR1517-T0.0949999,short_spread,RESOLUTION_EXIT,crypto,-0.0010000000000000009,0.0010000000000000009,0.5635000000000049,0.5684940218925476,0.5659970109462762,0.0010000000000000009,True
kxtruthsocial26apr18b169-0x8cec42fa,KXTRUTHSOCIAL-26APR18-B169,long_spread,TIME_STOP,other,0.0,0.0,-0.4650000000000023,-0.4552367329597473,-0.4601183664798748,0.0,True
kxdoged26apr1507t00999999-0x49f92406,KXDOGED-26APR1507-T0.0999999,short_spread,RESOLUTION_EXIT,crypto,0.78,-0.78,0.763500000000005,0.7633126378059387,0.7634063189029718,-0.78,True
kxdoge26apr1507b0102-0x49f92406,KXDOGE-26APR1507-B0.102,short_spread,RESOLUTION_EXIT,crypto,-0.04999999999999993,0.04999999999999993,0.7635000000000051,0.7633126378059387,0.7634063189029718,0.04999999999999993,True
kxdoge26apr1507b0082-0x49f92406,KXDOGE-26APR1507-B0.082,short_spread,RESOLUTION_EXIT,crypto,0.0,0.0,0.763500000000005,0.7633126378059387,0.7634063189029718,0.0,True
kxtruthsocial26apr18b129-0x8cec42fa,KXTRUTHSOCIAL-26APR18-B129,long_spread,TIME_STOP,other,-0.04500000000000004,0.04500000000000004,-0.31500000000000306,-0.34721341729164124,-0.33110670864582215,-0.04500000000000004,True
kxtruthsocial26apr18b149-0x8cec42fa,KXTRUTHSOCIAL-26APR18-B149,long_spread,TIME_STOP,other,-0.04500000000000004,0.04500000000000004,-0.3200000000000035,-0.34915104508399963,-0.33457552254200157,-0.04500000000000004,True
kxdoge26apr1517b0092-0x49f92406,KXDOGE-26APR1517-B0.092,short_spread,RESOLUTION_EXIT,crypto,-0.25650000000000006,0.25650000000000006,0.43700000000000483,0.43367868661880493,0.4353393433094049,0.25650000000000006,True
kxdoged26apr1517t00949999-0x49f92406,KXDOGED-26APR1517-T0.0949999,short_spread,RESOLUTION_EXIT,crypto,-0.0015000000000000568,0.0015000000000000568,0.5620000000000049,0.5575665831565857,0.5597832915782953,0.0015000000000000568,True
kxdoged26apr1517t00899999-0x49f92406,KXDOGED-26APR1517-T0.0899999,short_spread,RESOLUTION_EXIT,crypto,-0.0015000000000000568,0.0015000000000000568,0.7920000000000049,0.7943631410598755,0.7931815705299402,0.0015000000000000568,True
kxtechlayoff26mar20-0x74f19011,KXTECHLAYOFF-26MAR-2.0,long_spread,RESOLUTION_EXIT,other,0.004999999999999893,-0.004999999999999893,-0.6350000000000066,-0.6301697492599487,-0.6325848746299776,0.004999999999999893,True
kxfisaextend26mar-0x61212670,KXFISAEXTEND-26MAR,short_spread,RESOLUTION_EXIT,other,0.0,0.0,0.41000000000000436,0.41471239924430847,0.4123561996221564,0.0,True
kxkatzout26jan0127jan01-0xb25a93dc,KXKATZOUT-26JAN01-27JAN01,short_spread,RESOLUTION_EXIT,other,0.0,0.0,0.43349999999999944,0.43367868661880493,0.4335893433094022,0.0,True
kxcacpiyoy26apr20t21-0x29c639f7,KXCACPIYOY-26APR20-T2.1,short_spread,TIME_STOP,inflation,-0.018500000000000072,0.018500000000000072,0.759,0.7536942958831787,0.7563471479415893,0.018500000000000072,True
kxcacpiyoy26apr20t2-0x1f61db83,KXCACPIYOY-26APR20-T2,short_spread,TIME_STOP,inflation,-0.020000000000000018,0.020000000000000018,0.44000000000000344,0.4438614547252655,0.4419307273626345,0.020000000000000018,True
kxcacpiyoy26apr20t25-0x29c639f7,KXCACPIYOY-26APR20-T2.5,short_spread,TIME_STOP,inflation,-0.018500000000000072,0.018500000000000072,0.624,0.6171091794967651,0.6205545897483826,0.018500000000000072,True
kxcacpiyoy26apr20t3-0x1f61db83,KXCACPIYOY-26APR20-T3,long_spread,TIME_STOP,inflation,0.020000000000000018,-0.020000000000000018,-0.4549999999999979,-0.4537201523780823,-0.45436007618904006,0.020000000000000018,True
kxcacpiyoy26apr20t32-0x1f61db83,KXCACPIYOY-26APR20-T3.2,long_spread,TIME_STOP,inflation,0.020000000000000018,-0.020000000000000018,-0.49999999999999983,-0.5007497668266296,-0.5003748834133147,0.020000000000000018,True
kxcacpiyoy26apr20t21-0x1f61db83,KXCACPIYOY-26APR20-T2.1,short_spread,TIME_STOP,inflation,-0.020000000000000018,0.020000000000000018,0.414999999999999,0.41864222288131714,0.41682111144065803,0.020000000000000018,True
kxcacpiyoy26apr20t23-0x29c639f7,KXCACPIYOY-26APR20-T2.3,short_spread,TIME_STOP,inflation,-0.018500000000000072,0.018500000000000072,0.7339999999999997,0.7350436449050903,0.7345218224525449,0.018500000000000072,True
kxcacpiyoy26apr20t24-0x29c639f7,KXCACPIYOY-26APR20-T2.4,short_spread,TIME_STOP,inflation,-0.018500000000000072,0.018500000000000072,0.7339999999999997,0.7350436449050903,0.7345218224525449,0.018500000000000072,True
kxcacpiyoy26apr20t19-0x29c639f7,KXCACPIYOY-26APR20-T1.9,short_spread,TIME_STOP,inflation,-0.01849999999999996,0.01849999999999996,0.7840000000000044,0.7859881520271301,0.7849940760135672,0.01849999999999996,True
kxcacpiyoy26apr20t26-0x29c639f7,KXCACPIYOY-26APR20-T2.6,short_spread,TIME_STOP,inflation,-0.018500000000000072,0.018500000000000072,0.5090000000000006,0.5150220394134521,0.5120110197067264,0.018500000000000072,True
kxcacpiyoy26apr20t18-0x29c639f7,KXCACPIYOY-26APR20-T1.8,short_spread,TIME_STOP,inflation,-0.01849999999999996,0.01849999999999996,0.7840000000000044,0.7859881520271301,0.7849940760135672,0.01849999999999996,True
kxcacpiyoy26apr20t22-0x29c639f7,KXCACPIYOY-26APR20-T2.2,short_spread,TIME_STOP,inflation,-0.018500000000000072,0.018500000000000072,0.7439999999999999,0.7460740208625793,0.7450370104312896,0.018500000000000072,True
kxtruthsocial26apr18t220-0x8cec42fa,KXTRUTHSOCIAL-26APR18-T220,long_spread,TIME_STOP,other,-0.06999999999999995,0.06999999999999995,-0.49000000000001115,-0.48925715684890747,-0.4896285784244593,-0.06999999999999995,True
kxtruthsocial26apr18b210-0x8cec42fa,KXTRUTHSOCIAL-26APR18-B210,long_spread,TIME_STOP,other,-0.06999999999999995,0.06999999999999995,-0.49000000000000415,-0.48925715684890747,-0.48962857842445584,-0.06999999999999995,True
kxtruthsocial26apr18b189-0x8cec42fa,KXTRUTHSOCIAL-26APR18-B189,long_spread,TIME_STOP,other,-0.07999999999999996,0.07999999999999996,-0.45999999999999863,-0.4573375880718231,-0.4586687940359109,-0.07999999999999996,True
kxcacpiyoy26apr20t23-0x1f61db83,KXCACPIYOY-26APR20-T2.3,short_spread,TIME_STOP,inflation,-0.020000000000000018,0.020000000000000018,0.3899999999999986,0.38765546679496765,0.3888277333974831,0.020000000000000018,True
kxcacpiyoy26apr20t2-0x29c639f7,KXCACPIYOY-26APR20-T2,short_spread,TIME_STOP,inflation,-0.01849999999999996,0.01849999999999996,0.7840000000000044,0.7859881520271301,0.7849940760135672,0.01849999999999996,True
kxcacpiyoy26apr20t24-0x1f61db83,KXCACPIYOY-26APR20-T2.4,short_spread,TIME_STOP,inflation,-0.020000000000000018,0.020000000000000018,0.3899999999999986,0.38765546679496765,0.3888277333974831,0.020000000000000018,True
kxcacpiyoy26apr20t31-0x1f61db83,KXCACPIYOY-26APR20-T3.1,long_spread,TIME_STOP,inflation,0.020000000000000018,-0.020000000000000018,-0.47999999999999926,-0.47718721628189087,-0.4785936081409451,0.020000000000000018,True
kxcacpiyoy26apr20t22-0x1f61db83,KXCACPIYOY-26APR20-T2.2,short_spread,TIME_STOP,inflation,-0.020000000000000018,0.020000000000000018,0.3999999999999991,0.4006912410259247,0.40034562051296185,0.020000000000000018,True
kxcpiyoy26mayt32-0x1f61db83,KXCPIYOY-26MAY-T3.2,short_spread,MOMENTUM,inflation,-0.020000000000000018,0.020000000000000018,0.3950000000000001,0.3962639272212982,0.3956319636106491,0.020000000000000018,True
kxdoged26apr1517t00949999-0x49f92406,KXDOGED-26APR1517-T0.0949999,short_spread,RESOLUTION_EXIT,crypto,0.0,0.0,0.5620000000000049,0.5575665831565857,0.5597832915782953,0.0,True
kxdoged26apr1517t00899999-0x49f92406,KXDOGED-26APR1517-T0.0899999,short_spread,RESOLUTION_EXIT,crypto,0.0,0.0,0.7920000000000049,0.7943631410598755,0.7931815705299402,0.0,True
kxfisaextend26mar-0x61212670,KXFISAEXTEND-26MAR,short_spread,RESOLUTION_EXIT,other,0.010000000000000009,-0.010000000000000009,0.4200000000000026,0.4207291901111603,0.42036459505558144,-0.010000000000000009,True
kxdoge26apr1517b0092-0x49f92406,KXDOGE-26APR1517-B0.092,short_spread,RESOLUTION_EXIT,crypto,0.0,0.0,0.43700000000000483,0.43367868661880493,0.4353393433094049,0.0,True
kxtechlayoff26mar20-0x74f19011,KXTECHLAYOFF-26MAR-2.0,long_spread,RESOLUTION_EXIT,other,0.0,0.0,-0.6349999999999966,-0.6301697492599487,-0.6325848746299727,0.0,True
kxkatzout26jan0127jan01-0xb25a93dc,KXKATZOUT-26JAN01-27JAN01,short_spread,RESOLUTION_EXIT,other,0.0,0.0,0.43350000000000327,0.43367868661880493,0.43358934330940413,0.0,True
kxdoged26apr1517t00849999-0x49f92406,KXDOGED-26APR1517-T0.0849999,short_spread,RESOLUTION_EXIT,crypto,0.38999999999999996,-0.38999999999999996,0.5820000000000048,0.5837532877922058,0.5828766438961053,-0.38999999999999996,True
kxdoge26apr1517b0092-0x49f92406,KXDOGE-26APR1517-B0.092,short_spread,RESOLUTION_EXIT,crypto,0.15000000000000002,-0.15000000000000002,0.587000000000005,0.5837532877922058,0.5853766438961054,-0.15000000000000002,True
kxfisaextend26mar-0x61212670,KXFISAEXTEND-26MAR,short_spread,RESOLUTION_EXIT,other,-0.015000000000000013,0.015000000000000013,0.4050000000000044,0.40560808777809143,0.40530404388904795,0.015000000000000013,True
kxkatzout26jan0127jan01-0xb25a93dc,KXKATZOUT-26JAN01-27JAN01,short_spread,RESOLUTION_EXIT,other,0.0,0.0,0.433500000000005,0.43367868661880493,0.43358934330940496,0.0,True
kxtechlayoff26mar20-0x74f19011,KXTECHLAYOFF-26MAR-2.0,long_spread,RESOLUTION_EXIT,other,0.0,0.0,-0.6349999999999966,-0.6301697492599487,-0.6325848746299727,0.0,True
kxdoged26apr1517t00899999-0x49f92406,KXDOGED-26APR1517-T0.0899999,short_spread,RESOLUTION_EXIT,crypto,0.0,0.0,0.7920000000000049,0.7943631410598755,0.7931815705299402,0.0,True
kxvisitnyc26jun01djtnyc-0x154a7f7d,KXVISITNYC-26JUN01-DJTNYC,long_spread,MOMENTUM,politics_policy,0.014999999999999902,-0.014999999999999902,-0.5810000000000118,-0.5944018363952637,-0.5877009181976378,0.014999999999999902,True
kxtruthsocial26apr18b169-0x8cec42fa,KXTRUTHSOCIAL-26APR18-B169,long_spread,MOMENTUM,other,-0.07999999999999996,0.07999999999999996,-0.3850000000000051,-0.395597904920578,-0.39029895246029156,-0.07999999999999996,True
kxmusknw26apr30t640-0xc264391c,KXMUSKNW-26APR30-T640,short_spread,TIME_STOP,other,0.0,0.0,0.3200000000000031,0.3216906487941742,0.3208453243970887,0.0,True
kxmusknw26apr30t600-0x88b2a7dd,KXMUSKNW-26APR30-T600,short_spread,TIME_STOP,other,0.015000000000000013,-0.015000000000000013,0.6850000000000047,0.6848245859146118,0.6849122929573083,-0.015000000000000013,True
kxmusknw26apr30t640-0x88b2a7dd,KXMUSKNW-26APR30-T640,short_spread,TIME_STOP,other,0.0050000000000000044,-0.0050000000000000044,0.32500000000000306,0.3216906487941742,0.32334532439708863,-0.0050000000000000044,True
kxtechlayoff26mar20-0x74f19011,KXTECHLAYOFF-26MAR-2.0,long_spread,RESOLUTION_EXIT,other,0.0,0.0,-0.6350000000000066,-0.6301697492599487,-0.6325848746299776,0.0,True
kxfisaextend26mar-0x61212670,KXFISAEXTEND-26MAR,short_spread,RESOLUTION_EXIT,other,-0.0050000000000000044,0.0050000000000000044,0.4000000000000044,0.4026934504508972,0.4013467252254508,0.0050000000000000044,True
kxdoged26apr1517t00849999-0x49f92406,KXDOGED-26APR1517-T0.0849999,short_spread,RESOLUTION_EXIT,crypto,0.010000000000000009,-0.010000000000000009,0.5920000000000049,0.5837532877922058,0.5878766438961054,-0.010000000000000009,True
kxdoged26apr1517t00899999-0x49f92406,KXDOGED-26APR1517-T0.0899999,short_spread,RESOLUTION_EXIT,crypto,0.010000000000000009,-0.010000000000000009,0.8020000000000049,0.8062975406646729,0.8041487703323389,-0.010000000000000009,True
kxdoge26apr1517b0092-0x49f92406,KXDOGE-26APR1517-B0.092,short_spread,RESOLUTION_EXIT,crypto,0.0,0.0,0.587000000000005,0.5837532877922058,0.5853766438961054,0.0,True
kxkatzout26jan0127jan01-0xb25a93dc,KXKATZOUT-26JAN01-27JAN01,short_spread,RESOLUTION_EXIT,other,0.0,0.0,0.43349999999999944,0.43367868661880493,0.4335893433094022,0.0,True
kxcacpiyoy26apr20t24-0x29c639f7,KXCACPIYOY-26APR20-T2.4,short_spread,TIME_STOP,inflation,-0.057499999999999885,0.057499999999999885,0.6765000000000008,0.6745906472206116,0.6755453236103062,0.057499999999999885,True
kxcacpiyoy26apr20t26-0x29c639f7,KXCACPIYOY-26APR20-T2.6,short_spread,TIME_STOP,inflation,-0.05749999999999994,0.05749999999999994,0.4515000000000015,0.4495027959346771,0.45050139796733935,0.05749999999999994,True
kxcacpiyoy26apr20t19-0x29c639f7,KXCACPIYOY-26APR20-T1.9,short_spread,TIME_STOP,inflation,-0.05750000000000011,0.05750000000000011,0.7265,0.7240689396858215,0.7252844698429108,0.05750000000000011,True
kxcacpiyoy26apr20t21-0x1f61db83,KXCACPIYOY-26APR20-T2.1,short_spread,TIME_STOP,inflation,0.0,0.0,0.4150000000000003,0.41864222288131714,0.4168211114406587,0.0,True
kxcacpiyoy26apr20t31-0x1f61db83,KXCACPIYOY-26APR20-T3.1,long_spread,TIME_STOP,inflation,0.0,0.0,-0.4799999999999984,-0.47718721628189087,-0.47859360814094465,0.0,True
kxcacpiyoy26apr20t22-0x29c639f7,KXCACPIYOY-26APR20-T2.2,short_spread,TIME_STOP,inflation,-0.057499999999999885,0.057499999999999885,0.6865000000000011,0.6849234104156494,0.6857117052078252,0.057499999999999885,True
kxcacpiyoy26apr20t18-0x29c639f7,KXCACPIYOY-26APR20-T1.8,short_spread,TIME_STOP,inflation,-0.05750000000000011,0.05750000000000011,0.7265000000000044,0.7240689396858215,0.725284469842913,0.05750000000000011,True
kxcacpiyoy26apr20t25-0x29c639f7,KXCACPIYOY-26APR20-T2.5,short_spread,TIME_STOP,inflation,-0.057499999999999885,0.057499999999999885,0.5665000000000011,0.5683221220970154,0.5674110610485082,0.057499999999999885,True
kxcacpiyoy26apr20t23-0x29c639f7,KXCACPIYOY-26APR20-T2.3,short_spread,TIME_STOP,inflation,-0.057499999999999885,0.057499999999999885,0.6765000000000008,0.6745906472206116,0.6755453236103062,0.057499999999999885,True
kxcacpiyoy26apr20t24-0x1f61db83,KXCACPIYOY-26APR20-T2.4,short_spread,TIME_STOP,inflation,0.0,0.0,0.38999999999999985,0.38765546679496765,0.3888277333974838,0.0,True
kxtruthsocial26apr18b189-0x8cec42fa,KXTRUTHSOCIAL-26APR18-B189,long_spread,TIME_STOP,other,-0.010000000000000009,0.010000000000000009,-0.45000000000000223,-0.44744861125946045,-0.4487243056297313,-0.010000000000000009,True
kxcacpiyoy26apr20t21-0x29c639f7,KXCACPIYOY-26APR20-T2.1,short_spread,TIME_STOP,inflation,-0.057499999999999885,0.057499999999999885,0.7015000000000006,0.6995062232017517,0.7005031116008762,0.057499999999999885,True
kxtruthsocial26apr18b210-0x8cec42fa,KXTRUTHSOCIAL-26APR18-B210,long_spread,TIME_STOP,other,-0.010000000000000009,0.010000000000000009,-0.48000000000000265,-0.47262829542160034,-0.4763141477108015,-0.010000000000000009,True
kxcacpiyoy26apr20t2-0x29c639f7,KXCACPIYOY-26APR20-T2,short_spread,TIME_STOP,inflation,-0.05750000000000011,0.05750000000000011,0.7265000000000009,0.7240689396858215,0.7252844698429113,0.05750000000000011,True
kxcacpiyoy26apr20t22-0x1f61db83,KXCACPIYOY-26APR20-T2.2,short_spread,TIME_STOP,inflation,0.0,0.0,0.4000000000000004,0.4006912410259247,0.4003456205129625,0.0,True
kxcacpiyoy26apr20t23-0x1f61db83,KXCACPIYOY-26APR20-T2.3,short_spread,TIME_STOP,inflation,0.0,0.0,0.38999999999999985,0.38765546679496765,0.3888277333974838,0.0,True
kxcacpiyoy26apr20t2-0x1f61db83,KXCACPIYOY-26APR20-T2,short_spread,TIME_STOP,inflation,0.0,0.0,0.4399999999999999,0.4438614547252655,0.4419307273626327,0.0,True
kxtruthsocial26apr18t220-0x8cec42fa,KXTRUTHSOCIAL-26APR18-T220,long_spread,TIME_STOP,other,-0.010000000000000009,0.010000000000000009,-0.4800000000000094,-0.47262829542160034,-0.4763141477108049,-0.010000000000000009,True
kxcacpiyoy26apr20t32-0x1f61db83,KXCACPIYOY-26APR20-T3.2,long_spread,TIME_STOP,inflation,0.0,0.0,-0.49999999999999883,-0.5013182163238525,-0.5006591081619257,0.0,True
kxcacpiyoy26apr20t3-0x1f61db83,KXCACPIYOY-26APR20-T3,long_spread,TIME_STOP,inflation,0.0,0.0,-0.45499999999999735,-0.4537201523780823,-0.45436007618903984,0.0,True
kxkatzout26jan0127jan01-0xb25a93dc,KXKATZOUT-26JAN01-27JAN01,short_spread,RESOLUTION_EXIT,other,0.0,0.0,0.43349999999999944,0.43367868661880493,0.4335893433094022,0.0,True
kxdoged26apr1517t00849999-0x49f92406,KXDOGED-26APR1517-T0.0849999,short_spread,RESOLUTION_EXIT,crypto,0.0,0.0,0.5920000000000049,0.5837532877922058,0.5878766438961054,0.0,True
kxdoge26apr1517b0092-0x49f92406,KXDOGE-26APR1517-B0.092,short_spread,RESOLUTION_EXIT,crypto,-0.15000000000000002,0.15000000000000002,0.43700000000000483,0.43367868661880493,0.4353393433094049,0.15000000000000002,True
kxtechlayoff26mar20-0x74f19011,KXTECHLAYOFF-26MAR-2.0,long_spread,RESOLUTION_EXIT,other,0.0,0.0,-0.6350000000000066,-0.6301697492599487,-0.6325848746299776,0.0,True
kxdoged26apr1517t00899999-0x49f92406,KXDOGED-26APR1517-T0.0899999,short_spread,RESOLUTION_EXIT,crypto,0.0,0.0,0.8020000000000049,0.8062975406646729,0.8041487703323389,0.0,True
kxfisaextend26mar-0x61212670,KXFISAEXTEND-26MAR,short_spread,RESOLUTION_EXIT,other,-0.010000000000000009,0.010000000000000009,0.3900000000000044,0.3872837424278259,0.38864187121391514,0.010000000000000009,True
kxtruthsocial26apr18b169-0x8cec42fa,KXTRUTHSOCIAL-26APR18-B169,long_spread,TIME_STOP,other,0.0,0.0,-0.385000000000005,-0.395597904920578,-0.3902989524602915,0.0,True
kxezgdpyoyf26apr30t06-0xbf7d903a,KXEZGDPYOYF-26APR30-T0.6,short_spread,MOMENTUM,other,0.0044999999999999485,-0.0044999999999999485,0.5050000000000002,0.5004804730415344,0.5027402365207674,-0.0044999999999999485,True
kxezgdpyoyf26apr30t02-0xbf7d903a,KXEZGDPYOYF-26APR30-T0.2,short_spread,MOMENTUM,other,0.0044999999999999485,-0.0044999999999999485,0.7799999999999985,0.7780676484107971,0.7790338242053978,-0.0044999999999999485,True
kxezgdpyoyf26apr30t04-0xbf7d903a,KXEZGDPYOYF-26APR30-T0.4,short_spread,MOMENTUM,other,0.0044999999999999485,-0.0044999999999999485,0.7149999999999995,0.7137399315834045,0.714369965791702,-0.0044999999999999485,True
kxgdp26apr30t10-0xbf7d903a,KXGDP-26APR30-T1.0,short_spread,MOMENTUM,gdp,-0.000500000000000167,0.000500000000000167,0.7084999999999998,0.7130736112594604,0.7107868056297302,0.000500000000000167,True
kxukcpiyoy26apr22t35-0xbef75184,KXUKCPIYOY-26APR22-T3.5,long_spread,TIME_STOP,inflation,0.0,0.0,-0.5050000000000007,-0.5087732076644897,-0.5068866038322453,0.0,True
kxtrumpmeet26aprvput-0x280768f5,KXTRUMPMEET-26APR-VPUT,short_spread,TIME_STOP,politics_policy,0.015000000000000013,-0.015000000000000013,0.3254999999999969,0.3220407962799072,0.32377039813995206,-0.015000000000000013,True
kxcpiyoy26aprt30-0x1f61db83,KXCPIYOY-26APR-T3.0,short_spread,TIME_STOP,inflation,0.010000000000000009,-0.010000000000000009,0.44499999999999146,0.44470325112342834,0.4448516255617099,-0.010000000000000009,True
kxgdp26apr30t10-0x88d5a8b1,KXGDP-26APR30-T1.0,short_spread,TIME_STOP,gdp,-0.0050000000000001155,0.0050000000000001155,0.7914999999999993,0.7942986488342285,0.7928993244171139,0.0050000000000001155,True
kxukcpiyoy26apr22t3-0x1f61db83,KXUKCPIYOY-26APR22-T3,short_spread,TIME_STOP,inflation,0.0,0.0,0.3949999999999892,0.3962639272212982,0.3956319636106437,0.0,True
kxgdp26apr30t15-0xbf7d903a,KXGDP-26APR30-T1.5,short_spread,TIME_STOP,gdp,-0.011499999999999955,0.011499999999999955,0.5490000000000003,0.5430982708930969,0.5460491354465487,0.011499999999999955,True
kxdegdpyoyf26apr30t03-0x88d5a8b1,KXDEGDPYOYF-26APR30-T0.3,short_spread,TIME_STOP,gdp,-0.004999999999999893,0.004999999999999893,0.6129999999999962,0.6095462441444397,0.611273122072218,0.004999999999999893,True
kxdegdpyoyf26apr30t05-0x88d5a8b1,KXDEGDPYOYF-26APR30-T0.5,short_spread,TIME_STOP,gdp,0.0,0.0,0.3379999999999961,0.33537957072257996,0.336689785361288,0.0,True
kxmusknw26apr30t610-0x0f8ff5a3,KXMUSKNW-26APR30-T610,short_spread,TIME_STOP,other,0.03500000000000003,-0.03500000000000003,0.6600000000000034,0.6545004844665527,0.657250242233278,-0.03500000000000003,True
kxcpiyoy26aprt31-0x1f61db83,KXCPIYOY-26APR-T3.1,short_spread,TIME_STOP,inflation,0.010000000000000009,-0.010000000000000009,0.4549999999999989,0.4493352770805359,0.4521676385402674,-0.010000000000000009,True
kxcpiyoy26aprt34-0x1f61db83,KXCPIYOY-26APR-T3.4,short_spread,TIME_STOP,inflation,0.0,0.0,0.39000000000000107,0.38765546679496765,0.38882773339748433,0.0,True
kxdegdpyoyf26apr30t02-0x88d5a8b1,KXDEGDPYOYF-26APR30-T0.2,short_spread,TIME_STOP,gdp,0.0,0.0,0.7929999999999979,0.7946387529373169,0.7938193764686574,0.0,True
kxpayrolls26aprt10000-0x73f2be73,KXPAYROLLS-26APR-T10000,short_spread,TIME_STOP,other,-0.010000000000000009,0.010000000000000009,0.6550000000000047,0.6545004844665527,0.6547502422332787,0.010000000000000009,True
kxdegdpyoyf26apr30t01-0x88d5a8b1,KXDEGDPYOYF-26APR30-T0.1,short_spread,TIME_STOP,gdp,0.0,0.0,0.8230000000000001,0.8190688490867615,0.8210344245433807,0.0,True
kxcpiyoy26aprt33-0x1f61db83,KXCPIYOY-26APR-T3.3,short_spread,TIME_STOP,inflation,0.0050000000000000044,-0.0050000000000000044,0.420000000000001,0.41872692108154297,0.419363460540772,-0.0050000000000000044,True
kxdegdpyoyf26apr30t04-0x88d5a8b1,KXDEGDPYOYF-26APR30-T0.4,short_spread,TIME_STOP,gdp,-0.0050000000000000044,0.0050000000000000044,0.45799999999999624,0.45843881368637085,0.4582194068431835,0.0050000000000000044,True
kxcpiyoy26aprt32-0x1f61db83,KXCPIYOY-26APR-T3.2,short_spread,TIME_STOP,inflation,0.010000000000000009,-0.010000000000000009,0.42500000000000276,0.42497193813323975,0.4249859690666212,-0.010000000000000009,True
kxdoge26apr1517b0092-0x49f92406,KXDOGE-26APR1517-B0.092,short_spread,RESOLUTION_EXIT,crypto,0.0,0.0,0.43700000000000483,0.43367868661880493,0.4353393433094049,0.0,True
kxdoged26apr1517t00849999-0x49f92406,KXDOGED-26APR1517-T0.0849999,short_spread,RESOLUTION_EXIT,crypto,0.0,0.0,0.5820000000000048,0.5837532877922058,0.5828766438961053,0.0,True
kxdoged26apr1505t00899999-0x49f92406,KXDOGED-26APR1505-T0.0899999,short_spread,RESOLUTION_EXIT,crypto,0.0,0.0,0.732000000000005,0.7345224618911743,0.7332612309455897,0.0,True
kxdoged26apr1505t00849999-0x49f92406,KXDOGED-26APR1505-T0.0849999,short_spread,RESOLUTION_EXIT,crypto,-0.22999999999999998,0.22999999999999998,0.732000000000005,0.7345224618911743,0.7332612309455897,0.22999999999999998,True
kxkatzout26jan0127jan01-0xb25a93dc,KXKATZOUT-26JAN01-27JAN01,short_spread,RESOLUTION_EXIT,other,0.0,0.0,0.433500000000005,0.43367868661880493,0.43358934330940496,0.0,True
kxfisaextend26mar-0x61212670,KXFISAEXTEND-26MAR,short_spread,RESOLUTION_EXIT,other,-0.009999999999999953,0.009999999999999953,0.38000000000000433,0.37646302580833435,0.37823151290416934,0.009999999999999953,True
kxdoged26apr1517t00899999-0x49f92406,KXDOGED-26APR1517-T0.0899999,short_spread,RESOLUTION_EXIT,crypto,0.010000000000000009,-0.010000000000000009,0.8020000000000049,0.8062975406646729,0.8041487703323389,-0.010000000000000009,True
kxtechlayoff26mar20-0x74f19011,KXTECHLAYOFF-26MAR-2.0,long_spread,RESOLUTION_EXIT,other,0.0,0.0,-0.6349999999999966,-0.6301697492599487,-0.6325848746299727,0.0,True
kxdegdpyoyf26apr30t02-0xb0c7a573,KXDEGDPYOYF-26APR30-T0.2,short_spread,MOMENTUM,gdp,-0.018000000000000016,0.018000000000000016,0.5234999999999962,0.515224277973175,0.5193621389865857,0.018000000000000016,True
kxdegdpyoyf26apr30t01-0xb0c7a573,KXDEGDPYOYF-26APR30-T0.1,short_spread,MOMENTUM,gdp,-0.018000000000000016,0.018000000000000016,0.553499999999998,0.5568529963493347,0.5551764981746663,0.018000000000000016,True
kxdegdpyoyf26apr30t03-0xb0c7a573,KXDEGDPYOYF-26APR30-T0.3,short_spread,MOMENTUM,gdp,-0.018000000000000016,0.018000000000000016,0.34849999999999537,0.3579222857952118,0.3532111428976036,0.018000000000000016,True
kxdegdpyoyf26apr30t0-0xb0c7a573,KXDEGDPYOYF-26APR30-T0,short_spread,MOMENTUM,gdp,-0.018000000000000016,0.018000000000000016,0.5835000000000005,0.5840042233467102,0.5837521116733553,0.018000000000000016,True
kxfisaextend26mar-0x61212670,KXFISAEXTEND-26MAR,short_spread,RESOLUTION_EXIT,other,0.024999999999999967,-0.024999999999999967,0.40500000000000447,0.40560808777809143,0.40530404388904795,-0.024999999999999967,True
kxdoged26apr1517t00849999-0x49f92406,KXDOGED-26APR1517-T0.0849999,short_spread,RESOLUTION_EXIT,crypto,0.0020000000000000018,-0.0020000000000000018,0.5845000000000049,0.5837532877922058,0.5841266438961054,-0.0020000000000000018,True
kxdoged26apr1517t00899999-0x49f92406,KXDOGED-26APR1517-T0.0899999,short_spread,RESOLUTION_EXIT,crypto,0.0020000000000000018,-0.0020000000000000018,0.804500000000005,0.8060682415962219,0.8052841207981134,-0.0020000000000000018,True
kxkatzout26jan0127jan01-0xb25a93dc,KXKATZOUT-26JAN01-27JAN01,short_spread,RESOLUTION_EXIT,other,0.0,0.0,0.4334999999999994,0.43367868661880493,0.43358934330940213,0.0,True
kxtechlayoff26mar20-0x74f19011,KXTECHLAYOFF-26MAR-2.0,long_spread,RESOLUTION_EXIT,other,0.0,0.0,-0.6350000000000066,-0.6301697492599487,-0.6325848746299776,0.0,True
kxdoge26apr1517b0092-0x49f92406,KXDOGE-26APR1517-B0.092,short_spread,RESOLUTION_EXIT,crypto,-0.14800000000000008,0.14800000000000008,0.4395000000000049,0.43367868661880493,0.4365893433094049,0.14800000000000008,True
kxcacpiyoy26apr20t31-0x1f61db83,KXCACPIYOY-26APR20-T3.1,long_spread,TIME_STOP,inflation,0.0,0.0,-0.4799999999999987,-0.47718721628189087,-0.47859360814094476,0.0,True
kxcacpiyoy26apr20t26-0xa7abe7ea,KXCACPIYOY-26APR20-T2.6,short_spread,TIME_STOP,inflation,-0.0050000000000000044,0.0050000000000000044,0.5500000000000023,0.5564754605293274,0.5532377302646648,0.0050000000000000044,True
kxcacpiyoy26apr20t19-0x29c639f7,KXCACPIYOY-26APR20-T1.9,short_spread,TIME_STOP,inflation,0.009000000000000008,-0.009000000000000008,0.7350000000000043,0.7351844906806946,0.7350922453403494,-0.009000000000000008,True
kxcacpiyoy26apr20t22-0x1f61db83,KXCACPIYOY-26APR20-T2.2,short_spread,TIME_STOP,inflation,0.0,0.0,0.4000000000000001,0.4006912410259247,0.4003456205129624,0.0,True
kxcacpiyoy26apr20t3-0x1f61db83,KXCACPIYOY-26APR20-T3,long_spread,TIME_STOP,inflation,0.0,0.0,-0.45499999999999846,-0.4537201523780823,-0.4543600761890404,0.0,True
kxcacpiyoy26apr20t25-0xa792f029,KXCACPIYOY-26APR20-T2.5,short_spread,TIME_STOP,inflation,0.0,0.0,0.6050000000000014,0.6092422604560852,0.6071211302280433,0.0,True
kxtruthsocial26apr18t220-0x8cec42fa,KXTRUTHSOCIAL-26APR18-T220,long_spread,TIME_STOP,other,0.05499999999999994,-0.05499999999999994,-0.535000000000014,-0.5266024470329285,-0.5308012235164712,0.05499999999999994,True
kxcacpiyoy26apr20t24-0x29c639f7,KXCACPIYOY-26APR20-T2.4,short_spread,TIME_STOP,inflation,0.009000000000000008,-0.009000000000000008,0.6850000000000006,0.6849234104156494,0.684961705207825,-0.009000000000000008,True
kxcacpiyoy26apr20t2-0x1f61db83,KXCACPIYOY-26APR20-T2,short_spread,TIME_STOP,inflation,0.0,0.0,0.44000000000000344,0.4438614547252655,0.4419307273626345,0.0,True
kxcacpiyoy26apr20t21-0x1f61db83,KXCACPIYOY-26APR20-T2.1,short_spread,TIME_STOP,inflation,0.0,0.0,0.415,0.41864222288131714,0.4168211114406586,0.0,True
kxcacpiyoy26apr20t18-0x29c639f7,KXCACPIYOY-26APR20-T1.8,short_spread,TIME_STOP,inflation,0.009000000000000008,-0.009000000000000008,0.7350000000000043,0.7351844906806946,0.7350922453403494,-0.009000000000000008,True
kxcacpiyoy26apr20t25-0x29c639f7,KXCACPIYOY-26APR20-T2.5,short_spread,TIME_STOP,inflation,0.009000000000000008,-0.009000000000000008,0.575000000000001,0.5683221220970154,0.5716610610485082,-0.009000000000000008,True
kxtruthsocial26apr18b189-0x8cec42fa,KXTRUTHSOCIAL-26APR18-B189,long_spread,TIME_STOP,other,0.04999999999999993,-0.04999999999999993,-0.4999999999999985,-0.5003600716590881,-0.5001800358295433,0.04999999999999993,True
kxcacpiyoy26apr20t2-0x29c639f7,KXCACPIYOY-26APR20-T2,short_spread,TIME_STOP,inflation,0.009000000000000008,-0.009000000000000008,0.7350000000000043,0.7351844906806946,0.7350922453403494,-0.009000000000000008,True
kxcacpiyoy26apr20t23-0x29c639f7,KXCACPIYOY-26APR20-T2.3,short_spread,TIME_STOP,inflation,0.009000000000000008,-0.009000000000000008,0.6850000000000006,0.6849234104156494,0.684961705207825,-0.009000000000000008,True
kxcacpiyoy26apr20t32-0x1f61db83,KXCACPIYOY-26APR20-T3.2,long_spread,TIME_STOP,inflation,0.0,0.0,-0.49999999999999895,-0.5013182163238525,-0.5006591081619257,0.0,True
kxcacpiyoy26apr20t23-0x1f61db83,KXCACPIYOY-26APR20-T2.3,short_spread,TIME_STOP,inflation,0.0,0.0,0.38999999999999974,0.38765546679496765,0.38882773339748367,0.0,True
kxcacpiyoy26apr20t26-0x29c639f7,KXCACPIYOY-26APR20-T2.6,short_spread,TIME_STOP,inflation,0.009000000000000008,-0.009000000000000008,0.4600000000000019,0.4582207500934601,0.459110375046731,-0.009000000000000008,True
kxcacpiyoy26apr20t24-0x1f61db83,KXCACPIYOY-26APR20-T2.4,short_spread,TIME_STOP,inflation,0.0,0.0,0.38999999999999974,0.38765546679496765,0.38882773339748367,0.0,True
kxcacpiyoy26apr20t21-0x29c639f7,KXCACPIYOY-26APR20-T2.1,short_spread,TIME_STOP,inflation,0.009000000000000008,-0.009000000000000008,0.710000000000001,0.713172435760498,0.7115862178802494,-0.009000000000000008,True
kxcacpiyoy26apr20t22-0x29c639f7,KXCACPIYOY-26APR20-T2.2,short_spread,TIME_STOP,inflation,0.009000000000000008,-0.009000000000000008,0.6950000000000008,0.6995062232017517,0.6972531116008762,-0.009000000000000008,True
kxtruthsocial26apr18b210-0x8cec42fa,KXTRUTHSOCIAL-26APR18-B210,long_spread,TIME_STOP,other,0.05499999999999994,-0.05499999999999994,-0.535000000000004,-0.5266024470329285,-0.5308012235164663,0.05499999999999994,True
kxfed26junt375-0xf88da08f,KXFED-26JUN-T3.75,long_spread,MOMENTUM,fed_rates,0.06349999999999997,-0.06349999999999997,-0.30949999999999717,-0.30658209323883057,-0.3080410466194139,0.06349999999999997,True
kxkatzout26jan0127jan01-0xb25a93dc,KXKATZOUT-26JAN01-27JAN01,short_spread,RESOLUTION_EXIT,other,0.0,0.0,0.433500000000005,0.43367868661880493,0.43358934330940496,0.0,True
kxdoged26apr1504t00849999-0x49f92406,KXDOGED-26APR1504-T0.0849999,short_spread,RESOLUTION_EXIT,crypto,-0.22999999999999998,0.22999999999999998,0.734500000000005,0.7345224618911743,0.7345112309455897,0.22999999999999998,True
kxtechlayoff26mar20-0x74f19011,KXTECHLAYOFF-26MAR-2.0,long_spread,RESOLUTION_EXIT,other,0.0,0.0,-0.6349999999999966,-0.6301697492599487,-0.6325848746299727,0.0,True
kxfisaextend26mar-0x61212670,KXFISAEXTEND-26MAR,short_spread,RESOLUTION_EXIT,other,0.010000000000000009,-0.010000000000000009,0.41500000000000453,0.42064449191093445,0.41782224595546946,-0.010000000000000009,True
kxdoged26apr1504t00899999-0x49f92406,KXDOGED-26APR1504-T0.0899999,short_spread,RESOLUTION_EXIT,crypto,0.050000000000000044,-0.050000000000000044,0.734500000000005,0.7345224618911743,0.7345112309455897,-0.050000000000000044,True
kxdoge26apr1517b0092-0x49f92406,KXDOGE-26APR1517-B0.092,short_spread,RESOLUTION_EXIT,crypto,0.15000000000000008,-0.15000000000000008,0.5895000000000049,0.5837532877922058,0.5866266438961054,-0.15000000000000008,True
kxdoged26apr1517t00899999-0x49f92406,KXDOGED-26APR1517-T0.0899999,short_spread,RESOLUTION_EXIT,crypto,0.010000000000000009,-0.010000000000000009,0.804500000000005,0.8060682415962219,0.8052841207981134,-0.010000000000000009,True
kxdoged26apr1517t00849999-0x49f92406,KXDOGED-26APR1517-T0.0849999,short_spread,RESOLUTION_EXIT,crypto,0.41000000000000003,-0.41000000000000003,0.5945000000000049,0.5989718437194824,0.5967359218597437,-0.41000000000000003,True
kxtruthsocial26apr18b169-0x8cec42fa,KXTRUTHSOCIAL-26APR18-B169,long_spread,TIME_STOP,other,0.05999999999999994,-0.05999999999999994,-0.43500000000000466,-0.429707407951355,-0.43235370397567985,0.05999999999999994,True
kxtruthsocial26apr18b149-0x8cec42fa,KXTRUTHSOCIAL-26APR18-B149,long_spread,TIME_STOP,other,0.05999999999999994,-0.05999999999999994,-0.3300000000000065,-0.3488481342792511,-0.3394240671396288,0.05999999999999994,True
kxtruthsocial26apr18b129-0x8cec42fa,KXTRUTHSOCIAL-26APR18-B129,long_spread,TIME_STOP,other,0.05999999999999994,-0.05999999999999994,-0.3250000000000066,-0.34849587082862854,-0.3367479354143176,0.05999999999999994,True
kxpayrolls26aprt40000-0x73f2be73,KXPAYROLLS-26APR-T40000,short_spread,TIME_STOP,other,0.0,0.0,0.5000000000000046,0.5005661249160767,0.5002830624580406,0.0,True
kxpayrolls26aprt60000-0x73f2be73,KXPAYROLLS-26APR-T60000,short_spread,TIME_STOP,other,0.0,0.0,0.40000000000000474,0.402911514043808,0.4014557570219064,0.0,True
kxpayrolls26aprt20000-0x73f2be73,KXPAYROLLS-26APR-T20000,short_spread,TIME_STOP,other,0.010000000000000009,-0.010000000000000009,0.6050000000000033,0.6095462441444397,0.6072731220722215,-0.010000000000000009,True
kxpayrolls26aprt50000-0x73f2be73,KXPAYROLLS-26APR-T50000,short_spread,TIME_STOP,other,0.0,0.0,0.4600000000000048,0.45843881368637085,0.45921940684318785,0.0,True
kxpayrolls26aprt30000-0x73f2be73,KXPAYROLLS-26APR-T30000,short_spread,TIME_STOP,other,0.010000000000000009,-0.010000000000000009,0.5600000000000047,0.5576260685920715,0.5588130342960381,-0.010000000000000009,True
kxpayrolls26aprt70000-0x73f2be73,KXPAYROLLS-26APR-T70000,short_spread,TIME_STOP,other,0.0,0.0,0.34000000000000474,0.33873212337493896,0.33936606168747185,0.0,True
kxpayrolls26aprt25000-0x73f2be73,KXPAYROLLS-26APR-T-25000,short_spread,TIME_STOP,other,0.0050000000000000044,-0.0050000000000000044,0.7800000000000031,0.7782127857208252,0.7791063928604142,-0.0050000000000000044,True
kxdoged26apr1517t00849999-0x49f92406,KXDOGED-26APR1517-T0.0849999,short_spread,RESOLUTION_EXIT,crypto,0.0,0.0,0.5945000000000049,0.5989718437194824,0.5967359218597437,0.0,True
kxfisaextend26mar-0x61212670,KXFISAEXTEND-26MAR,short_spread,RESOLUTION_EXIT,other,0.019999999999999907,-0.019999999999999907,0.43500000000000444,0.43379682302474976,0.4343984115123771,-0.019999999999999907,True
kxdoge26apr1517b0092-0x49f92406,KXDOGE-26APR1517-B0.092,short_spread,RESOLUTION_EXIT,crypto,-0.15000000000000008,0.15000000000000008,0.4395000000000049,0.43367868661880493,0.4365893433094049,0.15000000000000008,True
kxkatzout26jan0127jan01-0xb25a93dc,KXKATZOUT-26JAN01-27JAN01,short_spread,RESOLUTION_EXIT,other,0.0,0.0,0.4334999999999994,0.43367868661880493,0.43358934330940213,0.0,True
kxtechlayoff26mar20-0x74f19011,KXTECHLAYOFF-26MAR-2.0,long_spread,RESOLUTION_EXIT,other,0.0,0.0,-0.6350000000000066,-0.6301697492599487,-0.6325848746299776,0.0,True
kxdoged26apr1517t00899999-0x49f92406,KXDOGED-26APR1517-T0.0899999,short_spread,RESOLUTION_EXIT,crypto,0.0,0.0,0.804500000000005,0.8060682415962219,0.8052841207981134,0.0,True
kxfisaextend26mar-0x61212670,KXFISAEXTEND-26MAR,short_spread,RESOLUTION_EXIT,other,0.0,0.0,0.43500000000000444,0.43379682302474976,0.4343984115123771,0.0,True
kxdoged26apr1517t00899999-0x49f92406,KXDOGED-26APR1517-T0.0899999,short_spread,RESOLUTION_EXIT,crypto,-0.0015000000000000568,0.0015000000000000568,0.8030000000000049,0.8062975406646729,0.8046487703323388,0.0015000000000000568,True
kxtechlayoff26mar20-0x74f19011,KXTECHLAYOFF-26MAR-2.0,long_spread,RESOLUTION_EXIT,other,0.0,0.0,-0.6350000000000063,-0.6301697492599487,-0.6325848746299776,0.0,True
kxkatzout26jan0127jan01-0xb25a93dc,KXKATZOUT-26JAN01-27JAN01,short_spread,RESOLUTION_EXIT,other,0.0,0.0,0.4334999999999995,0.43367868661880493,0.43358934330940224,0.0,True
kxdoge26apr1517b0092-0x49f92406,KXDOGE-26APR1517-B0.092,short_spread,RESOLUTION_EXIT,crypto,-0.0015000000000000013,0.0015000000000000013,0.4380000000000049,0.43367868661880493,0.4358393433094049,0.0015000000000000013,True
kxdoged26apr1517t00849999-0x49f92406,KXDOGED-26APR1517-T0.0849999,short_spread,RESOLUTION_EXIT,crypto,-0.0015000000000000568,0.0015000000000000568,0.5930000000000049,0.5989718437194824,0.5959859218597436,0.0015000000000000568,True
kxcacpiyoy26apr20t23-0x1f61db83,KXCACPIYOY-26APR20-T2.3,short_spread,TIME_STOP,inflation,0.0,0.0,0.3899999999999995,0.38765546679496765,0.38882773339748355,0.0,True
kxcacpiyoy26apr20t3-0x1f61db83,KXCACPIYOY-26APR20-T3,long_spread,TIME_STOP,inflation,0.0,0.0,-0.45499999999999835,-0.4537201523780823,-0.4543600761890403,0.0,True
kxtruthsocial26apr18t220-0x8cec42fa,KXTRUTHSOCIAL-26APR18-T220,long_spread,TIME_STOP,other,-0.10499999999999998,0.10499999999999998,-0.4300000000000102,-0.41362693905830383,-0.421813469529157,-0.10499999999999998,True
kxcacpiyoy26apr20t25-0xa792f029,KXCACPIYOY-26APR20-T2.5,short_spread,TIME_STOP,inflation,0.0,0.0,0.6050000000000012,0.6092422604560852,0.6071211302280433,0.0,True
kxcacpiyoy26apr20t18-0x29c639f7,KXCACPIYOY-26APR20-T1.8,short_spread,TIME_STOP,inflation,0.011499999999999955,-0.011499999999999955,0.7465000000000044,0.7462148666381836,0.746357433319094,-0.011499999999999955,True
kxcacpiyoy26apr20t21-0x1f61db83,KXCACPIYOY-26APR20-T2.1,short_spread,TIME_STOP,inflation,0.0,0.0,0.41499999999999976,0.41864222288131714,0.4168211114406585,0.0,True
kxcacpiyoy26apr20t21-0x29c639f7,KXCACPIYOY-26APR20-T2.1,short_spread,TIME_STOP,inflation,0.011499999999999955,-0.011499999999999955,0.7215000000000006,0.7235669493675232,0.722533474683762,-0.011499999999999955,True
kxcacpiyoy26apr20t23-0x29c639f7,KXCACPIYOY-26APR20-T2.3,short_spread,TIME_STOP,inflation,0.011499999999999955,-0.011499999999999955,0.6965000000000003,0.6995062232017517,0.698003111600876,-0.011499999999999955,True
kxcacpiyoy26apr20t31-0x1f61db83,KXCACPIYOY-26APR20-T3.1,long_spread,TIME_STOP,inflation,0.0,0.0,-0.4799999999999989,-0.47718721628189087,-0.47859360814094487,0.0,True
kxcacpiyoy26apr20t19-0x29c639f7,KXCACPIYOY-26APR20-T1.9,short_spread,TIME_STOP,inflation,0.011499999999999955,-0.011499999999999955,0.7465000000000044,0.7462148666381836,0.746357433319094,-0.011499999999999955,True
kxcacpiyoy26apr20t32-0x1f61db83,KXCACPIYOY-26APR20-T3.2,long_spread,TIME_STOP,inflation,0.0,0.0,-0.49999999999999906,-0.5013182163238525,-0.5006591081619258,0.0,True
kxcacpiyoy26apr20t2-0x29c639f7,KXCACPIYOY-26APR20-T2,short_spread,TIME_STOP,inflation,0.011499999999999955,-0.011499999999999955,0.7465000000000044,0.7462148666381836,0.746357433319094,-0.011499999999999955,True
kxtruthsocial26apr18b210-0x8cec42fa,KXTRUTHSOCIAL-26APR18-B210,long_spread,TIME_STOP,other,-0.10499999999999998,0.10499999999999998,-0.43000000000000355,-0.41362693905830383,-0.42181346952915366,-0.10499999999999998,True
kxcacpiyoy26apr20t22-0x29c639f7,KXCACPIYOY-26APR20-T2.2,short_spread,TIME_STOP,inflation,0.011499999999999955,-0.011499999999999955,0.7065000000000007,0.6999366879463196,0.7032183439731601,-0.011499999999999955,True
kxcacpiyoy26apr20t26-0xa7abe7ea,KXCACPIYOY-26APR20-T2.6,short_spread,TIME_STOP,inflation,0.0,0.0,0.5500000000000022,0.5564754605293274,0.5532377302646647,0.0,True
kxcacpiyoy26apr20t2-0x1f61db83,KXCACPIYOY-26APR20-T2,short_spread,TIME_STOP,inflation,0.0,0.0,0.44000000000000344,0.4438614547252655,0.4419307273626345,0.0,True
kxcacpiyoy26apr20t24-0x29c639f7,KXCACPIYOY-26APR20-T2.4,short_spread,TIME_STOP,inflation,0.011499999999999955,-0.011499999999999955,0.6965000000000003,0.6995062232017517,0.698003111600876,-0.011499999999999955,True
kxcacpiyoy26apr20t22-0x1f61db83,KXCACPIYOY-26APR20-T2.2,short_spread,TIME_STOP,inflation,0.0,0.0,0.39999999999999986,0.4006912410259247,0.4003456205129623,0.0,True
kxtruthsocial26apr18b189-0x8cec42fa,KXTRUTHSOCIAL-26APR18-B189,long_spread,TIME_STOP,other,-0.10499999999999998,0.10499999999999998,-0.39499999999999735,-0.3933303654193878,-0.3941651827096926,-0.10499999999999998,True
kxcacpiyoy26apr20t25-0x29c639f7,KXCACPIYOY-26APR20-T2.5,short_spread,TIME_STOP,inflation,0.011499999999999955,-0.011499999999999955,0.5865000000000008,0.5835219025611877,0.5850109512805943,-0.011499999999999955,True
kxcacpiyoy26apr20t26-0x29c639f7,KXCACPIYOY-26APR20-T2.6,short_spread,TIME_STOP,inflation,0.011499999999999955,-0.011499999999999955,0.47150000000000164,0.4670150578022003,0.46925752890110095,-0.011499999999999955,True
kxcacpiyoy26apr20t24-0x1f61db83,KXCACPIYOY-26APR20-T2.4,short_spread,TIME_STOP,inflation,0.0,0.0,0.3899999999999995,0.38765546679496765,0.38882773339748355,0.0,True
kxfisaextend26mar-0x61212670,KXFISAEXTEND-26MAR,short_spread,RESOLUTION_EXIT,other,0.0050000000000000044,-0.0050000000000000044,0.4400000000000044,0.44457560777664185,0.4422878038883231,-0.0050000000000000044,True
kxkatzout26jan0127jan01-0xb25a93dc,KXKATZOUT-26JAN01-27JAN01,short_spread,RESOLUTION_EXIT,other,0.0,0.0,0.43349999999999944,0.43367868661880493,0.4335893433094022,0.0,True
kxdoge26apr1517b0092-0x49f92406,KXDOGE-26APR1517-B0.092,short_spread,RESOLUTION_EXIT,crypto,0.15150000000000008,-0.15150000000000008,0.5895000000000049,0.5837532877922058,0.5866266438961054,-0.15150000000000008,True
kxtechlayoff26mar20-0x74f19011,KXTECHLAYOFF-26MAR-2.0,long_spread,RESOLUTION_EXIT,other,0.0,0.0,-0.6350000000000063,-0.6301697492599487,-0.6325848746299776,0.0,True
kxdoged26apr1517t00899999-0x49f92406,KXDOGED-26APR1517-T0.0899999,short_spread,RESOLUTION_EXIT,crypto,-0.008499999999999952,0.008499999999999952,0.794500000000005,0.7941338419914246,0.7943169209957148,0.008499999999999952,True
kxdoged26apr1517t00849999-0x49f92406,KXDOGED-26APR1517-T0.0849999,short_spread,RESOLUTION_EXIT,crypto,-0.008499999999999952,0.008499999999999952,0.5845000000000049,0.5837532877922058,0.5841266438961054,0.008499999999999952,True
kxdegdpyoyf26apr30t0-0xb0c7a573,KXDEGDPYOYF-26APR30-T0,short_spread,MOMENTUM,gdp,0.0040000000000000036,-0.0040000000000000036,0.6055000000000007,0.6097245812416077,0.6076122906208041,-0.0040000000000000036,True
kxdegdpyoyf26apr30t03-0xb0c7a573,KXDEGDPYOYF-26APR30-T0.3,short_spread,MOMENTUM,gdp,-0.0009999999999998899,0.0009999999999998899,0.36549999999999594,0.3677489757537842,0.36662448787689006,0.0009999999999998899,True
kxdegdpyoyf26apr30t02-0xb0c7a573,KXDEGDPYOYF-26APR30-T0.2,short_spread,MOMENTUM,gdp,0.0040000000000000036,-0.0040000000000000036,0.5454999999999965,0.5430955290794373,0.5442977645397169,-0.0040000000000000036,True
kxdegdpyoyf26apr30t01-0xb0c7a573,KXDEGDPYOYF-26APR30-T0.1,short_spread,MOMENTUM,gdp,0.0040000000000000036,-0.0040000000000000036,0.5754999999999982,0.5688044428825378,0.572152221441268,-0.0040000000000000036,True
kxvisitnyc26jun01djtnyc-0x154a7f7d,KXVISITNYC-26JUN01-DJTNYC,long_spread,MOMENTUM,politics_policy,-0.013000000000000012,0.013000000000000012,-0.5765000000000117,-0.5788277387619019,-0.5776638693809568,-0.013000000000000012,True
kxcpiyoy26aprt40-0x1f61db83,KXCPIYOY-26APR-T4.0,long_spread,TIME_STOP,inflation,-0.009999999999999953,0.009999999999999953,-0.48500000000000126,-0.48827022314071655,-0.4866351115703589,-0.009999999999999953,True
kxcpiyoy26aprt41-0x1f61db83,KXCPIYOY-26APR-T4.1,long_spread,TIME_STOP,inflation,-0.0050000000000000044,0.0050000000000000044,-0.5000000000000001,-0.5005669593811035,-0.5002834796905518,-0.0050000000000000044,True
kxcpiyoy26aprt45-0x1f61db83,KXCPIYOY-26APR-T4.5,long_spread,TIME_STOP,inflation,0.0,0.0,-0.5149999999999961,-0.514294445514679,-0.5146472227573375,0.0,True
kxukcpiyoy26apr22t34-0xbef75184,KXUKCPIYOY-26APR22-T3.4,long_spread,TIME_STOP,inflation,0.0050000000000000044,-0.0050000000000000044,-0.3049999999999993,-0.3086322546005249,-0.3068161273002621,0.0050000000000000044,True
kxcpiyoy26aprt42-0x1f61db83,KXCPIYOY-26APR-T4.2,long_spread,TIME_STOP,inflation,0.0,0.0,-0.5199999999999986,-0.5148218870162964,-0.5174109435081475,0.0,True
kxhegsethout26aprmay01-0x0fcfcfc3,KXHEGSETHOUT-26APR-MAY01,long_spread,TIME_STOP,other,-0.0040000000000000036,0.0040000000000000036,-0.3779999999999955,-0.37939584255218506,-0.37869792127609025,-0.0040000000000000036,True
kxukcpiyoy26apr22t4-0x1f61db83,KXUKCPIYOY-26APR22-T4,long_spread,TIME_STOP,inflation,0.0,0.0,-0.47500000000000264,-0.47485965490341187,-0.47492982745170725,0.0,True
kxcpiyoy26aprt44-0x1f61db83,KXCPIYOY-26APR-T4.4,long_spread,TIME_STOP,inflation,0.0,0.0,-0.5149999999999961,-0.514294445514679,-0.5146472227573375,0.0,True
kxlutnickannounceout26aprmay01-0x7978663d,KXLUTNICKANNOUNCEOUT-26APR-MAY01,long_spread,TIME_STOP,other,0.020000000000000018,-0.020000000000000018,-0.4449999999999986,-0.4335177540779114,-0.439258877038955,0.020000000000000018,True
kxcpiyoy26aprt37-0xbef75184,KXCPIYOY-26APR-T3.7,long_spread,TIME_STOP,inflation,0.030000000000000027,-0.030000000000000027,-0.5450000000000038,-0.5607494711875916,-0.5528747355937977,0.030000000000000027,True
kxcpiyoy26aprt43-0x1f61db83,KXCPIYOY-26APR-T4.3,long_spread,TIME_STOP,inflation,0.030000000000000027,-0.030000000000000027,-0.5249999999999957,-0.5156525373458862,-0.520326268672941,0.030000000000000027,True
kxlutnickout26may01-0x7978663d,KXLUTNICKOUT-26MAY01,long_spread,TIME_STOP,other,-0.0044999999999999485,0.0044999999999999485,-0.45499999999999863,-0.44806209206581116,-0.4515310460329049,-0.0044999999999999485,True
kxhegsethannounceout26aprmay01-0x0fcfcfc3,KXHEGSETHANNOUNCEOUT-26APR-MAY01,long_spread,TIME_STOP,other,0.0,0.0,-0.35499999999999815,-0.3602278530597687,-0.35761392652988344,0.0,True
kxtechlayoff26mar20-0x74f19011,KXTECHLAYOFF-26MAR-2.0,long_spread,RESOLUTION_EXIT,other,0.0,0.0,-0.6350000000000066,-0.6301697492599487,-0.6325848746299776,0.0,True
kxkatzout26jan0127jan01-0xb25a93dc,KXKATZOUT-26JAN01-27JAN01,short_spread,RESOLUTION_EXIT,other,0.0,0.0,0.43349999999999944,0.43367868661880493,0.4335893433094022,0.0,True
kxtruthsocial26apr18b169-0x8cec42fa,KXTRUTHSOCIAL-26APR18-B169,long_spread,STOP_LOSS,other,-0.09999999999999998,0.09999999999999998,-0.3300000000000046,-0.32707399129867554,-0.3285369956493401,-0.09999999999999998,True
kxfisaextend26mar-0x61212670,KXFISAEXTEND-26MAR,short_spread,RESOLUTION_EXIT,other,0.0,0.0,0.4300000000000044,0.4287691116333008,0.4293845558166526,0.0,True
kxdoge26apr1517b0092-0x49f92406,KXDOGE-26APR1517-B0.092,short_spread,RESOLUTION_EXIT,crypto,0.0,0.0,0.5885000000000049,0.5837532877922058,0.5861266438961054,0.0,True
kxdoged26apr1517t00849999-0x49f92406,KXDOGED-26APR1517-T0.0849999,short_spread,RESOLUTION_EXIT,crypto,0.0,0.0,0.5935000000000049,0.5989718437194824,0.5962359218597437,0.0,True
kxdoged26apr1517t00899999-0x49f92406,KXDOGED-26APR1517-T0.0899999,short_spread,RESOLUTION_EXIT,crypto,0.0,0.0,0.803500000000005,0.8060682415962219,0.8047841207981135,0.0,True
kxmusknw26apr30t600-0xa4e4a9dc,KXMUSKNW-26APR30-T600,short_spread,MOMENTUM,other,0.0,0.0,0.6800000000000047,0.6848245859146118,0.6824122929573082,0.0,True
kxcacpiyoy26apr20t24-0x1f61db83,KXCACPIYOY-26APR20-T2.4,short_spread,TIME_STOP,inflation,0.0,0.0,0.3899999999999993,0.38765546679496765,0.38882773339748344,0.0,True
kxcacpiyoy26apr20t24-0x29c639f7,KXCACPIYOY-26APR20-T2.4,short_spread,TIME_STOP,inflation,0.010500000000000065,-0.010500000000000065,0.7070000000000001,0.713172435760498,0.7100862178802491,-0.010500000000000065,True
kxcacpiyoy26apr20t19-0x29c639f7,KXCACPIYOY-26APR20-T1.9,short_spread,TIME_STOP,inflation,0.010500000000000065,-0.010500000000000065,0.7570000000000043,0.753835141658783,0.7554175708293936,-0.010500000000000065,True
kxcacpiyoy26apr20t21-0x1f61db83,KXCACPIYOY-26APR20-T2.1,short_spread,TIME_STOP,inflation,0.0,0.0,0.41499999999999865,0.41864222288131714,0.4168211114406579,0.0,True
kxcacpiyoy26apr20t23-0x29c639f7,KXCACPIYOY-26APR20-T2.3,short_spread,TIME_STOP,inflation,0.010500000000000065,-0.010500000000000065,0.7070000000000001,0.713172435760498,0.7100862178802491,-0.010500000000000065,True
kxcacpiyoy26apr20t32-0x1f61db83,KXCACPIYOY-26APR20-T3.2,long_spread,TIME_STOP,inflation,0.0,0.0,-0.4999999999999993,-0.5013182163238525,-0.5006591081619259,0.0,True
kxtruthsocial26apr18b189-0x8cec42fa,KXTRUTHSOCIAL-26APR18-B189,long_spread,TIME_STOP,other,-0.034999999999999976,0.034999999999999976,-0.3600000000000035,-0.3605026602745056,-0.3602513301372545,-0.034999999999999976,True
kxcacpiyoy26apr20t22-0x29c639f7,KXCACPIYOY-26APR20-T2.2,short_spread,TIME_STOP,inflation,0.010500000000000065,-0.010500000000000065,0.7170000000000004,0.713172435760498,0.7150862178802493,-0.010500000000000065,True
kxcacpiyoy26apr20t25-0xa792f029,KXCACPIYOY-26APR20-T2.5,short_spread,TIME_STOP,inflation,0.0,0.0,0.6050000000000011,0.6092422604560852,0.6071211302280431,0.0,True
kxcacpiyoy26apr20t18-0x29c639f7,KXCACPIYOY-26APR20-T1.8,short_spread,TIME_STOP,inflation,0.010500000000000065,-0.010500000000000065,0.7570000000000043,0.753835141658783,0.7554175708293936,-0.010500000000000065,True
kxcacpiyoy26apr20t26-0x29c639f7,KXCACPIYOY-26APR20-T2.6,short_spread,TIME_STOP,inflation,0.010500000000000065,-0.010500000000000065,0.4820000000000015,0.4790520668029785,0.48052603340149,-0.010500000000000065,True
kxtruthsocial26apr18b169-0x8cec42fa,KXTRUTHSOCIAL-26APR18-B169,long_spread,TIME_STOP,other,-0.009999999999999953,0.009999999999999953,-0.32000000000000506,-0.33330824971199036,-0.3266541248559977,-0.009999999999999953,True
kxcacpiyoy26apr20t25-0x29c639f7,KXCACPIYOY-26APR20-T2.5,short_spread,TIME_STOP,inflation,0.010500000000000065,-0.010500000000000065,0.5970000000000005,0.5987404584884644,0.5978702292442324,-0.010500000000000065,True
kxtruthsocial26apr18b210-0x8cec42fa,KXTRUTHSOCIAL-26APR18-B210,long_spread,TIME_STOP,other,-0.019999999999999962,0.019999999999999962,-0.410000000000003,-0.4088065028190613,-0.40940325140953215,-0.019999999999999962,True
kxcacpiyoy26apr20t22-0x1f61db83,KXCACPIYOY-26APR20-T2.2,short_spread,TIME_STOP,inflation,0.0,0.0,0.39999999999999986,0.4006912410259247,0.4003456205129623,0.0,True
kxcacpiyoy26apr20t2-0x29c639f7,KXCACPIYOY-26APR20-T2,short_spread,TIME_STOP,inflation,0.010500000000000065,-0.010500000000000065,0.756999999999999,0.753835141658783,0.755417570829391,-0.010500000000000065,True
kxcacpiyoy26apr20t31-0x1f61db83,KXCACPIYOY-26APR20-T3.1,long_spread,TIME_STOP,inflation,0.0,0.0,-0.47999999999999904,-0.47718721628189087,-0.478593608140945,0.0,True
kxcacpiyoy26apr20t3-0x1f61db83,KXCACPIYOY-26APR20-T3,long_spread,TIME_STOP,inflation,0.0,0.0,-0.45499999999999835,-0.4537201523780823,-0.4543600761890403,0.0,True
kxtruthsocial26apr18t220-0x8cec42fa,KXTRUTHSOCIAL-26APR18-T220,long_spread,TIME_STOP,other,-0.019999999999999962,0.019999999999999962,-0.4100000000000135,-0.4088065028190613,-0.40940325140953737,-0.019999999999999962,True
kxcacpiyoy26apr20t26-0xa7abe7ea,KXCACPIYOY-26APR20-T2.6,short_spread,TIME_STOP,inflation,0.0,0.0,0.550000000000002,0.5564754605293274,0.5532377302646647,0.0,True
kxcacpiyoy26apr20t2-0x1f61db83,KXCACPIYOY-26APR20-T2,short_spread,TIME_STOP,inflation,0.0,0.0,0.4399999999999972,0.4438614547252655,0.4419307273626314,0.0,True
kxcacpiyoy26apr20t21-0x29c639f7,KXCACPIYOY-26APR20-T2.1,short_spread,TIME_STOP,inflation,0.010500000000000065,-0.010500000000000065,0.7319999999999999,0.7346825003623962,0.733341250181198,-0.010500000000000065,True
kxcacpiyoy26apr20t23-0x1f61db83,KXCACPIYOY-26APR20-T2.3,short_spread,TIME_STOP,inflation,0.0,0.0,0.3899999999999993,0.38765546679496765,0.38882773339748344,0.0,True
kxtechlayoff26mar20-0x74f19011,KXTECHLAYOFF-26MAR-2.0,long_spread,RESOLUTION_EXIT,other,0.0,0.0,-0.6350000000000066,-0.6301697492599487,-0.6325848746299776,0.0,True
kxkatzout26jan0127jan01-0xb25a93dc,KXKATZOUT-26JAN01-27JAN01,short_spread,RESOLUTION_EXIT,other,0.0,0.0,0.4334999999999994,0.43367868661880493,0.43358934330940213,0.0,True
kxfisaextend26mar-0x61212670,KXFISAEXTEND-26MAR,short_spread,RESOLUTION_EXIT,other,-0.0050000000000000044,0.0050000000000000044,0.4300000000000044,0.4287691116333008,0.4293845558166526,0.0050000000000000044,True
kxdoge26apr1517b0092-0x49f92406,KXDOGE-26APR1517-B0.092,short_spread,RESOLUTION_EXIT,crypto,0.15150000000000008,-0.15150000000000008,0.5895000000000049,0.5837532877922058,0.5866266438961054,-0.15150000000000008,True
kxdoged26apr1517t00849999-0x49f92406,KXDOGED-26APR1517-T0.0849999,short_spread,RESOLUTION_EXIT,crypto,-0.008499999999999952,0.008499999999999952,0.5845000000000049,0.5837532877922058,0.5841266438961054,0.008499999999999952,True
kxdoged26apr1517t00899999-0x49f92406,KXDOGED-26APR1517-T0.0899999,short_spread,RESOLUTION_EXIT,crypto,-0.008499999999999952,0.008499999999999952,0.794500000000005,0.7941338419914246,0.7943169209957148,0.008499999999999952,True
kxdoged26apr1517t00849999-0x49f92406,KXDOGED-26APR1517-T0.0849999,short_spread,RESOLUTION_EXIT,crypto,0.0024999999999999467,-0.0024999999999999467,0.5840000000000048,0.5837532877922058,0.5838766438961054,-0.0024999999999999467,True
kxkatzout26jan0127jan01-0xb25a93dc,KXKATZOUT-26JAN01-27JAN01,short_spread,RESOLUTION_EXIT,other,0.0,0.0,0.433500000000005,0.43367868661880493,0.43358934330940496,0.0,True
kxdoge26apr1517b0092-0x49f92406,KXDOGE-26APR1517-B0.092,short_spread,RESOLUTION_EXIT,crypto,0.0024999999999999467,-0.0024999999999999467,0.589000000000005,0.5837532877922058,0.5863766438961053,-0.0024999999999999467,True
kxfisaextend26mar-0x61212670,KXFISAEXTEND-26MAR,short_spread,RESOLUTION_EXIT,other,0.0,0.0,0.4300000000000044,0.4287691116333008,0.4293845558166526,0.0,True
kxtechlayoff26mar20-0x74f19011,KXTECHLAYOFF-26MAR-2.0,long_spread,RESOLUTION_EXIT,other,0.0,0.0,-0.6349999999999966,-0.6301697492599487,-0.6325848746299727,0.0,True
kxdoged26apr1517t00899999-0x49f92406,KXDOGED-26APR1517-T0.0899999,short_spread,RESOLUTION_EXIT,crypto,-0.007499999999999951,0.007499999999999951,0.784000000000005,0.7852025032043457,0.7846012516021754,0.007499999999999951,True
kxgdp26apr30t20-0x0535dc99,KXGDP-26APR30-T2.0,short_spread,TIME_STOP,gdp,0.007000000000000006,-0.007000000000000006,0.31400000000000017,0.3165264129638672,0.3152632064819337,-0.007000000000000006,True
kxcpiyoy26aprt38-0xbef75184,KXCPIYOY-26APR-T3.8,long_spread,TIME_STOP,inflation,0.030000000000000027,-0.030000000000000027,-0.770000000000003,-0.7664716839790344,-0.7682358419895188,0.030000000000000027,True
kxcpiyoy26aprt36-0xbef75184,KXCPIYOY-26APR-T3.6,long_spread,TIME_STOP,inflation,0.0,0.0,-0.3600000000000028,-0.3589777946472168,-0.3594888973236098,0.0,True
kxtruthsocial26apr18t220-0x8cec42fa,KXTRUTHSOCIAL-26APR18-T220,long_spread,TIME_STOP,other,0.0,0.0,-0.41000000000000864,-0.4088065028190613,-0.40940325140953493,0.0,True
kxcacpiyoy26apr20t21-0x1f61db83,KXCACPIYOY-26APR20-T2.1,short_spread,TIME_STOP,inflation,0.0,0.0,0.4149999999999993,0.41864222288131714,0.41682111144065825,0.0,True
kxcacpiyoy26apr20t24-0x1f61db83,KXCACPIYOY-26APR20-T2.4,short_spread,TIME_STOP,inflation,0.0,0.0,0.38999999999999907,0.38765546679496765,0.38882773339748333,0.0,True
kxcacpiyoy26apr20t19-0x29c639f7,KXCACPIYOY-26APR20-T1.9,short_spread,TIME_STOP,inflation,0.010000000000000009,-0.010000000000000009,0.7670000000000043,0.7651748061180115,0.7660874030590079,-0.010000000000000009,True
kxcacpiyoy26apr20t23-0x29c639f7,KXCACPIYOY-26APR20-T2.3,short_spread,TIME_STOP,inflation,0.010000000000000009,-0.010000000000000009,0.717,0.713172435760498,0.7150862178802491,-0.010000000000000009,True
kxcacpiyoy26apr20t22-0x29c639f7,KXCACPIYOY-26APR20-T2.2,short_spread,TIME_STOP,inflation,0.010000000000000009,-0.010000000000000009,0.7270000000000004,0.7235669493675232,0.7252834746837618,-0.010000000000000009,True
kxcacpiyoy26apr20t18-0x29c639f7,KXCACPIYOY-26APR20-T1.8,short_spread,TIME_STOP,inflation,0.010000000000000009,-0.010000000000000009,0.7670000000000043,0.7651748061180115,0.7660874030590079,-0.010000000000000009,True
kxcacpiyoy26apr20t2-0x1f61db83,KXCACPIYOY-26APR20-T2,short_spread,TIME_STOP,inflation,0.0,0.0,0.44000000000000344,0.4438614547252655,0.4419307273626345,0.0,True
kxtruthsocial26apr18b210-0x8cec42fa,KXTRUTHSOCIAL-26APR18-B210,long_spread,TIME_STOP,other,0.0,0.0,-0.4099999999999966,-0.4095577001571655,-0.40977885007858106,0.0,True
kxtruthsocial26apr18b189-0x8cec42fa,KXTRUTHSOCIAL-26APR18-B189,long_spread,TIME_STOP,other,0.0,0.0,-0.35999999999999577,-0.36068546772003174,-0.36034273386001375,0.0,True
kxtruthsocial26apr18b169-0x8cec42fa,KXTRUTHSOCIAL-26APR18-B169,long_spread,TIME_STOP,other,0.04999999999999999,-0.04999999999999999,-0.3700000000000043,-0.37594074010849,-0.37297037005424716,0.04999999999999999,True
kxcacpiyoy26apr20t31-0x1f61db83,KXCACPIYOY-26APR20-T3.1,long_spread,TIME_STOP,inflation,0.0,0.0,-0.47999999999999915,-0.47718721628189087,-0.478593608140945,0.0,True
kxcacpiyoy26apr20t25-0x29c639f7,KXCACPIYOY-26APR20-T2.5,short_spread,TIME_STOP,inflation,0.010000000000000009,-0.010000000000000009,0.6070000000000004,0.6092422604560852,0.6081211302280428,-0.010000000000000009,True
kxcacpiyoy26apr20t23-0x1f61db83,KXCACPIYOY-26APR20-T2.3,short_spread,TIME_STOP,inflation,0.0,0.0,0.38999999999999907,0.38765546679496765,0.38882773339748333,0.0,True
kxcacpiyoy26apr20t24-0x29c639f7,KXCACPIYOY-26APR20-T2.4,short_spread,TIME_STOP,inflation,0.010000000000000009,-0.010000000000000009,0.717,0.713172435760498,0.7150862178802491,-0.010000000000000009,True
kxcacpiyoy26apr20t26-0xa7abe7ea,KXCACPIYOY-26APR20-T2.6,short_spread,TIME_STOP,inflation,0.0,0.0,0.5500000000000019,0.5564754605293274,0.5532377302646647,0.0,True
kxcacpiyoy26apr20t25-0xa792f029,KXCACPIYOY-26APR20-T2.5,short_spread,TIME_STOP,inflation,0.0,0.0,0.6050000000000009,0.6092422604560852,0.607121130228043,0.0,True
kxcacpiyoy26apr20t3-0x1f61db83,KXCACPIYOY-26APR20-T3,long_spread,TIME_STOP,inflation,0.0,0.0,-0.45499999999999835,-0.4537201523780823,-0.4543600761890403,0.0,True
kxcacpiyoy26apr20t26-0x29c639f7,KXCACPIYOY-26APR20-T2.6,short_spread,TIME_STOP,inflation,0.010000000000000009,-0.010000000000000009,0.49200000000000144,0.48989591002464294,0.4909479550123222,-0.010000000000000009,True
kxcacpiyoy26apr20t22-0x1f61db83,KXCACPIYOY-26APR20-T2.2,short_spread,TIME_STOP,inflation,0.0,0.0,0.3999999999999994,0.4006912410259247,0.4003456205129621,0.0,True
kxcacpiyoy26apr20t32-0x1f61db83,KXCACPIYOY-26APR20-T3.2,long_spread,TIME_STOP,inflation,0.0,0.0,-0.4999999999999995,-0.5007497668266296,-0.5003748834133146,0.0,True
kxcacpiyoy26apr20t2-0x29c639f7,KXCACPIYOY-26APR20-T2,short_spread,TIME_STOP,inflation,0.010000000000000009,-0.010000000000000009,0.7670000000000043,0.7651748061180115,0.7660874030590079,-0.010000000000000009,True
kxcacpiyoy26apr20t21-0x29c639f7,KXCACPIYOY-26APR20-T2.1,short_spread,TIME_STOP,inflation,0.010000000000000009,-0.010000000000000009,0.7420000000000003,0.7458637952804565,0.7439318976402285,-0.010000000000000009,True
kxdoged26apr1517t00899999-0x49f92406,KXDOGED-26APR1517-T0.0899999,short_spread,RESOLUTION_EXIT,crypto,-0.010000000000000009,0.010000000000000009,0.7770000000000051,0.7772345542907715,0.7771172771453883,0.010000000000000009,True
kxtechlayoff26mar20-0x74f19011,KXTECHLAYOFF-26MAR-2.0,long_spread,RESOLUTION_EXIT,other,0.0,0.0,-0.6350000000000066,-0.6301697492599487,-0.6325848746299776,0.0,True
kxdoged26apr1501t00899999-0x49f92406,KXDOGED-26APR1501-T0.0899999,short_spread,RESOLUTION_EXIT,crypto,0.0,0.0,0.737000000000005,0.7345224618911743,0.7357612309455897,0.0,True
kxdoge26apr1517b0092-0x49f92406,KXDOGE-26APR1517-B0.092,short_spread,RESOLUTION_EXIT,crypto,0.0,0.0,0.592000000000005,0.5837532877922058,0.5878766438961054,0.0,True
kxkatzout26jan0127jan01-0xb25a93dc,KXKATZOUT-26JAN01-27JAN01,short_spread,RESOLUTION_EXIT,other,0.0,0.0,0.4334999999999992,0.43367868661880493,0.4335893433094021,0.0,True
kxdoged26apr1517t00849999-0x49f92406,KXDOGED-26APR1517-T0.0849999,short_spread,RESOLUTION_EXIT,crypto,-0.010000000000000009,0.010000000000000009,0.5770000000000048,0.5684940218925476,0.5727470109462762,0.010000000000000009,True
kxfisaextend26mar-0x61212670,KXFISAEXTEND-26MAR,short_spread,RESOLUTION_EXIT,other,0.0050000000000000044,-0.0050000000000000044,0.42500000000000443,0.42581838369369507,0.4254091918468498,-0.0050000000000000044,True
kxkatzout26jan0127jan01-0xb25a93dc,KXKATZOUT-26JAN01-27JAN01,short_spread,RESOLUTION_EXIT,other,0.0,0.0,0.43349999999999916,0.43367868661880493,0.433589343309402,0.0,True
kxtechlayoff26mar20-0x74f19011,KXTECHLAYOFF-26MAR-2.0,long_spread,RESOLUTION_EXIT,other,0.0,0.0,-0.6350000000000068,-0.6301697492599487,-0.6325848746299778,0.0,True
kxdoged26apr1501t00899999-0x49f92406,KXDOGED-26APR1501-T0.0899999,short_spread,RESOLUTION_EXIT,crypto,0.0,0.0,0.737000000000005,0.7345224618911743,0.7357612309455897,0.0,True
kxdoged26apr1517t00949999-0x49f92406,KXDOGED-26APR1517-T0.0949999,short_spread,RESOLUTION_EXIT,crypto,0.29499999999999993,-0.29499999999999993,0.5620000000000048,0.5575665831565857,0.5597832915782952,-0.29499999999999993,True
kxdoge26apr1517b0092-0x49f92406,KXDOGE-26APR1517-B0.092,short_spread,RESOLUTION_EXIT,crypto,0.0,0.0,0.592000000000005,0.5837532877922058,0.5878766438961054,0.0,True
kxdoged26apr1501t00849999-0x49f92406,KXDOGED-26APR1501-T0.0849999,short_spread,RESOLUTION_EXIT,crypto,-0.22999999999999998,0.22999999999999998,0.737000000000005,0.7345224618911743,0.7357612309455897,0.22999999999999998,True
kxfisaextend26mar-0x61212670,KXFISAEXTEND-26MAR,short_spread,RESOLUTION_EXIT,other,-0.0050000000000000044,0.0050000000000000044,0.42000000000000437,0.4207291901111603,0.4203645950555823,0.0050000000000000044,True
kxkatzout26jan0127jan01-0xb25a93dc,KXKATZOUT-26JAN01-27JAN01,short_spread,RESOLUTION_EXIT,other,0.0,0.0,0.4334999999999991,0.43367868661880493,0.433589343309402,0.0,True
kxdoge26apr1517b0092-0x49f92406,KXDOGE-26APR1517-B0.092,short_spread,RESOLUTION_EXIT,crypto,-0.14950000000000002,0.14950000000000002,0.44250000000000494,0.444457471370697,0.443478735685351,0.14950000000000002,True
kxdoged26apr1517t00949999-0x49f92406,KXDOGED-26APR1517-T0.0949999,short_spread,RESOLUTION_EXIT,crypto,0.000500000000000056,-0.000500000000000056,0.5625000000000049,0.5575665831565857,0.5600332915782953,-0.000500000000000056,True
kxfisaextend26mar-0x61212670,KXFISAEXTEND-26MAR,short_spread,RESOLUTION_EXIT,other,-0.009999999999999898,0.009999999999999898,0.41000000000000436,0.41471239924430847,0.4123561996221564,0.009999999999999898,True
kxtechlayoff26mar20-0x74f19011,KXTECHLAYOFF-26MAR-2.0,long_spread,RESOLUTION_EXIT,other,0.0,0.0,-0.6350000000000068,-0.6301697492599487,-0.6325848746299778,0.0,True
kxmusknw26apr30t620-0x88b2a7dd,KXMUSKNW-26APR30-T620,short_spread,MOMENTUM,other,-0.03500000000000003,0.03500000000000003,0.49000000000000277,0.48982328176498413,0.48991164088249345,0.03500000000000003,True
kxmusknw26apr30t630-0x88b2a7dd,KXMUSKNW-26APR30-T630,short_spread,MOMENTUM,other,-0.025000000000000022,0.025000000000000022,0.4000000000000028,0.40256136655807495,0.4012806832790389,0.025000000000000022,True
kxmusknw26apr30t610-0x88b2a7dd,KXMUSKNW-26APR30-T610,short_spread,MOMENTUM,other,-0.02000000000000013,0.02000000000000013,0.5950000000000027,0.5991016030311584,0.5970508015155807,0.02000000000000013,True
kxvisitnyc26jun01emusnyc-0x0b864a86,KXVISITNYC-26JUN01-EMUSNYC,long_spread,MOMENTUM,politics_policy,-0.030000000000000027,0.030000000000000027,-0.31500000000000195,-0.3180467188358307,-0.3165233594179163,-0.030000000000000027,True
kxgdp26apr30t20-0x88d5a8b1,KXGDP-26APR30-T2.0,short_spread,TIME_STOP,gdp,-0.0014999999999999458,0.0014999999999999458,0.4515000000000017,0.4497208595275879,0.4506104297637948,0.0014999999999999458,True
kxgdp26apr30t15-0x88d5a8b1,KXGDP-26APR30-T1.5,short_spread,TIME_STOP,gdp,0.015499999999999847,-0.015499999999999847,0.638,0.6384879946708679,0.6382439973354339,-0.015499999999999847,True
kxtechlayoff26mar20-0x74f19011,KXTECHLAYOFF-26MAR-2.0,long_spread,RESOLUTION_EXIT,other,0.0,0.0,-0.6350000000000068,-0.6301697492599487,-0.6325848746299778,0.0,True
kxfisaextend26mar-0x61212670,KXFISAEXTEND-26MAR,short_spread,RESOLUTION_EXIT,other,-0.015000000000000013,0.015000000000000013,0.40500000000000425,0.40560808777809143,0.40530404388904784,0.015000000000000013,True
kxkatzout26jan0127jan01-0xb25a93dc,KXKATZOUT-26JAN01-27JAN01,short_spread,RESOLUTION_EXIT,other,0.0,0.0,0.4334999999999991,0.43367868661880493,0.433589343309402,0.0,True
kxdoged26apr1517t00949999-0x49f92406,KXDOGED-26APR1517-T0.0949999,short_spread,RESOLUTION_EXIT,crypto,0.0050000000000000044,-0.0050000000000000044,0.567500000000005,0.5684940218925476,0.5679970109462763,-0.0050000000000000044,True
kxdoge26apr1517b0092-0x49f92406,KXDOGE-26APR1517-B0.092,short_spread,RESOLUTION_EXIT,crypto,0.0,0.0,0.44250000000000494,0.444457471370697,0.443478735685351,0.0,True
kxezgdpyoyf26apr30t06-0xbf7d903a,KXEZGDPYOYF-26APR30-T0.6,short_spread,MOMENTUM,other,-0.0010000000000000009,0.0010000000000000009,0.5040000000000019,0.5004804730415344,0.5022402365207681,0.0010000000000000009,True
kxcacpiyoy26apr20t22-0x29c639f7,KXCACPIYOY-26APR20-T2.2,short_spread,TIME_STOP,inflation,0.008000000000000007,-0.008000000000000007,0.7375000000000002,0.7350436449050903,0.7362718224525453,-0.008000000000000007,True
kxcacpiyoy26apr20t26-0xa7abe7ea,KXCACPIYOY-26APR20-T2.6,short_spread,TIME_STOP,inflation,0.0,0.0,0.5500000000000018,0.5564754605293274,0.5532377302646646,0.0,True
kxdegdpyoyf26apr30t02-0xb0c7a573,KXDEGDPYOYF-26APR30-T0.2,short_spread,MOMENTUM,gdp,-0.018000000000000016,0.018000000000000016,0.5274999999999963,0.5309901237487793,0.5292450618743878,0.018000000000000016,True
kxcacpiyoy26apr20t21-0x1f61db83,KXCACPIYOY-26APR20-T2.1,short_spread,TIME_STOP,inflation,0.0,0.0,0.4149999999999992,0.41864222288131714,0.41682111144065814,0.0,True
kxcacpiyoy26apr20t3-0x1f61db83,KXCACPIYOY-26APR20-T3,long_spread,TIME_STOP,inflation,0.0,0.0,-0.45499999999999835,-0.4537201523780823,-0.4543600761890403,0.0,True
kxtruthsocial26apr18b169-0x8cec42fa,KXTRUTHSOCIAL-26APR18-B169,long_spread,TIME_STOP,other,0.0,0.0,-0.3650000000000054,-0.3647595942020416,-0.3648797971010235,0.0,True
kxtruthsocial26apr18b189-0x8cec42fa,KXTRUTHSOCIAL-26APR18-B189,long_spread,TIME_STOP,other,0.0,0.0,-0.355000000000004,-0.35908243060112,-0.357041215300562,0.0,True
kxezgdpyoyf26apr30t0-0xbf7d903a,KXEZGDPYOYF-26APR30-T0,short_spread,MOMENTUM,other,-0.0010000000000000009,0.0010000000000000009,0.7840000000000015,0.7863724231719971,0.7851862115859993,0.0010000000000000009,True
kxcacpiyoy26apr20t25-0xa792f029,KXCACPIYOY-26APR20-T2.5,short_spread,TIME_STOP,inflation,0.0,0.0,0.6050000000000008,0.6092422604560852,0.607121130228043,0.0,True
kxcacpiyoy26apr20t23-0x29c639f7,KXCACPIYOY-26APR20-T2.3,short_spread,TIME_STOP,inflation,0.008000000000000007,-0.008000000000000007,0.7274999999999997,0.723874032497406,0.7256870162487028,-0.008000000000000007,True
kxdegdpyoyf26apr30t01-0xb0c7a573,KXDEGDPYOYF-26APR30-T0.1,short_spread,MOMENTUM,gdp,-0.018000000000000016,0.018000000000000016,0.557499999999998,0.5578770041465759,0.5576885020732869,0.018000000000000016,True
kxfrgdpyoyp26apr30t04-0xbf7d903a,KXFRGDPYOYP-26APR30-T0.4,short_spread,MOMENTUM,other,-0.0010000000000000009,0.0010000000000000009,0.7490000000000002,0.7465579509735107,0.7477789754867554,0.0010000000000000009,True
kxcacpiyoy26apr20t2-0x1f61db83,KXCACPIYOY-26APR20-T2,short_spread,TIME_STOP,inflation,0.0,0.0,0.4399999999999988,0.4438614547252655,0.44193072736263217,0.0,True
kxfrgdpyoyp26apr30t0-0xbf7d903a,KXFRGDPYOYP-26APR30-T0,short_spread,MOMENTUM,other,-0.0010000000000000009,0.0010000000000000009,0.7989999999999988,0.7953037619590759,0.7971518809795374,0.0010000000000000009,True
kxcacpiyoy26apr20t19-0x29c639f7,KXCACPIYOY-26APR20-T1.9,short_spread,TIME_STOP,inflation,0.008000000000000007,-0.008000000000000007,0.777499999999999,0.7776833772659302,0.7775916886329646,-0.008000000000000007,True
kxtruthsocial26apr18b89-0xfe0744d8,KXTRUTHSOCIAL-26APR18-B89,long_spread,TIME_STOP,other,0.04999999999999999,-0.04999999999999999,-0.37000000000000915,-0.3679612874984741,-0.36898064374924167,0.04999999999999999,True
kxcacpiyoy26apr20t32-0x1f61db83,KXCACPIYOY-26APR20-T3.2,long_spread,TIME_STOP,inflation,0.0,0.0,-0.4999999999999997,-0.5007497668266296,-0.5003748834133147,0.0,True
kxgdp26apr30t10-0xbf7d903a,KXGDP-26APR30-T1.0,short_spread,MOMENTUM,gdp,-0.0010000000000000009,0.0010000000000000009,0.7074999999999998,0.7130736112594604,0.7102868056297301,0.0010000000000000009,True
kxcacpiyoy26apr20t26-0x29c639f7,KXCACPIYOY-26APR20-T2.6,short_spread,TIME_STOP,inflation,0.008000000000000007,-0.008000000000000007,0.5025000000000012,0.5003479719161987,0.5014239859581,-0.008000000000000007,True
kxcacpiyoy26apr20t24-0x1f61db83,KXCACPIYOY-26APR20-T2.4,short_spread,TIME_STOP,inflation,0.0,0.0,0.38999999999999885,0.38765546679496765,0.3888277333974832,0.0,True
kxdegdpyoyf26apr30t0-0xb0c7a573,KXDEGDPYOYF-26APR30-T0,short_spread,MOMENTUM,gdp,-0.018000000000000016,0.018000000000000016,0.5875000000000007,0.5840042233467102,0.5857521116733555,0.018000000000000016,True
kxcacpiyoy26apr20t25-0x29c639f7,KXCACPIYOY-26APR20-T2.5,short_spread,TIME_STOP,inflation,0.008000000000000007,-0.008000000000000007,0.6175000000000002,0.6171091794967651,0.6173045897483826,-0.008000000000000007,True
kxezgdpqoqf26apr30t01-0xbf7d903a,KXEZGDPQOQF-26APR30-T0.1,short_spread,MOMENTUM,gdp,-0.0010000000000000009,0.0010000000000000009,0.47400000000000464,0.4749605059623718,0.47448025298118823,0.0010000000000000009,True
kxtruthsocial26apr18b109-0xfe0744d8,KXTRUTHSOCIAL-26APR18-B109,long_spread,TIME_STOP,other,0.04999999999999999,-0.04999999999999999,-0.31000000000000544,-0.3211524486541748,-0.3155762243270901,0.04999999999999999,True
kxcacpiyoy26apr20t31-0x1f61db83,KXCACPIYOY-26APR20-T3.1,long_spread,TIME_STOP,inflation,0.0,0.0,-0.47999999999999926,-0.47718721628189087,-0.4785936081409451,0.0,True
kxezgdpyoyf26apr30t04-0xbf7d903a,KXEZGDPYOYF-26APR30-T0.4,short_spread,MOMENTUM,other,-0.0010000000000000009,0.0010000000000000009,0.7140000000000016,0.7137399315834045,0.7138699657917031,0.0010000000000000009,True
kxezgdpyoyf26apr30t02-0xbf7d903a,KXEZGDPYOYF-26APR30-T0.2,short_spread,MOMENTUM,other,-0.0010000000000000009,0.0010000000000000009,0.7790000000000019,0.7780676484107971,0.7785338242053995,0.0010000000000000009,True
kxcacpiyoy26apr20t22-0x1f61db83,KXCACPIYOY-26APR20-T2.2,short_spread,TIME_STOP,inflation,0.0,0.0,0.3999999999999995,0.4006912410259247,0.4003456205129621,0.0,True
kxcacpiyoy26apr20t21-0x29c639f7,KXCACPIYOY-26APR20-T2.1,short_spread,TIME_STOP,inflation,0.008000000000000007,-0.008000000000000007,0.7524999999999996,0.7536942958831787,0.7530971479415891,-0.008000000000000007,True
kxtruthsocial26apr18t220-0x8cec42fa,KXTRUTHSOCIAL-26APR18-T220,long_spread,TIME_STOP,other,0.0,0.0,-0.405000000000009,-0.4088065028190613,-0.40690325140953515,0.0,True
kxcacpiyoy26apr20t23-0x1f61db83,KXCACPIYOY-26APR20-T2.3,short_spread,TIME_STOP,inflation,0.0,0.0,0.38999999999999885,0.38765546679496765,0.3888277333974832,0.0,True
kxcacpiyoy26apr20t2-0x29c639f7,KXCACPIYOY-26APR20-T2,short_spread,TIME_STOP,inflation,0.008000000000000007,-0.008000000000000007,0.7775,0.7776833772659302,0.777591688632965,-0.008000000000000007,True
kxdegdpyoyf26apr30t03-0xb0c7a573,KXDEGDPYOYF-26APR30-T0.3,short_spread,MOMENTUM,gdp,-0.018000000000000016,0.018000000000000016,0.34749999999999565,0.3579222857952118,0.35271114289760375,0.018000000000000016,True
kxcacpiyoy26apr20t18-0x29c639f7,KXCACPIYOY-26APR20-T1.8,short_spread,TIME_STOP,inflation,0.008000000000000007,-0.008000000000000007,0.7775000000000044,0.7776833772659302,0.7775916886329672,-0.008000000000000007,True
kxcacpiyoy26apr20t24-0x29c639f7,KXCACPIYOY-26APR20-T2.4,short_spread,TIME_STOP,inflation,0.008000000000000007,-0.008000000000000007,0.7274999999999997,0.723874032497406,0.7256870162487028,-0.008000000000000007,True
kxfrgdpyoyp26apr30t02-0xbf7d903a,KXFRGDPYOYP-26APR30-T0.2,short_spread,MOMENTUM,other,-0.0010000000000000009,0.0010000000000000009,0.7889999999999985,0.7863724231719971,0.7876862115859977,0.0010000000000000009,True
kxtruthsocial26apr18b210-0x8cec42fa,KXTRUTHSOCIAL-26APR18-B210,long_spread,TIME_STOP,other,0.0,0.0,-0.405000000000002,-0.4088065028190613,-0.40690325140953165,0.0,True
kxfrgdpyoyp26apr30t06-0xbf7d903a,KXFRGDPYOYP-26APR30-T0.6,short_spread,MOMENTUM,other,-0.02749999999999997,0.02749999999999997,0.6174999999999992,0.6173141598701477,0.6174070799350735,0.02749999999999997,True
kxvisitnyc26jun01djtnyc-0x154a7f7d,KXVISITNYC-26JUN01-DJTNYC,long_spread,MOMENTUM,politics_policy,-0.006500000000000061,0.006500000000000061,-0.5760000000000018,-0.5788277387619019,-0.5774138693809518,-0.006500000000000061,True
kxgdp26jul30t10-0xbf7d903a,KXGDP-26JUL30-T1.0,short_spread,MOMENTUM,gdp,-0.04499999999999993,0.04499999999999993,0.6200000000000042,0.6171091794967651,0.6185545897483846,0.04499999999999993,True
kxfisaextend26mar-0x61212670,KXFISAEXTEND-26MAR,short_spread,RESOLUTION_EXIT,other,0.019999999999999907,-0.019999999999999907,0.4250000000000043,0.42581838369369507,0.42540919184684967,-0.019999999999999907,True
kxdoge26apr1517b0092-0x49f92406,KXDOGE-26APR1517-B0.092,short_spread,RESOLUTION_EXIT,crypto,0.0,0.0,0.707000000000005,0.7130123972892761,0.7100061986446405,0.0,True
kxdoged26apr1517t00949999-0x49f92406,KXDOGED-26APR1517-T0.0949999,short_spread,RESOLUTION_EXIT,crypto,0.0,0.0,0.5670000000000051,0.5684940218925476,0.5677470109462763,0.0,True
kxtechlayoff26mar20-0x74f19011,KXTECHLAYOFF-26MAR-2.0,long_spread,RESOLUTION_EXIT,other,0.0,0.0,-0.6350000000000068,-0.6301697492599487,-0.6325848746299778,0.0,True
kxkatzout26jan0127jan01-0xb25a93dc,KXKATZOUT-26JAN01-27JAN01,short_spread,RESOLUTION_EXIT,other,0.0,0.0,0.4334999999999991,0.43367868661880493,0.433589343309402,0.0,True
kxmusknw26apr30t600-0x88b2a7dd,KXMUSKNW-26APR30-T600,short_spread,TIME_STOP,other,0.0050000000000000044,-0.0050000000000000044,0.6899999999999985,0.6848245859146118,0.6874122929573052,-0.0050000000000000044,True
kxmusknw26apr30t640-0x88b2a7dd,KXMUSKNW-26APR30-T640,short_spread,TIME_STOP,other,0.015000000000000013,-0.015000000000000013,0.3400000000000028,0.3387181758880615,0.33935908794403213,-0.015000000000000013,True
kxmusknw26apr30t640-0xc264391c,KXMUSKNW-26APR30-T640,short_spread,TIME_STOP,other,0.010000000000000009,-0.010000000000000009,0.33000000000000307,0.3353656232357025,0.3326828116178528,-0.010000000000000009,True
kxdoge26apr1517b0092-0x49f92406,KXDOGE-26APR1517-B0.092,short_spread,RESOLUTION_EXIT,crypto,-0.0004999999999999449,0.0004999999999999449,0.7065000000000049,0.6997766494750977,0.7031383247375513,0.0004999999999999449,True
kxtechlayoff26mar20-0x74f19011,KXTECHLAYOFF-26MAR-2.0,long_spread,RESOLUTION_EXIT,other,0.0,0.0,-0.6349999999999966,-0.6301697492599487,-0.6325848746299727,0.0,True
kxfisaextend26mar-0x61212670,KXFISAEXTEND-26MAR,short_spread,RESOLUTION_EXIT,other,0.015000000000000013,-0.015000000000000013,0.4400000000000044,0.4446217119693756,0.44231085598469,-0.015000000000000013,True
kxdoged26apr1517t00949999-0x49f92406,KXDOGED-26APR1517-T0.0949999,short_spread,RESOLUTION_EXIT,crypto,-0.0004999999999999449,0.0004999999999999449,0.566500000000005,0.5684940218925476,0.5674970109462762,0.0004999999999999449,True
kxkatzout26jan0127jan01-0xb25a93dc,KXKATZOUT-26JAN01-27JAN01,short_spread,RESOLUTION_EXIT,other,0.0,0.0,0.433500000000005,0.43367868661880493,0.43358934330940496,0.0,True
kxfisaextend26mar-0x61212670,KXFISAEXTEND-26MAR,short_spread,RESOLUTION_EXIT,other,0.125,-0.125,0.5750000000000045,0.5686622262001038,0.5718311131000542,-0.125,True
kxkatzout26jan0127jan01-0xb25a93dc,KXKATZOUT-26JAN01-27JAN01,short_spread,RESOLUTION_EXIT,other,0.0,0.0,0.4334999999999992,0.43367868661880493,0.4335893433094021,0.0,True
kxdoged26apr1517t00949999-0x49f92406,KXDOGED-26APR1517-T0.0949999,short_spread,RESOLUTION_EXIT,crypto,0.4,-0.4,0.566500000000005,0.5684940218925476,0.5674970109462762,-0.4,True
kxtechlayoff26mar20-0x74f19011,KXTECHLAYOFF-26MAR-2.0,long_spread,RESOLUTION_EXIT,other,0.0,0.0,-0.6350000000000066,-0.6301697492599487,-0.6325848746299776,0.0,True
kxdoge26apr1517b0092-0x49f92406,KXDOGE-26APR1517-B0.092,short_spread,RESOLUTION_EXIT,crypto,0.0,0.0,0.7065000000000049,0.6997766494750977,0.7031383247375513,0.0,True
kxtruthsocial26apr18b189-0x8cec42fa,KXTRUTHSOCIAL-26APR18-B189,long_spread,TIME_STOP,other,0.0,0.0,-0.3550000000000042,-0.35908243060112,-0.3570412153005621,0.0,True
kxcacpiyoy26apr20t25-0x29c639f7,KXCACPIYOY-26APR20-T2.5,short_spread,TIME_STOP,inflation,-0.07599999999999996,0.07599999999999996,0.5420000000000015,0.5429394245147705,0.542469712257386,0.07599999999999996,True
kxcacpiyoy26apr20t31-0x1f61db83,KXCACPIYOY-26APR20-T3.1,long_spread,TIME_STOP,inflation,0.0,0.0,-0.4799999999999984,-0.47718721628189087,-0.47859360814094465,0.0,True
kxtruthsocial26apr18b169-0x8cec42fa,KXTRUTHSOCIAL-26APR18-B169,long_spread,TIME_STOP,other,0.0,0.0,-0.3650000000000067,-0.3647595942020416,-0.36487979710102414,0.0,True
kxcacpiyoy26apr20t21-0x29c639f7,KXCACPIYOY-26APR20-T2.1,short_spread,TIME_STOP,inflation,-0.07599999999999996,0.07599999999999996,0.6770000000000019,0.6745906472206116,0.6757953236103067,0.07599999999999996,True
kxtruthsocial26apr18t220-0x8cec42fa,KXTRUTHSOCIAL-26APR18-T220,long_spread,TIME_STOP,other,0.0,0.0,-0.405000000000009,-0.4088065028190613,-0.40690325140953515,0.0,True
kxcacpiyoy26apr20t21-0x1f61db83,KXCACPIYOY-26APR20-T2.1,short_spread,TIME_STOP,inflation,0.0,0.0,0.4150000000000021,0.41864222288131714,0.4168211114406596,0.0,True
kxcacpiyoy26apr20t24-0x29c639f7,KXCACPIYOY-26APR20-T2.4,short_spread,TIME_STOP,inflation,-0.07599999999999996,0.07599999999999996,0.652000000000001,0.6546605229377747,0.6533302614688878,0.07599999999999996,True
kxcacpiyoy26apr20t26-0xa7abe7ea,KXCACPIYOY-26APR20-T2.6,short_spread,TIME_STOP,inflation,0.0,0.0,0.5500000000000025,0.5564754605293274,0.5532377302646649,0.0,True
kxcacpiyoy26apr20t22-0x1f61db83,KXCACPIYOY-26APR20-T2.2,short_spread,TIME_STOP,inflation,0.0,0.0,0.40000000000000097,0.4006912410259247,0.40034562051296285,0.0,True
kxcacpiyoy26apr20t24-0x1f61db83,KXCACPIYOY-26APR20-T2.4,short_spread,TIME_STOP,inflation,0.0,0.0,0.3900000000000004,0.38765546679496765,0.388827733397484,0.0,True
kxcacpiyoy26apr20t23-0x1f61db83,KXCACPIYOY-26APR20-T2.3,short_spread,TIME_STOP,inflation,0.0,0.0,0.3900000000000004,0.38765546679496765,0.388827733397484,0.0,True
kxtruthsocial26apr18b89-0xfe0744d8,KXTRUTHSOCIAL-26APR18-B89,long_spread,TIME_STOP,other,0.0,0.0,-0.37000000000000915,-0.3679612874984741,-0.36898064374924167,0.0,True
kxcacpiyoy26apr20t2-0x1f61db83,KXCACPIYOY-26APR20-T2,short_spread,TIME_STOP,inflation,0.0,0.0,0.44000000000000344,0.4438614547252655,0.4419307273626345,0.0,True
kxtruthsocial26apr18b210-0x8cec42fa,KXTRUTHSOCIAL-26APR18-B210,long_spread,TIME_STOP,other,0.0,0.0,-0.4050000000000004,-0.4088065028190613,-0.4069032514095309,0.0,True
kxcacpiyoy26apr20t25-0xa792f029,KXCACPIYOY-26APR20-T2.5,short_spread,TIME_STOP,inflation,0.0,0.0,0.605000000000002,0.6092422604560852,0.6071211302280436,0.0,True
kxcacpiyoy26apr20t26-0x29c639f7,KXCACPIYOY-26APR20-T2.6,short_spread,TIME_STOP,inflation,-0.07599999999999996,0.07599999999999996,0.42700000000000204,0.42581838369369507,0.42640919184684856,0.07599999999999996,True
kxtruthsocial26apr18b109-0xfe0744d8,KXTRUTHSOCIAL-26APR18-B109,long_spread,TIME_STOP,other,0.0,0.0,-0.3100000000000083,-0.3211524486541748,-0.31557622432709154,0.0,True
kxcacpiyoy26apr20t2-0x29c639f7,KXCACPIYOY-26APR20-T2,short_spread,TIME_STOP,inflation,-0.07600000000000007,0.07600000000000007,0.7020000000000034,0.70000821352005,0.7010041067600268,0.07600000000000007,True
kxcacpiyoy26apr20t19-0x29c639f7,KXCACPIYOY-26APR20-T1.9,short_spread,TIME_STOP,inflation,-0.07600000000000007,0.07600000000000007,0.7019999999999966,0.70000821352005,0.7010041067600233,0.07600000000000007,True
kxcacpiyoy26apr20t23-0x29c639f7,KXCACPIYOY-26APR20-T2.3,short_spread,TIME_STOP,inflation,-0.07599999999999996,0.07599999999999996,0.652000000000001,0.6546605229377747,0.6533302614688878,0.07599999999999996,True
kxcacpiyoy26apr20t32-0x1f61db83,KXCACPIYOY-26APR20-T3.2,long_spread,TIME_STOP,inflation,0.0,0.0,-0.4999999999999984,-0.5013182163238525,-0.5006591081619255,0.0,True
kxcacpiyoy26apr20t18-0x29c639f7,KXCACPIYOY-26APR20-T1.8,short_spread,TIME_STOP,inflation,-0.07600000000000007,0.07600000000000007,0.7019999999999933,0.70000821352005,0.7010041067600217,0.07600000000000007,True
kxcacpiyoy26apr20t3-0x1f61db83,KXCACPIYOY-26APR20-T3,long_spread,TIME_STOP,inflation,0.0,0.0,-0.45499999999999846,-0.4537201523780823,-0.4543600761890404,0.0,True
kxcacpiyoy26apr20t22-0x29c639f7,KXCACPIYOY-26APR20-T2.2,short_spread,TIME_STOP,inflation,-0.07599999999999996,0.07599999999999996,0.6620000000000013,0.6546605229377747,0.658330261468888,0.07599999999999996,True
kxagconf26aug01-0x835293fd,KXAGCONF-26-AUG01,short_spread,MOMENTUM,other,-0.024999999999999967,0.024999999999999967,0.30500000000000443,0.31654036045074463,0.3107701802253745,0.024999999999999967,True
kxdoge26apr1517b0092-0x49f92406,KXDOGE-26APR1517-B0.092,short_spread,RESOLUTION_EXIT,crypto,-0.000500000000000056,0.000500000000000056,0.706000000000005,0.6997766494750977,0.7028883247375513,0.000500000000000056,True
kxtechlayoff26mar20-0x74f19011,KXTECHLAYOFF-26MAR-2.0,long_spread,RESOLUTION_EXIT,other,0.0,0.0,-0.6350000000000066,-0.6301697492599487,-0.6325848746299776,0.0,True
kxdoged26apr1517t00949999-0x49f92406,KXDOGED-26APR1517-T0.0949999,short_spread,RESOLUTION_EXIT,crypto,-0.000500000000000056,0.000500000000000056,0.566000000000005,0.5684940218925476,0.5672470109462764,0.000500000000000056,True
kxfisaextend26mar-0x61212670,KXFISAEXTEND-26MAR,short_spread,RESOLUTION_EXIT,other,-0.0050000000000000044,0.0050000000000000044,0.5700000000000043,0.5686622262001038,0.569331113100054,0.0050000000000000044,True
kxkatzout26jan0127jan01-0xb25a93dc,KXKATZOUT-26JAN01-27JAN01,short_spread,RESOLUTION_EXIT,other,0.0,0.0,0.4334999999999992,0.43367868661880493,0.4335893433094021,0.0,True
kxdegdpyoyf26apr30t03-0xb0c7a573,KXDEGDPYOYF-26APR30-T0.3,short_spread,MOMENTUM,gdp,-0.0010000000000000009,0.0010000000000000009,0.36099999999999594,0.3677489757537842,0.3643744878768901,0.0010000000000000009,True
kxdegdpyoyf26apr30t0-0xb0c7a573,KXDEGDPYOYF-26APR30-T0,short_spread,MOMENTUM,gdp,-0.001000000000000112,0.001000000000000112,0.6010000000000006,0.5992227792739868,0.6001113896369937,0.001000000000000112,True
kxdegdpyoyf26apr30t01-0xb0c7a573,KXDEGDPYOYF-26APR30-T0.1,short_spread,MOMENTUM,gdp,-0.001000000000000112,0.001000000000000112,0.5709999999999981,0.5688044428825378,0.5699022214412679,0.001000000000000112,True
kxdegdpyoyf26apr30t02-0xb0c7a573,KXDEGDPYOYF-26APR30-T0.2,short_spread,MOMENTUM,gdp,-0.001000000000000112,0.001000000000000112,0.5409999999999964,0.5430955290794373,0.5420477645397168,0.001000000000000112,True
kxdegdpyoyf26apr30t03-0x88d5a8b1,KXDEGDPYOYF-26APR30-T0.3,short_spread,TIME_STOP,gdp,-0.0004999999999999449,0.0004999999999999449,0.6124999999999965,0.6095462441444397,0.6110231220722181,0.0004999999999999449,True
kxukcpiyoy26apr22t38-0xbef75184,KXUKCPIYOY-26APR22-T3.8,long_spread,TIME_STOP,inflation,0.0050000000000000044,-0.0050000000000000044,-0.8400000000000034,-0.8394457697868347,-0.8397228848934191,0.0050000000000000044,True
kxcpiyoy26aprt34-0x1f61db83,KXCPIYOY-26APR-T3.4,short_spread,TIME_STOP,inflation,-0.0050000000000001155,0.0050000000000001155,0.38500000000000106,0.38765546679496765,0.3863277333974844,0.0050000000000001155,True
kxfrgdpyoyp26apr30t0-0x88d5a8b1,KXFRGDPYOYP-26APR30-T0,short_spread,TIME_STOP,other,-0.055499999999999994,0.055499999999999994,0.8274999999999991,0.8190688490867615,0.8232844245433804,0.055499999999999994,True
kxcpiyoy26aprt30-0x1f61db83,KXCPIYOY-26APR-T3.0,short_spread,TIME_STOP,inflation,0.0,0.0,0.4449999999999918,0.44470325112342834,0.4448516255617101,0.0,True
kxukcpiyoy26apr22t31-0x1f61db83,KXUKCPIYOY-26APR22-T3.1,short_spread,TIME_STOP,inflation,0.0,0.0,0.3849999999999821,0.38765546679496765,0.38632773339747484,0.0,True
kxdegdpyoyf26apr30t02-0x88d5a8b1,KXDEGDPYOYF-26APR30-T0.2,short_spread,TIME_STOP,gdp,-0.0004999999999999449,0.0004999999999999449,0.7924999999999982,0.7946387529373169,0.7935693764686576,0.0004999999999999449,True
kxfrgdpyoyp26apr30t06-0x88d5a8b1,KXFRGDPYOYP-26APR30-T0.6,short_spread,TIME_STOP,other,-0.00550000000000006,0.00550000000000006,0.7224999999999991,0.7234069108963013,0.7229534554481503,0.00550000000000006,True
kxfrgdpyoyp26apr30t02-0x88d5a8b1,KXFRGDPYOYP-26APR30-T0.2,short_spread,TIME_STOP,other,-0.0655,0.0655,0.8074999999999982,0.8067132234573364,0.8071066117286674,0.0655,True
kxfrgdpyoyp26apr30t02-0xbf7d903a,KXFRGDPYOYP-26APR30-T0.2,short_spread,TIME_STOP,other,-0.08650000000000002,0.08650000000000002,0.6829999999999975,0.6854909062385559,0.6842454531192768,0.08650000000000002,True
kxtrumpmeet26aprvput-0x280768f5,KXTRUMPMEET-26APR-VPUT,short_spread,TIME_STOP,politics_policy,-0.005500000000000005,0.005500000000000005,0.3399999999999962,0.33873212337493896,0.3393660616874676,0.005500000000000005,True
kxezgdpyoyf26apr30t06-0xbf7d903a,KXEZGDPYOYF-26APR30-T0.6,short_spread,TIME_STOP,other,-0.02150000000000002,0.02150000000000002,0.4630000000000015,0.4669424295425415,0.4649712147712715,0.02150000000000002,True
kxfrgdpyoyp26apr30t04-0xbf7d903a,KXFRGDPYOYP-26APR30-T0.4,short_spread,TIME_STOP,other,-0.026499999999999968,0.026499999999999968,0.7079999999999987,0.7137399315834045,0.7108699657917017,0.026499999999999968,True
kxmusknw26apr30t630-0x88b2a7dd,KXMUSKNW-26APR30-T630,short_spread,TIME_STOP,other,-0.0050000000000000044,0.0050000000000000044,0.39500000000000285,0.3981340527534485,0.3965670263767257,0.0050000000000000044,True
kxezgdpyoyf26apr30t04-0xbf7d903a,KXEZGDPYOYF-26APR30-T0.4,short_spread,TIME_STOP,other,-0.021500000000000075,0.021500000000000075,0.673000000000001,0.6751581430435181,0.6740790715217595,0.021500000000000075,True
kxfrgdpyoyp26apr30t04-0x88d5a8b1,KXFRGDPYOYP-26APR30-T0.4,short_spread,TIME_STOP,other,-0.005499999999999838,0.005499999999999838,0.8324999999999991,0.8412418365478516,0.8368709182739253,0.005499999999999838,True
kxukcpiyoy26apr22t37-0xbef75184,KXUKCPIYOY-26APR22-T3.7,long_spread,TIME_STOP,inflation,0.0,0.0,-0.7650000000000038,-0.7644715309143066,-0.7647357654571552,0.0,True
kxezgdpqoqf26apr30t01-0x88d5a8b1,KXEZGDPQOQF-26APR30-T0.1,short_spread,TIME_STOP,gdp,0.0045000000000000595,-0.0045000000000000595,0.5625000000000048,0.5576260685920715,0.5600630342960382,-0.0045000000000000595,True
kxmusknw26apr30t610-0x88b2a7dd,KXMUSKNW-26APR30-T610,short_spread,TIME_STOP,other,-0.02499999999999991,0.02499999999999991,0.570000000000003,0.5684809684753418,0.5692404842376724,0.02499999999999991,True
kxukcpiyoy26apr22t36-0xbef75184,KXUKCPIYOY-26APR22-T3.6,long_spread,TIME_STOP,inflation,-0.010000000000000009,0.010000000000000009,-0.6100000000000024,-0.5904972553253174,-0.60024862766266,-0.010000000000000009,True
kxgdp26apr30t10-0x88d5a8b1,KXGDP-26APR30-T1.0,short_spread,TIME_STOP,gdp,0.001000000000000112,-0.001000000000000112,0.7924999999999994,0.7946387529373169,0.7935693764686582,-0.001000000000000112,True
kxfrgdpqoqp26apr30t01-0x88d5a8b1,KXFRGDPQOQP-26APR30-T0.1,short_spread,TIME_STOP,gdp,-0.0005000000000000004,0.0005000000000000004,0.34249999999999997,0.33873212337493896,0.3406160616874695,0.0005000000000000004,True
kxcpiyoy26aprt36-0xa7abe7ea,KXCPIYOY-26APR-T3.6,short_spread,TIME_STOP,inflation,0.0050000000000000044,-0.0050000000000000044,0.39499999999999963,0.3981340527534485,0.39656702637672403,-0.0050000000000000044,True
kxezgdpqoqf26apr30t01-0xbf7d903a,KXEZGDPQOQF-26APR30-T0.1,short_spread,TIME_STOP,gdp,-0.016500000000000015,0.016500000000000015,0.43800000000000433,0.43372419476509094,0.43586209738254766,0.016500000000000015,True
kxukcpiyoy26apr22t35-0xbef75184,KXUKCPIYOY-26APR22-T3.5,long_spread,TIME_STOP,inflation,0.014999999999999902,-0.014999999999999902,-0.5200000000000006,-0.5186235308647156,-0.519311765432358,0.014999999999999902,True
kxpayrolls26aprt10000-0x73f2be73,KXPAYROLLS-26APR-T10000,short_spread,TIME_STOP,other,-0.025000000000000022,0.025000000000000022,0.6300000000000047,0.6330998539924622,0.6315499269962335,0.025000000000000022,True
kxdegdpyoyf26apr30t05-0x88d5a8b1,KXDEGDPYOYF-26APR30-T0.5,short_spread,TIME_STOP,gdp,-0.0005000000000000004,0.0005000000000000004,0.33749999999999636,0.33537957072257996,0.33643978536128816,0.0005000000000000004,True
kxdegdpyoyf26apr30t01-0x88d5a8b1,KXDEGDPYOYF-26APR30-T0.1,short_spread,TIME_STOP,gdp,-0.0004999999999999449,0.0004999999999999449,0.8225000000000001,0.8190688490867615,0.8207844245433809,0.0004999999999999449,True
kxezgdpyoyf26apr30t0-0xbf7d903a,KXEZGDPYOYF-26APR30-T0,short_spread,TIME_STOP,other,-0.021500000000000075,0.021500000000000075,0.7430000000000011,0.7460740208625793,0.7445370104312903,0.021500000000000075,True
kxgdp26apr30t15-0xbf7d903a,KXGDP-26APR30-T1.5,short_spread,TIME_STOP,gdp,0.00849999999999973,-0.00849999999999973,0.5374999999999998,0.5428932905197144,0.540196645259857,-0.00849999999999973,True
kxgdp26apr30t10-0xbf7d903a,KXGDP-26APR30-T1.0,short_spread,TIME_STOP,gdp,-0.020000000000000018,0.020000000000000018,0.6679999999999997,0.6748319268226624,0.671415963411331,0.020000000000000018,True
kxcpiyoy26aprt23-0x1f61db83,KXCPIYOY-26APR-T2.3,short_spread,TIME_STOP,inflation,0.0,0.0,0.4549999999999937,0.4493352770805359,0.45216763854026476,0.0,True
kxmusknw26apr30t610-0x0f8ff5a3,KXMUSKNW-26APR30-T610,short_spread,TIME_STOP,other,-0.029999999999999916,0.029999999999999916,0.6250000000000034,0.6171998381614685,0.621099919080736,0.029999999999999916,True
kxcpiyoy26aprt35-0xa792f029,KXCPIYOY-26APR-T3.5,short_spread,TIME_STOP,inflation,-0.010000000000000009,0.010000000000000009,0.5300000000000018,0.5308340191841125,0.5304170095920572,0.010000000000000009,True
kxcpiyoy26aprt32-0x1f61db83,KXCPIYOY-26APR-T3.2,short_spread,TIME_STOP,inflation,0.0,0.0,0.42500000000000265,0.42497193813323975,0.4249859690666212,0.0,True
kxmusknw26apr30t620-0x88b2a7dd,KXMUSKNW-26APR30-T620,short_spread,TIME_STOP,other,0.0050000000000000044,-0.0050000000000000044,0.5000000000000029,0.5004804730415344,0.5002402365207687,-0.0050000000000000044,True
kxezgdpyoyf26apr30t02-0xbf7d903a,KXEZGDPYOYF-26APR30-T0.2,short_spread,TIME_STOP,other,-0.021500000000000075,0.021500000000000075,0.7380000000000017,0.7350436449050903,0.736521822452546,0.021500000000000075,True
kxcpiyoy26aprt39-0xbef75184,KXCPIYOY-26APR-T3.9,long_spread,TIME_STOP,inflation,0.0,0.0,-0.8400000000000024,-0.8394457697868347,-0.8397228848934186,0.0,True
kxcpiyoy26aprt31-0x1f61db83,KXCPIYOY-26APR-T3.1,short_spread,TIME_STOP,inflation,0.0,0.0,0.4549999999999989,0.4493352770805359,0.4521676385402674,0.0,True
kxcpiyoy26aprt33-0x1f61db83,KXCPIYOY-26APR-T3.3,short_spread,TIME_STOP,inflation,0.0,0.0,0.420000000000001,0.41872692108154297,0.419363460540772,0.0,True
kxfrgdpyoyp26apr30t0-0xbf7d903a,KXFRGDPYOYP-26APR30-T0,short_spread,MOMENTUM,other,-0.07650000000000001,0.07650000000000001,0.7029999999999982,0.7000737190246582,0.7015368595123281,0.07650000000000001,True
kxukcpiyoy26apr22t32-0x1f61db83,KXUKCPIYOY-26APR22-T3.2,short_spread,TIME_STOP,inflation,0.0,0.0,0.3499999999999906,0.35900524258613586,0.3545026212930632,0.0,True
kxukcpiyoy26apr22t3-0x1f61db83,KXUKCPIYOY-26APR22-T3,short_spread,TIME_STOP,inflation,0.0,0.0,0.39499999999998053,0.3962639272212982,0.39563196361063935,0.0,True
kxdegdpyoyf26apr30t04-0x88d5a8b1,KXDEGDPYOYF-26APR30-T0.4,short_spread,TIME_STOP,gdp,-0.0005000000000000004,0.0005000000000000004,0.45749999999999647,0.45843881368637085,0.45796940684318366,0.0005000000000000004,True
kxtop3wealth26dec31jeff-0x350f0bbf,KXTOP3WEALTH-26DEC31-JEFF,short_spread,MOMENTUM,other,0.0040000000000000036,-0.0040000000000000036,0.45600000000000307,0.4505125880241394,0.45325629401207124,-0.0040000000000000036,True
kxdoge26apr1517b0092-0x49f92406,KXDOGE-26APR1517-B0.092,short_spread,RESOLUTION_EXIT,crypto,0.0,0.0,0.7065000000000049,0.6997766494750977,0.7031383247375513,0.0,True
kxtechlayoff26mar20-0x74f19011,KXTECHLAYOFF-26MAR-2.0,long_spread,RESOLUTION_EXIT,other,0.0,0.0,-0.6349999999999966,-0.6301697492599487,-0.6325848746299727,0.0,True
kxdoged26apr1422t01049999-0x5b919435,KXDOGED-26APR1422-T0.1049999,short_spread,RESOLUTION_EXIT,crypto,0.0,0.0,0.770000000000005,0.7651057839393616,0.7675528919696832,0.0,True
kxkatzout26jan0127jan01-0xb25a93dc,KXKATZOUT-26JAN01-27JAN01,short_spread,RESOLUTION_EXIT,other,0.0,0.0,0.4335000000000001,0.43367868661880493,0.4335893433094025,0.0,True
kxfisaextend26mar-0x61212670,KXFISAEXTEND-26MAR,short_spread,RESOLUTION_EXIT,other,-0.04999999999999993,0.04999999999999993,0.5200000000000032,0.5150681734085083,0.5175340867042557,0.04999999999999993,True
kxkatzout26jan0127jan01-0xb25a93dc,KXKATZOUT-26JAN01-27JAN01,short_spread,RESOLUTION_EXIT,other,0.0,0.0,0.4334999999999992,0.43367868661880493,0.4335893433094021,0.0,True
kxdoged26apr1517t00999999-0x49f92406,KXDOGED-26APR1517-T0.0999999,short_spread,RESOLUTION_EXIT,crypto,-0.0005000000000000004,0.0005000000000000004,0.35650000000000487,0.35780414938926697,0.35715207469463595,0.0005000000000000004,True
kxtechlayoff26mar20-0x74f19011,KXTECHLAYOFF-26MAR-2.0,long_spread,RESOLUTION_EXIT,other,0.0,0.0,-0.6350000000000066,-0.6301697492599487,-0.6325848746299776,0.0,True
kxfisaextend26mar-0x61212670,KXFISAEXTEND-26MAR,short_spread,RESOLUTION_EXIT,other,0.0050000000000000044,-0.0050000000000000044,0.34000000000000424,0.338777631521225,0.33938881576061464,-0.0050000000000000044,True
kxdoged26apr1517t00899999-0x49f92406,KXDOGED-26APR1517-T0.0899999,short_spread,RESOLUTION_EXIT,crypto,-0.0004999999999999449,0.0004999999999999449,0.5965000000000048,0.5989718437194824,0.5977359218597436,0.0004999999999999449,True
kxdoge26apr1517b0092-0x49f92406,KXDOGE-26APR1517-B0.092,short_spread,RESOLUTION_EXIT,crypto,-0.0004999999999999449,0.0004999999999999449,0.7065000000000049,0.6997766494750977,0.7031383247375513,0.0004999999999999449,True
kxdoged26apr1517t00849999-0x49f92406,KXDOGED-26APR1517-T0.0849999,short_spread,RESOLUTION_EXIT,crypto,-0.0004999999999999449,0.0004999999999999449,0.5965000000000048,0.5989718437194824,0.5977359218597436,0.0004999999999999449,True
kxtruthsocial26apr18b189-0x8cec42fa,KXTRUTHSOCIAL-26APR18-B189,long_spread,TIME_STOP,other,0.0,0.0,-0.35499999999999576,-0.3592652380466461,-0.35713261902332094,0.0,True
kxcacpiyoy26apr20t22-0x1f61db83,KXCACPIYOY-26APR20-T2.2,short_spread,TIME_STOP,inflation,0.0,0.0,0.4000000000000005,0.4006912410259247,0.40034562051296263,0.0,True
kxtruthsocial26apr18b89-0xfe0744d8,KXTRUTHSOCIAL-26APR18-B89,long_spread,TIME_STOP,other,0.0,0.0,-0.37000000000000915,-0.3679612874984741,-0.36898064374924167,0.0,True
kxcacpiyoy26apr20t32-0x1f61db83,KXCACPIYOY-26APR20-T3.2,long_spread,TIME_STOP,inflation,0.0,0.0,-0.4999999999999985,-0.5013182163238525,-0.5006591081619255,0.0,True
kxcacpiyoy26apr20t26-0xa7abe7ea,KXCACPIYOY-26APR20-T2.6,short_spread,TIME_STOP,inflation,0.0,0.0,0.5500000000000024,0.5564754605293274,0.5532377302646649,0.0,True
kxtruthsocial26apr18b210-0x8cec42fa,KXTRUTHSOCIAL-26APR18-B210,long_spread,TIME_STOP,other,0.0,0.0,-0.40499999999999603,-0.4095577001571655,-0.4072788500785808,0.0,True
kxcacpiyoy26apr20t26-0x29c639f7,KXCACPIYOY-26APR20-T2.6,short_spread,TIME_STOP,inflation,0.008500000000000008,-0.008500000000000008,0.434500000000002,0.43379682302474976,0.4341484115123759,-0.008500000000000008,True
kxtruthsocial26apr18b169-0x8cec42fa,KXTRUTHSOCIAL-26APR18-B169,long_spread,TIME_STOP,other,0.010000000000000009,-0.010000000000000009,-0.37500000000000416,-0.3803313970565796,-0.3776656985282919,0.010000000000000009,True
kxcacpiyoy26apr20t22-0x29c639f7,KXCACPIYOY-26APR20-T2.2,short_spread,TIME_STOP,inflation,0.008499999999999952,-0.008499999999999952,0.6695000000000012,0.6745906472206116,0.6720453236103063,-0.008499999999999952,True
kxcacpiyoy26apr20t21-0x29c639f7,KXCACPIYOY-26APR20-T2.1,short_spread,TIME_STOP,inflation,0.008499999999999952,-0.008499999999999952,0.6845000000000013,0.6849234104156494,0.6847117052078253,-0.008499999999999952,True
kxcacpiyoy26apr20t24-0x1f61db83,KXCACPIYOY-26APR20-T2.4,short_spread,TIME_STOP,inflation,0.0,0.0,0.3900000000000002,0.38765546679496765,0.3888277333974839,0.0,True
kxcacpiyoy26apr20t23-0x29c639f7,KXCACPIYOY-26APR20-T2.3,short_spread,TIME_STOP,inflation,0.008499999999999952,-0.008499999999999952,0.659500000000001,0.6546605229377747,0.6570802614688878,-0.008499999999999952,True
kxtruthsocial26apr18t220-0x8cec42fa,KXTRUTHSOCIAL-26APR18-T220,long_spread,TIME_STOP,other,0.0,0.0,-0.405000000000009,-0.4088065028190613,-0.40690325140953515,0.0,True
kxcacpiyoy26apr20t31-0x1f61db83,KXCACPIYOY-26APR20-T3.1,long_spread,TIME_STOP,inflation,0.0,0.0,-0.4799999999999985,-0.47718721628189087,-0.47859360814094465,0.0,True
kxcacpiyoy26apr20t21-0x1f61db83,KXCACPIYOY-26APR20-T2.1,short_spread,TIME_STOP,inflation,0.0,0.0,0.4150000000000004,0.41864222288131714,0.4168211114406588,0.0,True
kxcacpiyoy26apr20t23-0x1f61db83,KXCACPIYOY-26APR20-T2.3,short_spread,TIME_STOP,inflation,0.0,0.0,0.3900000000000002,0.38765546679496765,0.3888277333974839,0.0,True
kxcacpiyoy26apr20t25-0x29c639f7,KXCACPIYOY-26APR20-T2.5,short_spread,TIME_STOP,inflation,0.008499999999999952,-0.008499999999999952,0.5495000000000013,0.5429394245147705,0.546219712257386,-0.008499999999999952,True
kxcacpiyoy26apr20t19-0x29c639f7,KXCACPIYOY-26APR20-T1.9,short_spread,TIME_STOP,inflation,0.008500000000000063,-0.008500000000000063,0.7095000000000042,0.7136744260787964,0.7115872130394003,-0.008500000000000063,True
kxcacpiyoy26apr20t3-0x1f61db83,KXCACPIYOY-26APR20-T3,long_spread,TIME_STOP,inflation,0.0,0.0,-0.45499999999999846,-0.4537201523780823,-0.4543600761890404,0.0,True
kxcacpiyoy26apr20t18-0x29c639f7,KXCACPIYOY-26APR20-T1.8,short_spread,TIME_STOP,inflation,0.008500000000000063,-0.008500000000000063,0.7095000000000042,0.7136744260787964,0.7115872130394003,-0.008500000000000063,True
kxcacpiyoy26apr20t2-0x1f61db83,KXCACPIYOY-26APR20-T2,short_spread,TIME_STOP,inflation,0.0,0.0,0.44000000000000344,0.4438614547252655,0.4419307273626345,0.0,True
kxcacpiyoy26apr20t2-0x29c639f7,KXCACPIYOY-26APR20-T2,short_spread,TIME_STOP,inflation,0.008500000000000063,-0.008500000000000063,0.7095000000000042,0.7136744260787964,0.7115872130394003,-0.008500000000000063,True
kxcacpiyoy26apr20t25-0xa792f029,KXCACPIYOY-26APR20-T2.5,short_spread,TIME_STOP,inflation,0.0,0.0,0.6050000000000019,0.6092422604560852,0.6071211302280435,0.0,True
kxtruthsocial26apr18b109-0xfe0744d8,KXTRUTHSOCIAL-26APR18-B109,long_spread,TIME_STOP,other,0.0,0.0,-0.3100000000000066,-0.3211524486541748,-0.3155762243270907,0.0,True
kxcacpiyoy26apr20t24-0x29c639f7,KXCACPIYOY-26APR20-T2.4,short_spread,TIME_STOP,inflation,0.008499999999999952,-0.008499999999999952,0.659500000000001,0.6546605229377747,0.6570802614688878,-0.008499999999999952,True
kxkatzout26jan0127jan01-0xb25a93dc,KXKATZOUT-26JAN01-27JAN01,short_spread,RESOLUTION_EXIT,other,0.0,0.0,0.4334999999999992,0.43367868661880493,0.4335893433094021,0.0,True
kxdoge26apr1517b0092-0x49f92406,KXDOGE-26APR1517-B0.092,short_spread,RESOLUTION_EXIT,crypto,0.0004999999999999449,-0.0004999999999999449,0.707000000000005,0.7130123972892761,0.7100061986446405,-0.0004999999999999449,True
kxtechlayoff26mar20-0x74f19011,KXTECHLAYOFF-26MAR-2.0,long_spread,RESOLUTION_EXIT,other,0.0,0.0,-0.6350000000000066,-0.6301697492599487,-0.6325848746299776,0.0,True
kxdoged26apr1517t00849999-0x49f92406,KXDOGED-26APR1517-T0.0849999,short_spread,RESOLUTION_EXIT,crypto,0.0004999999999999449,-0.0004999999999999449,0.5970000000000049,0.5989718437194824,0.5979859218597436,-0.0004999999999999449,True
kxdoged26apr1517t00899999-0x49f92406,KXDOGED-26APR1517-T0.0899999,short_spread,RESOLUTION_EXIT,crypto,0.0004999999999999449,-0.0004999999999999449,0.5970000000000049,0.5989718437194824,0.5979859218597436,-0.0004999999999999449,True
kxfisaextend26mar-0x61212670,KXFISAEXTEND-26MAR,short_spread,RESOLUTION_EXIT,other,0.0050000000000000044,-0.0050000000000000044,0.34500000000000425,0.338777631521225,0.3418888157606146,-0.0050000000000000044,True
kxdoged26apr1517t00999999-0x49f92406,KXDOGED-26APR1517-T0.0999999,short_spread,RESOLUTION_EXIT,crypto,0.0005000000000000004,-0.0005000000000000004,0.35700000000000487,0.35780414938926697,0.3574020746946359,-0.0005000000000000004,True
kxezgdpqoqf26apr30t09-0xae2373aa,KXEZGDPQOQF-26APR30-T0.9,long_spread,MOMENTUM,gdp,0.020500000000000018,-0.020500000000000018,-0.32099999999999934,-0.31667250394821167,-0.3188362519741055,0.020500000000000018,True
kxpayrolls26aprt30000-0x73f2be73,KXPAYROLLS-26APR-T30000,short_spread,TIME_STOP,other,-0.03500000000000003,0.03500000000000003,0.5250000000000047,0.5309202671051025,0.5279601335525537,0.03500000000000003,True
kxpayrolls26aprt50000-0x73f2be73,KXPAYROLLS-26APR-T50000,short_spread,TIME_STOP,other,-0.034999999999999976,0.034999999999999976,0.4250000000000047,0.42589130997657776,0.42544565498829123,0.034999999999999976,True
kxpayrolls26aprt40000-0x73f2be73,KXPAYROLLS-26APR-T40000,short_spread,TIME_STOP,other,-0.034999999999999976,0.034999999999999976,0.46500000000000463,0.467087984085083,0.4660439920425438,0.034999999999999976,True
kxpayrolls26aprt60000-0x73f2be73,KXPAYROLLS-26APR-T60000,short_spread,TIME_STOP,other,-0.034999999999999976,0.034999999999999976,0.3650000000000046,0.3676168918609619,0.3663084459304833,0.034999999999999976,True
kxpayrolls26aprt70000-0x73f2be73,KXPAYROLLS-26APR-T70000,short_spread,TIME_STOP,other,-0.034999999999999976,0.034999999999999976,0.30500000000000455,0.3161902129650116,0.3105951064825081,0.034999999999999976,True
kxpayrolls26aprt25000-0x73f2be73,KXPAYROLLS-26APR-T-25000,short_spread,TIME_STOP,other,-0.03500000000000003,0.03500000000000003,0.7450000000000048,0.7465579509735107,0.7457789754867578,0.03500000000000003,True
kxpayrolls26aprt20000-0x73f2be73,KXPAYROLLS-26APR-T20000,short_spread,TIME_STOP,other,-0.039999999999999925,0.039999999999999925,0.5650000000000045,0.5684809684753418,0.5667404842376731,0.039999999999999925,True
kxfrgdpyoyp26apr30t06-0xbf7d903a,KXFRGDPYOYP-26APR30-T0.6,short_spread,MOMENTUM,other,-0.019000000000000128,0.019000000000000128,0.5979999999999988,0.5988966226577759,0.5984483113288873,0.019000000000000128,True
kxdoged26apr1517t00999999-0x49f92406,KXDOGED-26APR1517-T0.0999999,short_spread,RESOLUTION_EXIT,crypto,-0.009000000000000008,0.009000000000000008,0.35800000000000487,0.35780414938926697,0.3579020746946359,0.009000000000000008,True
kxdoged26apr1517t00849999-0x49f92406,KXDOGED-26APR1517-T0.0849999,short_spread,RESOLUTION_EXIT,crypto,0.0010000000000000009,-0.0010000000000000009,0.5880000000000049,0.5837532877922058,0.5858766438961054,-0.0010000000000000009,True
kxfisaextend26mar-0x61212670,KXFISAEXTEND-26MAR,short_spread,RESOLUTION_EXIT,other,0.0,0.0,0.34000000000000424,0.338777631521225,0.33938881576061464,0.0,True
kxkatzout26jan0127jan01-0xb25a93dc,KXKATZOUT-26JAN01-27JAN01,short_spread,RESOLUTION_EXIT,other,0.0,0.0,0.4334999999999991,0.43367868661880493,0.433589343309402,0.0,True
kxtechlayoff26mar20-0x74f19011,KXTECHLAYOFF-26MAR-2.0,long_spread,RESOLUTION_EXIT,other,0.0,0.0,-0.6350000000000068,-0.6301697492599487,-0.6325848746299778,0.0,True
kxdoge26apr1517b0092-0x49f92406,KXDOGE-26APR1517-B0.092,short_spread,RESOLUTION_EXIT,crypto,0.015999999999999903,-0.015999999999999903,0.7730000000000049,0.7772345542907715,0.7751172771453883,-0.015999999999999903,True
kxdoged26apr1517t00899999-0x49f92406,KXDOGED-26APR1517-T0.0899999,short_spread,RESOLUTION_EXIT,crypto,0.01100000000000001,-0.01100000000000001,0.5980000000000049,0.5989718437194824,0.5984859218597436,-0.01100000000000001,True
kxcacpiyoy26apr20t23-0x29c639f7,KXCACPIYOY-26APR20-T2.3,short_spread,TIME_STOP,inflation,0.008500000000000063,-0.008500000000000063,0.6680000000000009,0.6745906472206116,0.6712953236103063,-0.008500000000000063,True
kxcacpiyoy26apr20t2-0x1f61db83,KXCACPIYOY-26APR20-T2,short_spread,TIME_STOP,inflation,0.0,0.0,0.439999999999999,0.4438614547252655,0.4419307273626323,0.0,True
kxcacpiyoy26apr20t2-0x29c639f7,KXCACPIYOY-26APR20-T2,short_spread,TIME_STOP,inflation,0.008499999999999952,-0.008499999999999952,0.7180000000000003,0.7136744260787964,0.7158372130393984,-0.008499999999999952,True
kxcacpiyoy26apr20t24-0x29c639f7,KXCACPIYOY-26APR20-T2.4,short_spread,TIME_STOP,inflation,0.008500000000000063,-0.008500000000000063,0.6680000000000009,0.6745906472206116,0.6712953236103063,-0.008500000000000063,True
kxdegdpyoyf26apr30t01-0xb0c7a573,KXDEGDPYOYF-26APR30-T0.1,short_spread,MOMENTUM,gdp,-0.014500000000000068,0.014500000000000068,0.563499999999998,0.5688044428825378,0.566152221441268,0.014500000000000068,True
kxcacpiyoy26apr20t22-0x1f61db83,KXCACPIYOY-26APR20-T2.2,short_spread,TIME_STOP,inflation,0.0,0.0,0.4000000000000005,0.4006912410259247,0.40034562051296263,0.0,True
kxcacpiyoy26apr20t18-0x29c639f7,KXCACPIYOY-26APR20-T1.8,short_spread,TIME_STOP,inflation,0.008499999999999952,-0.008499999999999952,0.7180000000000042,0.7136744260787964,0.7158372130394003,-0.008499999999999952,True
kxdegdpyoyf26apr30t0-0xb0c7a573,KXDEGDPYOYF-26APR30-T0,short_spread,MOMENTUM,gdp,-0.014500000000000068,0.014500000000000068,0.5935000000000007,0.5992227792739868,0.5963613896369937,0.014500000000000068,True
kxdegdpyoyf26apr30t03-0xb0c7a573,KXDEGDPYOYF-26APR30-T0.3,short_spread,MOMENTUM,gdp,-0.014500000000000013,0.014500000000000013,0.35349999999999565,0.3579222857952118,0.35571114289760375,0.014500000000000013,True
kxcacpiyoy26apr20t19-0x29c639f7,KXCACPIYOY-26APR20-T1.9,short_spread,TIME_STOP,inflation,0.008499999999999952,-0.008499999999999952,0.717999999999999,0.7136744260787964,0.7158372130393977,-0.008499999999999952,True
kxcacpiyoy26apr20t24-0x1f61db83,KXCACPIYOY-26APR20-T2.4,short_spread,TIME_STOP,inflation,0.0,0.0,0.39000000000000007,0.38765546679496765,0.3888277333974839,0.0,True
kxcacpiyoy26apr20t25-0xa792f029,KXCACPIYOY-26APR20-T2.5,short_spread,TIME_STOP,inflation,0.0,0.0,0.6050000000000018,0.6092422604560852,0.6071211302280435,0.0,True
kxcacpiyoy26apr20t22-0x29c639f7,KXCACPIYOY-26APR20-T2.2,short_spread,TIME_STOP,inflation,0.008500000000000063,-0.008500000000000063,0.6780000000000012,0.6745906472206116,0.6762953236103064,-0.008500000000000063,True
kxcacpiyoy26apr20t23-0x1f61db83,KXCACPIYOY-26APR20-T2.3,short_spread,TIME_STOP,inflation,0.0,0.0,0.39000000000000007,0.38765546679496765,0.3888277333974839,0.0,True
kxdegdpyoyf26apr30t02-0xb0c7a573,KXDEGDPYOYF-26APR30-T0.2,short_spread,MOMENTUM,gdp,-0.014500000000000068,0.014500000000000068,0.5334999999999963,0.5309901237487793,0.5322450618743878,0.014500000000000068,True
kxcacpiyoy26apr20t26-0x29c639f7,KXCACPIYOY-26APR20-T2.6,short_spread,TIME_STOP,inflation,-0.006499999999999895,0.006499999999999895,0.4280000000000019,0.42581838369369507,0.4269091918468485,0.006499999999999895,True
kxcacpiyoy26apr20t25-0x29c639f7,KXCACPIYOY-26APR20-T2.5,short_spread,TIME_STOP,inflation,0.008500000000000063,-0.008500000000000063,0.5580000000000013,0.5573946833610535,0.5576973416805273,-0.008500000000000063,True
kxcacpiyoy26apr20t21-0x1f61db83,KXCACPIYOY-26APR20-T2.1,short_spread,TIME_STOP,inflation,0.0,0.0,0.41499999999999965,0.41864222288131714,0.41682111144065837,0.0,True
kxcacpiyoy26apr20t26-0xa7abe7ea,KXCACPIYOY-26APR20-T2.6,short_spread,TIME_STOP,inflation,-0.014999999999999902,0.014999999999999902,0.5350000000000024,0.5309388041496277,0.532969402074815,0.014999999999999902,True
kxcacpiyoy26apr20t21-0x29c639f7,KXCACPIYOY-26APR20-T2.1,short_spread,TIME_STOP,inflation,0.008500000000000063,-0.008500000000000063,0.693,0.6995062232017517,0.6962531116008759,-0.008500000000000063,True
kxdoged26apr1517t00899999-0x49f92406,KXDOGED-26APR1517-T0.0899999,short_spread,RESOLUTION_EXIT,crypto,0.0,0.0,0.5975000000000048,0.5989718437194824,0.5982359218597436,0.0,True
kxdoged26apr1517t00999999-0x49f92406,KXDOGED-26APR1517-T0.0999999,short_spread,RESOLUTION_EXIT,crypto,0.0,0.0,0.35750000000000487,0.35780414938926697,0.3576520746946359,0.0,True
kxfisaextend26mar-0x61212670,KXFISAEXTEND-26MAR,short_spread,RESOLUTION_EXIT,other,0.0,0.0,0.34000000000000424,0.338777631521225,0.33938881576061464,0.0,True
kxdoged26apr1517t00849999-0x49f92406,KXDOGED-26APR1517-T0.0849999,short_spread,RESOLUTION_EXIT,crypto,0.0,0.0,0.5875000000000049,0.5837532877922058,0.5856266438961053,0.0,True
kxtechlayoff26mar20-0x74f19011,KXTECHLAYOFF-26MAR-2.0,long_spread,RESOLUTION_EXIT,other,0.0,0.0,-0.6350000000000068,-0.6301697492599487,-0.6325848746299778,0.0,True
kxdoge26apr1517b0092-0x49f92406,KXDOGE-26APR1517-B0.092,short_spread,RESOLUTION_EXIT,crypto,0.019999999999999907,-0.019999999999999907,0.772500000000005,0.7772345542907715,0.7748672771453882,-0.019999999999999907,True
kxkatzout26jan0127jan01-0xb25a93dc,KXKATZOUT-26JAN01-27JAN01,short_spread,RESOLUTION_EXIT,other,0.0,0.0,0.4334999999999991,0.43367868661880493,0.433589343309402,0.0,True
kxdoged26apr1517t00849999-0x49f92406,KXDOGED-26APR1517-T0.0849999,short_spread,RESOLUTION_EXIT,crypto,-0.000500000000000056,0.000500000000000056,0.5870000000000049,0.5837532877922058,0.5853766438961053,0.000500000000000056,True
kxdoged26apr1517t00899999-0x49f92406,KXDOGED-26APR1517-T0.0899999,short_spread,RESOLUTION_EXIT,crypto,0.1844999999999999,-0.1844999999999999,0.782000000000005,0.7772345542907715,0.7796172771453882,-0.1844999999999999,True
kxdoged26apr1517t00999999-0x49f92406,KXDOGED-26APR1517-T0.0999999,short_spread,RESOLUTION_EXIT,crypto,-0.0005000000000000004,0.0005000000000000004,0.35700000000000487,0.35780414938926697,0.3574020746946359,0.0005000000000000004,True
kxdoge26apr1517b0092-0x49f92406,KXDOGE-26APR1517-B0.092,short_spread,RESOLUTION_EXIT,crypto,-0.000500000000000056,0.000500000000000056,0.7720000000000049,0.7772345542907715,0.7746172771453882,0.000500000000000056,True
kxukcpiyoy26apr22t34-0xbef75184,KXUKCPIYOY-26APR22-T3.4,long_spread,TIME_STOP,inflation,-0.010000000000000009,0.010000000000000009,-0.29999999999999943,-0.3056868314743042,-0.3028434157371518,-0.010000000000000009,True
kxmusknw26apr30t600-0xa4e4a9dc,KXMUSKNW-26APR30-T600,short_spread,TIME_STOP,other,-0.030000000000000027,0.030000000000000027,0.6550000000000048,0.6545616984367371,0.6547808492183709,0.030000000000000027,True
kxcpiyoy26aprt37-0xbef75184,KXCPIYOY-26APR-T3.7,long_spread,TIME_STOP,inflation,-0.0050000000000000044,0.0050000000000000044,-0.5450000000000038,-0.5607494711875916,-0.5528747355937977,-0.0050000000000000044,True
kxkatzout26jan0127jan01-0xb25a93dc,KXKATZOUT-26JAN01-27JAN01,short_spread,RESOLUTION_EXIT,other,0.0,0.0,0.433500000000005,0.43367868661880493,0.43358934330940496,0.0,True
kxtechlayoff26mar20-0x74f19011,KXTECHLAYOFF-26MAR-2.0,long_spread,RESOLUTION_EXIT,other,0.0,0.0,-0.6349999999999966,-0.6301697492599487,-0.6325848746299727,0.0,True
kxfisaextend26mar-0x61212670,KXFISAEXTEND-26MAR,short_spread,RESOLUTION_EXIT,other,0.0,0.0,0.34000000000000424,0.338777631521225,0.33938881576061464,0.0,True
kxdegdpyoyf26apr30t03-0xb0c7a573,KXDEGDPYOYF-26APR30-T0.3,short_spread,MOMENTUM,gdp,-0.02100000000000002,0.02100000000000002,0.3324999999999953,0.33536696434020996,0.33393348217010266,0.02100000000000002,True
kxdegdpyoyf26apr30t0-0xb0c7a573,KXDEGDPYOYF-26APR30-T0,short_spread,MOMENTUM,gdp,-0.02100000000000002,0.02100000000000002,0.5725000000000006,0.5686736702919006,0.5705868351459507,0.02100000000000002,True
kxdegdpyoyf26apr30t02-0xb0c7a573,KXDEGDPYOYF-26APR30-T0.2,short_spread,MOMENTUM,gdp,-0.02100000000000002,0.02100000000000002,0.512499999999996,0.5150935053825378,0.5137967526912669,0.02100000000000002,True
kxdegdpyoyf26apr30t01-0xb0c7a573,KXDEGDPYOYF-26APR30-T0.1,short_spread,MOMENTUM,gdp,-0.02100000000000002,0.02100000000000002,0.5424999999999978,0.5432909727096558,0.5428954863548268,0.02100000000000002,True
kxtechlayoff26mar20-0x74f19011,KXTECHLAYOFF-26MAR-2.0,long_spread,RESOLUTION_EXIT,other,0.0,0.0,-0.6350000000000066,-0.6301697492599487,-0.6325848746299776,0.0,True
kxfisaextend26mar-0x61212670,KXFISAEXTEND-26MAR,short_spread,RESOLUTION_EXIT,other,0.0,0.0,0.34000000000000424,0.338777631521225,0.33938881576061464,0.0,True
kxkatzout26jan0127jan01-0xb25a93dc,KXKATZOUT-26JAN01-27JAN01,short_spread,RESOLUTION_EXIT,other,0.0,0.0,0.4334999999999992,0.43367868661880493,0.4335893433094021,0.0,True
kxcacpiyoy26apr20t22-0x29c639f7,KXCACPIYOY-26APR20-T2.2,short_spread,TIME_STOP,inflation,0.007499999999999951,-0.007499999999999951,0.685500000000001,0.6849234104156494,0.6852117052078253,-0.007499999999999951,True
kxdoged26apr1517t00999999-0x49f92406,KXDOGED-26APR1517-T0.0999999,short_spread,TIME_STOP,crypto,-0.00599999999999995,0.00599999999999995,0.3505000000000048,0.35780414938926697,0.3541520746946359,0.00599999999999995,True
kxcacpiyoy26apr20t24-0x1f61db83,KXCACPIYOY-26APR20-T2.4,short_spread,TIME_STOP,inflation,0.0,0.0,0.38999999999999996,0.38765546679496765,0.3888277333974838,0.0,True
kxcacpiyoy26apr20t24-0x29c639f7,KXCACPIYOY-26APR20-T2.4,short_spread,TIME_STOP,inflation,0.007499999999999951,-0.007499999999999951,0.6755000000000008,0.6745906472206116,0.6750453236103062,-0.007499999999999951,True
kxdoged26apr1517t00899999-0x49f92406,KXDOGED-26APR1517-T0.0899999,short_spread,TIME_STOP,crypto,0.0040000000000000036,-0.0040000000000000036,0.785500000000005,0.7854318022727966,0.7854659011364008,-0.0040000000000000036,True
kxcacpiyoy26apr20t25-0xa792f029,KXCACPIYOY-26APR20-T2.5,short_spread,TIME_STOP,inflation,0.0,0.0,0.6050000000000016,0.6092422604560852,0.6071211302280435,0.0,True
kxcacpiyoy26apr20t21-0x29c639f7,KXCACPIYOY-26APR20-T2.1,short_spread,TIME_STOP,inflation,0.007499999999999951,-0.007499999999999951,0.7004999999999985,0.6995062232017517,0.7000031116008751,-0.007499999999999951,True
kxcacpiyoy26apr20t23-0x1f61db83,KXCACPIYOY-26APR20-T2.3,short_spread,TIME_STOP,inflation,0.0,0.0,0.38999999999999996,0.38765546679496765,0.3888277333974838,0.0,True
kxcacpiyoy26apr20t18-0x29c639f7,KXCACPIYOY-26APR20-T1.8,short_spread,TIME_STOP,inflation,0.007500000000000062,-0.007500000000000062,0.7254999999999895,0.7240689396858215,0.7247844698429056,-0.007500000000000062,True
kxcacpiyoy26apr20t22-0x1f61db83,KXCACPIYOY-26APR20-T2.2,short_spread,TIME_STOP,inflation,0.0,0.0,0.4000000000000001,0.4006912410259247,0.4003456205129624,0.0,True
kxdoge26apr1517b0092-0x49f92406,KXDOGE-26APR1517-B0.092,short_spread,TIME_STOP,crypto,0.11400000000000005,-0.11400000000000005,0.6055000000000049,0.6094736456871033,0.6074868228435542,-0.11400000000000005,True
kxcacpiyoy26apr20t26-0xa7abe7ea,KXCACPIYOY-26APR20-T2.6,short_spread,TIME_STOP,inflation,0.0,0.0,0.5350000000000023,0.5309388041496277,0.532969402074815,0.0,True
kxcacpiyoy26apr20t2-0x29c639f7,KXCACPIYOY-26APR20-T2,short_spread,TIME_STOP,inflation,0.007500000000000062,-0.007500000000000062,0.7254999999999896,0.7240689396858215,0.7247844698429056,-0.007500000000000062,True
kxcacpiyoy26apr20t19-0x29c639f7,KXCACPIYOY-26APR20-T1.9,short_spread,TIME_STOP,inflation,0.007500000000000062,-0.007500000000000062,0.7254999999999886,0.7240689396858215,0.7247844698429051,-0.007500000000000062,True
kxdoged26apr1517t00849999-0x49f92406,KXDOGED-26APR1517-T0.0849999,short_spread,TIME_STOP,crypto,0.0040000000000000036,-0.0040000000000000036,0.5905000000000049,0.5837532877922058,0.5871266438961054,-0.0040000000000000036,True
kxcacpiyoy26apr20t23-0x29c639f7,KXCACPIYOY-26APR20-T2.3,short_spread,TIME_STOP,inflation,0.007499999999999951,-0.007499999999999951,0.6755000000000008,0.6745906472206116,0.6750453236103062,-0.007499999999999951,True
kxcacpiyoy26apr20t21-0x1f61db83,KXCACPIYOY-26APR20-T2.1,short_spread,TIME_STOP,inflation,0.0,0.0,0.41500000000000353,0.41864222288131714,0.41682111144066036,0.0,True
kxcacpiyoy26apr20t2-0x1f61db83,KXCACPIYOY-26APR20-T2,short_spread,TIME_STOP,inflation,0.0,0.0,0.43999999999998757,0.4438614547252655,0.4419307273626265,0.0,True
kxcacpiyoy26apr20t25-0x29c639f7,KXCACPIYOY-26APR20-T2.5,short_spread,TIME_STOP,inflation,0.007499999999999951,-0.007499999999999951,0.5655000000000011,0.5683221220970154,0.5669110610485082,-0.007499999999999951,True
kxcacpiyoy26apr20t26-0x29c639f7,KXCACPIYOY-26APR20-T2.6,short_spread,TIME_STOP,inflation,0.007500000000000007,-0.007500000000000007,0.4355000000000019,0.43379682302474976,0.4346484115123758,-0.007500000000000007,True
kxezgdpqoqf26apr30t09-0xae2373aa,KXEZGDPQOQF-26APR30-T0.9,long_spread,MOMENTUM,gdp,-0.01150000000000001,0.01150000000000001,-0.3100000000000025,-0.30467382073402405,-0.30733691036701327,-0.01150000000000001,True
kxfisaextend26mar-0x61212670,KXFISAEXTEND-26MAR,short_spread,RESOLUTION_EXIT,other,0.0,0.0,0.34000000000000424,0.338777631521225,0.33938881576061464,0.0,True
kxkatzout26jan0127jan01-0xb25a93dc,KXKATZOUT-26JAN01-27JAN01,short_spread,RESOLUTION_EXIT,other,0.0,0.0,0.433500000000005,0.43367868661880493,0.43358934330940496,0.0,True
kxdoged26apr1419t00899999-0x5b919435,KXDOGED-26APR1419-T0.0899999,short_spread,RESOLUTION_EXIT,crypto,0.0,0.0,0.748000000000005,0.7462600469589233,0.7471300234794642,0.0,True
kxdoged26apr1419t00849999-0x5b919435,KXDOGED-26APR1419-T0.0849999,short_spread,RESOLUTION_EXIT,crypto,-0.21999999999999997,0.21999999999999997,0.7580000000000051,0.7538803219795227,0.7559401609897639,0.21999999999999997,True
kxtechlayoff26mar20-0x74f19011,KXTECHLAYOFF-26MAR-2.0,long_spread,RESOLUTION_EXIT,other,0.0,0.0,-0.6349999999999966,-0.6301697492599487,-0.6325848746299727,0.0,True
kxgdp26apr30t20-0x0535dc99,KXGDP-26APR30-T2.0,short_spread,MOMENTUM,gdp,-0.009500000000000064,0.009500000000000064,0.3045000000000002,0.30169668793678284,0.3030983439683915,0.009500000000000064,True
kxcpiyoy26aprt38-0xbef75184,KXCPIYOY-26APR-T3.8,long_spread,TIME_STOP,inflation,0.08500000000000008,-0.08500000000000008,-0.8150000000000029,-0.8073474764823914,-0.8111737382411972,0.08500000000000008,True
kxcpiyoy26aprt36-0xbef75184,KXCPIYOY-26APR-T3.6,long_spread,TIME_STOP,inflation,-0.0050000000000000044,0.0050000000000000044,-0.3550000000000027,-0.35499635338783264,-0.35499817669391764,-0.0050000000000000044,True
kxdegdpqoqf26apr30t07-0xb0c7a573,KXDEGDPQOQF-26APR30-T0.7,long_spread,TIME_STOP,other,0.06399999999999995,-0.06399999999999995,-0.3064999999999954,-0.3009844124317169,-0.3037422062158561,0.06399999999999995,True
kxdoged26apr1419t00899999-0x5b919435,KXDOGED-26APR1419-T0.0899999,short_spread,RESOLUTION_EXIT,crypto,-0.0010000000000000009,0.0010000000000000009,0.747000000000005,0.7462600469589233,0.7466300234794642,0.0010000000000000009,True
kxfisaextend26mar-0x61212670,KXFISAEXTEND-26MAR,short_spread,RESOLUTION_EXIT,other,0.010000000000000009,-0.010000000000000009,0.35000000000000436,0.357849657535553,0.35392482876777864,-0.010000000000000009,True
kxkatzout26jan0127jan01-0xb25a93dc,KXKATZOUT-26JAN01-27JAN01,short_spread,RESOLUTION_EXIT,other,0.0,0.0,0.4334999999999995,0.43367868661880493,0.43358934330940224,0.0,True
kxtechlayoff26mar20-0x74f19011,KXTECHLAYOFF-26MAR-2.0,long_spread,RESOLUTION_EXIT,other,0.0,0.0,-0.6350000000000048,-0.6301697492599487,-0.6325848746299767,0.0,True
kxdoged26apr1419t00849999-0x5b919435,KXDOGED-26APR1419-T0.0849999,short_spread,RESOLUTION_EXIT,crypto,-0.0010000000000000009,0.0010000000000000009,0.7570000000000051,0.7538803219795227,0.7554401609897639,0.0010000000000000009,True
kxgdp26apr30t20-0x88d5a8b1,KXGDP-26APR30-T2.0,short_spread,MOMENTUM,gdp,-0.009500000000000064,0.009500000000000064,0.4420000000000014,0.4447936713695526,0.443396835684777,0.009500000000000064,True
kxtechlayoff26mar20-0x74f19011,KXTECHLAYOFF-26MAR-2.0,long_spread,RESOLUTION_EXIT,other,0.0,0.0,-0.6350000000000054,-0.6301697492599487,-0.6325848746299771,0.0,True
kxkatzout26jan0127jan01-0xb25a93dc,KXKATZOUT-26JAN01-27JAN01,short_spread,RESOLUTION_EXIT,other,0.0,0.0,0.43350000000000144,0.43367868661880493,0.4335893433094032,0.0,True
kxfisaextend26mar-0x61212670,KXFISAEXTEND-26MAR,short_spread,RESOLUTION_EXIT,other,0.0,0.0,0.3500000000000009,0.357849657535553,0.353924828767777,0.0,True
kxcacpiyoy26apr20t19-0x29c639f7,KXCACPIYOY-26APR20-T1.9,short_spread,TIME_STOP,inflation,0.010000000000000009,-0.010000000000000009,0.7355000000000044,0.7351844906806946,0.7353422453403495,-0.010000000000000009,True
kxcacpiyoy26apr20t26-0x29c639f7,KXCACPIYOY-26APR20-T2.6,short_spread,TIME_STOP,inflation,0.02499999999999991,-0.02499999999999991,0.46050000000000185,0.4582207500934601,0.459360375046731,-0.02499999999999991,True
kxcacpiyoy26apr20t21-0x1f61db83,KXCACPIYOY-26APR20-T2.1,short_spread,TIME_STOP,inflation,0.0,0.0,0.415,0.41864222288131714,0.4168211114406586,0.0,True
kxcacpiyoy26apr20t23-0x1f61db83,KXCACPIYOY-26APR20-T2.3,short_spread,TIME_STOP,inflation,0.0,0.0,0.38999999999999974,0.38765546679496765,0.38882773339748367,0.0,True
kxcacpiyoy26apr20t18-0x29c639f7,KXCACPIYOY-26APR20-T1.8,short_spread,TIME_STOP,inflation,0.010000000000000009,-0.010000000000000009,0.7355000000000044,0.7351844906806946,0.7353422453403495,-0.010000000000000009,True
kxcacpiyoy26apr20t2-0x29c639f7,KXCACPIYOY-26APR20-T2,short_spread,TIME_STOP,inflation,0.010000000000000009,-0.010000000000000009,0.7355000000000044,0.7351844906806946,0.7353422453403495,-0.010000000000000009,True
kxcacpiyoy26apr20t21-0x29c639f7,KXCACPIYOY-26APR20-T2.1,short_spread,TIME_STOP,inflation,0.010000000000000009,-0.010000000000000009,0.7105000000000009,0.713172435760498,0.7118362178802495,-0.010000000000000009,True
kxcacpiyoy26apr20t23-0x29c639f7,KXCACPIYOY-26APR20-T2.3,short_spread,TIME_STOP,inflation,0.010000000000000009,-0.010000000000000009,0.6855000000000006,0.6849234104156494,0.685211705207825,-0.010000000000000009,True
kxcacpiyoy26apr20t24-0x29c639f7,KXCACPIYOY-26APR20-T2.4,short_spread,TIME_STOP,inflation,0.010000000000000009,-0.010000000000000009,0.6855000000000006,0.6849234104156494,0.685211705207825,-0.010000000000000009,True
kxcacpiyoy26apr20t25-0x29c639f7,KXCACPIYOY-26APR20-T2.5,short_spread,TIME_STOP,inflation,0.010000000000000009,-0.010000000000000009,0.5755000000000009,0.5683221220970154,0.5719110610485081,-0.010000000000000009,True
kxcacpiyoy26apr20t24-0x1f61db83,KXCACPIYOY-26APR20-T2.4,short_spread,TIME_STOP,inflation,0.0,0.0,0.38999999999999974,0.38765546679496765,0.38882773339748367,0.0,True
kxcacpiyoy26apr20t26-0xa7abe7ea,KXCACPIYOY-26APR20-T2.6,short_spread,TIME_STOP,inflation,0.014999999999999902,-0.014999999999999902,0.5500000000000023,0.5564754605293274,0.5532377302646648,-0.014999999999999902,True
kxcacpiyoy26apr20t22-0x29c639f7,KXCACPIYOY-26APR20-T2.2,short_spread,TIME_STOP,inflation,0.010000000000000009,-0.010000000000000009,0.6955000000000008,0.6995062232017517,0.6975031116008763,-0.010000000000000009,True
kxcacpiyoy26apr20t2-0x1f61db83,KXCACPIYOY-26APR20-T2,short_spread,TIME_STOP,inflation,0.0,0.0,0.44000000000000344,0.4438614547252655,0.4419307273626345,0.0,True
kxcacpiyoy26apr20t22-0x1f61db83,KXCACPIYOY-26APR20-T2.2,short_spread,TIME_STOP,inflation,0.0,0.0,0.4000000000000001,0.4006912410259247,0.4003456205129624,0.0,True
kxcacpiyoy26apr20t25-0xa792f029,KXCACPIYOY-26APR20-T2.5,short_spread,TIME_STOP,inflation,0.0,0.0,0.6050000000000014,0.6092422604560852,0.6071211302280433,0.0,True
kxdegdpyoyf26apr30t03-0xb0c7a573,KXDEGDPYOYF-26APR30-T0.3,short_spread,MOMENTUM,gdp,0.029000000000000026,-0.029000000000000026,0.36099999999999594,0.3677489757537842,0.3643744878768901,-0.029000000000000026,True
kxdegdpyoyf26apr30t02-0xb0c7a573,KXDEGDPYOYF-26APR30-T0.2,short_spread,MOMENTUM,gdp,0.028999999999999915,-0.028999999999999915,0.5409999999999965,0.5430955290794373,0.5420477645397168,-0.028999999999999915,True
kxdegdpyoyf26apr30t0-0xb0c7a573,KXDEGDPYOYF-26APR30-T0,short_spread,MOMENTUM,gdp,0.028999999999999915,-0.028999999999999915,0.6010000000000008,0.5992227792739868,0.6001113896369938,-0.028999999999999915,True
kxdegdpyoyf26apr30t01-0xb0c7a573,KXDEGDPYOYF-26APR30-T0.1,short_spread,MOMENTUM,gdp,0.028999999999999915,-0.028999999999999915,0.5709999999999981,0.5688044428825378,0.5699022214412679,-0.028999999999999915,True
kxkatzout26jan0127jan01-0xb25a93dc,KXKATZOUT-26JAN01-27JAN01,short_spread,RESOLUTION_EXIT,other,0.0,0.0,0.43350000000000316,0.43367868661880493,0.433589343309404,0.0,True
kxtechlayoff26mar20-0x74f19011,KXTECHLAYOFF-26MAR-2.0,long_spread,RESOLUTION_EXIT,other,0.0,0.0,-0.6349999999999966,-0.6301697492599487,-0.6325848746299727,0.0,True
kxfisaextend26mar-0x61212670,KXFISAEXTEND-26MAR,short_spread,RESOLUTION_EXIT,other,0.0,0.0,0.3500000000000034,0.357849657535553,0.3539248287677782,0.0,True
kxvisitnyc26jun01djtnyc-0x154a7f7d,KXVISITNYC-26JUN01-DJTNYC,long_spread,MOMENTUM,politics_policy,-0.014000000000000012,0.014000000000000012,-0.5535000000000114,-0.5651413202285767,-0.559320660114294,-0.014000000000000012,True
kxfisaextend26mar-0x61212670,KXFISAEXTEND-26MAR,short_spread,RESOLUTION_EXIT,other,0.0050000000000000044,-0.0050000000000000044,0.35500000000000437,0.357849657535553,0.3564248287677787,-0.0050000000000000044,True
kxkatzout26jan0127jan01-0xb25a93dc,KXKATZOUT-26JAN01-27JAN01,short_spread,RESOLUTION_EXIT,other,0.0,0.0,0.433500000000005,0.43367868661880493,0.43358934330940496,0.0,True
kxtechlayoff26mar20-0x74f19011,KXTECHLAYOFF-26MAR-2.0,long_spread,RESOLUTION_EXIT,other,0.0,0.0,-0.6349999999999966,-0.6301697492599487,-0.6325848746299727,0.0,True
kxpayrolls26octt50000-0x73f2be73,KXPAYROLLS-26OCT-T50000,short_spread,MOMENTUM,other,-0.04000000000000009,0.04000000000000009,0.4250000000000045,0.42583727836608887,0.4254186391830467,0.04000000000000009,True
kxpayrolls26sept50000-0x73f2be73,KXPAYROLLS-26SEP-T50000,short_spread,MOMENTUM,other,-0.05499999999999999,0.05499999999999999,0.38500000000000467,0.38715165853500366,0.38607582926750417,0.05499999999999999,True
kxgdp26apr30t15-0x88d5a8b1,KXGDP-26APR30-T1.5,short_spread,TIME_STOP,gdp,-0.020499999999999963,0.020499999999999963,0.6369999999999992,0.6329547166824341,0.6349773583412166,0.020499999999999963,True
kxtechlayoff26mar20-0x74f19011,KXTECHLAYOFF-26MAR-2.0,long_spread,RESOLUTION_EXIT,other,0.0,0.0,-0.6350000000000054,-0.6301697492599487,-0.6325848746299771,0.0,True
kxfisaextend26mar-0x61212670,KXFISAEXTEND-26MAR,short_spread,RESOLUTION_EXIT,other,0.0,0.0,0.3550000000000008,0.357849657535553,0.3564248287677769,0.0,True
kxkatzout26jan0127jan01-0xb25a93dc,KXKATZOUT-26JAN01-27JAN01,short_spread,RESOLUTION_EXIT,other,0.0,0.0,0.4335000000000013,0.43367868661880493,0.43358934330940313,0.0,True
kxcacpiyoy26apr20t26-0x29c639f7,KXCACPIYOY-26APR20-T2.6,short_spread,TIME_STOP,inflation,-0.008499999999999897,0.008499999999999897,0.45200000000000157,0.4495027959346771,0.4507513979673393,0.008499999999999897,True
kxcacpiyoy26apr20t23-0x1f61db83,KXCACPIYOY-26APR20-T2.3,short_spread,TIME_STOP,inflation,0.0,0.0,0.3899999999999996,0.38765546679496765,0.38882773339748367,0.0,True
kxcacpiyoy26apr20t22-0x29c639f7,KXCACPIYOY-26APR20-T2.2,short_spread,TIME_STOP,inflation,0.006500000000000061,-0.006500000000000061,0.7020000000000007,0.6995062232017517,0.7007531116008763,-0.006500000000000061,True
kxcacpiyoy26apr20t19-0x29c639f7,KXCACPIYOY-26APR20-T1.9,short_spread,TIME_STOP,inflation,0.00649999999999995,-0.00649999999999995,0.7420000000000043,0.7462148666381836,0.744107433319094,-0.00649999999999995,True
kxcacpiyoy26apr20t24-0x1f61db83,KXCACPIYOY-26APR20-T2.4,short_spread,TIME_STOP,inflation,0.0,0.0,0.3899999999999996,0.38765546679496765,0.38882773339748367,0.0,True
kxcacpiyoy26apr20t2-0x29c639f7,KXCACPIYOY-26APR20-T2,short_spread,TIME_STOP,inflation,0.00649999999999995,-0.00649999999999995,0.7420000000000043,0.7462148666381836,0.744107433319094,-0.00649999999999995,True
kxcacpiyoy26apr20t21-0x29c639f7,KXCACPIYOY-26APR20-T2.1,short_spread,TIME_STOP,inflation,0.006500000000000061,-0.006500000000000061,0.7170000000000007,0.713172435760498,0.7150862178802494,-0.006500000000000061,True
kxcacpiyoy26apr20t25-0x29c639f7,KXCACPIYOY-26APR20-T2.5,short_spread,TIME_STOP,inflation,0.006500000000000061,-0.006500000000000061,0.5820000000000008,0.5835219025611877,0.5827609512805942,-0.006500000000000061,True
kxcacpiyoy26apr20t2-0x1f61db83,KXCACPIYOY-26APR20-T2,short_spread,TIME_STOP,inflation,0.0,0.0,0.44000000000000344,0.4438614547252655,0.4419307273626345,0.0,True
kxcacpiyoy26apr20t18-0x29c639f7,KXCACPIYOY-26APR20-T1.8,short_spread,TIME_STOP,inflation,0.00649999999999995,-0.00649999999999995,0.7420000000000043,0.7462148666381836,0.744107433319094,-0.00649999999999995,True
kxcacpiyoy26apr20t22-0x1f61db83,KXCACPIYOY-26APR20-T2.2,short_spread,TIME_STOP,inflation,0.0,0.0,0.39999999999999997,0.4006912410259247,0.4003456205129623,0.0,True
kxcacpiyoy26apr20t24-0x29c639f7,KXCACPIYOY-26APR20-T2.4,short_spread,TIME_STOP,inflation,0.006500000000000061,-0.006500000000000061,0.6920000000000005,0.6849234104156494,0.688461705207825,-0.006500000000000061,True
kxcacpiyoy26apr20t21-0x1f61db83,KXCACPIYOY-26APR20-T2.1,short_spread,TIME_STOP,inflation,0.0,0.0,0.41499999999999987,0.41864222288131714,0.4168211114406585,0.0,True
kxcacpiyoy26apr20t23-0x29c639f7,KXCACPIYOY-26APR20-T2.3,short_spread,TIME_STOP,inflation,0.006500000000000061,-0.006500000000000061,0.6920000000000005,0.6849234104156494,0.688461705207825,-0.006500000000000061,True
kxcacpiyoy26apr20t25-0xa792f029,KXCACPIYOY-26APR20-T2.5,short_spread,TIME_STOP,inflation,0.0,0.0,0.6050000000000013,0.6092422604560852,0.6071211302280433,0.0,True
kxcacpiyoy26apr20t26-0xa7abe7ea,KXCACPIYOY-26APR20-T2.6,short_spread,TIME_STOP,inflation,-0.014999999999999902,0.014999999999999902,0.5350000000000021,0.5309388041496277,0.5329694020748149,0.014999999999999902,True
kxfisaextend26mar-0x61212670,KXFISAEXTEND-26MAR,short_spread,RESOLUTION_EXIT,other,0.0,0.0,0.3150000000000041,0.3211823105812073,0.3180911552906057,0.0,True
kxkatzout26jan0127jan01-0xb25a93dc,KXKATZOUT-26JAN01-27JAN01,short_spread,RESOLUTION_EXIT,other,0.0,0.0,0.4334999999999983,0.43367868661880493,0.4335893433094016,0.0,True
kxtechlayoff26mar20-0x74f19011,KXTECHLAYOFF-26MAR-2.0,long_spread,RESOLUTION_EXIT,other,0.0,0.0,-0.6350000000000072,-0.6301697492599487,-0.632584874629978,0.0,True
kxtop3wealth26dec31larrp-0xd10117db,KXTOP3WEALTH-26DEC31-LARRP,short_spread,MOMENTUM,other,0.0030000000000000027,-0.0030000000000000027,0.477000000000002,0.4760567247867584,0.4765283623933802,-0.0030000000000000027,True
kxkatzout26jan0127jan01-0xb25a93dc,KXKATZOUT-26JAN01-27JAN01,short_spread,RESOLUTION_EXIT,other,0.0,0.0,0.433500000000005,0.43367868661880493,0.43358934330940496,0.0,True
kxtechlayoff26mar20-0x74f19011,KXTECHLAYOFF-26MAR-2.0,long_spread,RESOLUTION_EXIT,other,0.0,0.0,-0.6349999999999966,-0.6301697492599487,-0.6325848746299727,0.0,True
kxfisaextend26mar-0x61212670,KXFISAEXTEND-26MAR,short_spread,RESOLUTION_EXIT,other,0.0,0.0,0.3150000000000042,0.3211823105812073,0.3180911552906057,0.0,True
kxmusknw26apr30t640-0xc264391c,KXMUSKNW-26APR30-T640,short_spread,TIME_STOP,other,-0.0050000000000000044,0.0050000000000000044,0.315000000000003,0.3208461105823517,0.31792305529117737,0.0050000000000000044,True
kxmusknw26apr30t600-0x88b2a7dd,KXMUSKNW-26APR30-T600,short_spread,TIME_STOP,other,-0.0050000000000001155,0.0050000000000001155,0.6799999999999985,0.6848245859146118,0.6824122929573051,0.0050000000000001155,True
kxmusknw26apr30t640-0x88b2a7dd,KXMUSKNW-26APR30-T640,short_spread,TIME_STOP,other,-0.015000000000000013,0.015000000000000013,0.31500000000000267,0.3208461105823517,0.31792305529117715,0.015000000000000013,True
kxfisaextend26mar-0x61212670,KXFISAEXTEND-26MAR,short_spread,RESOLUTION_EXIT,other,0.020000000000000018,-0.020000000000000018,0.3350000000000042,0.3353656232357025,0.33518281161785335,-0.020000000000000018,True
kxtechlayoff26mar20-0x74f19011,KXTECHLAYOFF-26MAR-2.0,long_spread,RESOLUTION_EXIT,other,0.0,0.0,-0.6350000000000072,-0.6301697492599487,-0.632584874629978,0.0,True
kxkatzout26jan0127jan01-0xb25a93dc,KXKATZOUT-26JAN01-27JAN01,short_spread,RESOLUTION_EXIT,other,0.0,0.0,0.4334999999999982,0.43367868661880493,0.4335893433094016,0.0,True
kxdegdpyoyf26apr30t01-0xb0c7a573,KXDEGDPYOYF-26APR30-T0.1,short_spread,MOMENTUM,gdp,-0.01650000000000007,0.01650000000000007,0.5589999999999979,0.5578770041465759,0.5584385020732869,0.01650000000000007,True
kxcacpiyoy26apr20t24-0x29c639f7,KXCACPIYOY-26APR20-T2.4,short_spread,TIME_STOP,inflation,0.013000000000000012,-0.013000000000000012,0.7050000000000002,0.6999366879463196,0.7024683439731598,-0.013000000000000012,True
kxcacpiyoy26apr20t21-0x29c639f7,KXCACPIYOY-26APR20-T2.1,short_spread,TIME_STOP,inflation,0.013000000000000012,-0.013000000000000012,0.7299999999999999,0.7346825003623962,0.7323412501811981,-0.013000000000000012,True
kxdegdpyoyf26apr30t0-0xb0c7a573,KXDEGDPYOYF-26APR30-T0,short_spread,MOMENTUM,gdp,-0.01650000000000007,0.01650000000000007,0.5890000000000006,0.5840042233467102,0.5865021116733554,0.01650000000000007,True
kxcacpiyoy26apr20t19-0x29c639f7,KXCACPIYOY-26APR20-T1.9,short_spread,TIME_STOP,inflation,0.013000000000000012,-0.013000000000000012,0.7549999999999994,0.753835141658783,0.7544175708293912,-0.013000000000000012,True
kxcacpiyoy26apr20t22-0x29c639f7,KXCACPIYOY-26APR20-T2.2,short_spread,TIME_STOP,inflation,0.013000000000000012,-0.013000000000000012,0.7150000000000005,0.713172435760498,0.7140862178802493,-0.013000000000000012,True
kxcacpiyoy26apr20t23-0x29c639f7,KXCACPIYOY-26APR20-T2.3,short_spread,TIME_STOP,inflation,0.013000000000000012,-0.013000000000000012,0.7050000000000002,0.6999366879463196,0.7024683439731598,-0.013000000000000012,True
kxcacpiyoy26apr20t21-0x1f61db83,KXCACPIYOY-26APR20-T2.1,short_spread,TIME_STOP,inflation,0.0,0.0,0.41499999999999954,0.41864222288131714,0.41682111144065837,0.0,True
kxcacpiyoy26apr20t24-0x1f61db83,KXCACPIYOY-26APR20-T2.4,short_spread,TIME_STOP,inflation,0.0,0.0,0.3899999999999993,0.38765546679496765,0.38882773339748344,0.0,True
kxdegdpyoyf26apr30t03-0xb0c7a573,KXDEGDPYOYF-26APR30-T0.3,short_spread,MOMENTUM,gdp,-0.016500000000000015,0.016500000000000015,0.34899999999999554,0.3579222857952118,0.35346114289760366,0.016500000000000015,True
kxcacpiyoy26apr20t26-0xa7abe7ea,KXCACPIYOY-26APR20-T2.6,short_spread,TIME_STOP,inflation,-0.0050000000000001155,0.0050000000000001155,0.530000000000002,0.5309388041496277,0.5304694020748149,0.0050000000000001155,True
kxcacpiyoy26apr20t25-0xa792f029,KXCACPIYOY-26APR20-T2.5,short_spread,TIME_STOP,inflation,0.0,0.0,0.6050000000000011,0.6092422604560852,0.6071211302280431,0.0,True
kxcacpiyoy26apr20t2-0x1f61db83,KXCACPIYOY-26APR20-T2,short_spread,TIME_STOP,inflation,0.0,0.0,0.4399999999999992,0.4438614547252655,0.4419307273626324,0.0,True
kxcacpiyoy26apr20t23-0x1f61db83,KXCACPIYOY-26APR20-T2.3,short_spread,TIME_STOP,inflation,0.0,0.0,0.3899999999999993,0.38765546679496765,0.38882773339748344,0.0,True
kxcacpiyoy26apr20t22-0x1f61db83,KXCACPIYOY-26APR20-T2.2,short_spread,TIME_STOP,inflation,0.0,0.0,0.39999999999999986,0.4006912410259247,0.4003456205129623,0.0,True
kxcacpiyoy26apr20t2-0x29c639f7,KXCACPIYOY-26APR20-T2,short_spread,TIME_STOP,inflation,0.013000000000000012,-0.013000000000000012,0.7550000000000003,0.753835141658783,0.7544175708293916,-0.013000000000000012,True
kxcacpiyoy26apr20t25-0x29c639f7,KXCACPIYOY-26APR20-T2.5,short_spread,TIME_STOP,inflation,0.013000000000000012,-0.013000000000000012,0.5950000000000006,0.5987404584884644,0.5968702292442325,-0.013000000000000012,True
kxcacpiyoy26apr20t18-0x29c639f7,KXCACPIYOY-26APR20-T1.8,short_spread,TIME_STOP,inflation,0.013000000000000012,-0.013000000000000012,0.7550000000000043,0.753835141658783,0.7544175708293936,-0.013000000000000012,True
kxdegdpyoyf26apr30t02-0xb0c7a573,KXDEGDPYOYF-26APR30-T0.2,short_spread,MOMENTUM,gdp,-0.01650000000000007,0.01650000000000007,0.5289999999999963,0.5309901237487793,0.5299950618743878,0.01650000000000007,True
kxcacpiyoy26apr20t26-0x29c639f7,KXCACPIYOY-26APR20-T2.6,short_spread,TIME_STOP,inflation,0.007999999999999896,-0.007999999999999896,0.46000000000000146,0.4582207500934601,0.4591103750467308,-0.007999999999999896,True
kxethd26apr1416t230999-0x72366620,KXETHD-26APR1416-T2309.99,short_spread,RESOLUTION_EXIT,crypto,0.0,0.0,0.609500000000005,0.6099333763122559,0.6097166881561304,0.0,True
kxfisaextend26mar-0x61212670,KXFISAEXTEND-26MAR,short_spread,RESOLUTION_EXIT,other,0.030000000000000027,-0.030000000000000027,0.36500000000000093,0.36767634749412537,0.3663381737470631,-0.030000000000000027,True
kxeth26apr1416b2300-0x72366620,KXETH-26APR1416-B2300,short_spread,RESOLUTION_EXIT,crypto,0.0,0.0,0.374500000000005,0.37668630480766296,0.37559315240383395,0.0,True
kxtechlayoff26mar20-0x74f19011,KXTECHLAYOFF-26MAR-2.0,long_spread,RESOLUTION_EXIT,other,0.0,0.0,-0.6350000000000059,-0.6301697492599487,-0.6325848746299774,0.0,True
kxdoged26apr1416t00899999-0x5b919435,KXDOGED-26APR1416-T0.0899999,short_spread,RESOLUTION_EXIT,crypto,0.0,0.0,0.749500000000005,0.7463783621788025,0.7479391810894038,0.0,True
kxkatzout26jan0127jan01-0xb25a93dc,KXKATZOUT-26JAN01-27JAN01,short_spread,RESOLUTION_EXIT,other,0.0,0.0,0.4335000000000007,0.43367868661880493,0.4335893433094028,0.0,True
kxdoge26apr1416b0092-0x5b919435,KXDOGE-26APR1416-B0.092,short_spread,RESOLUTION_EXIT,crypto,0.0,0.0,0.4995000000000049,0.5005661249160767,0.5000330624580408,0.0,True
kxeth26apr1416b2320-0x72366620,KXETH-26APR1416-B2320,short_spread,RESOLUTION_EXIT,crypto,0.0,0.0,0.599500000000005,0.5993720889091492,0.5994360444545771,0.0,True
kxbrazilinf26dec400-0xf175a9b3,KXBRAZILINF-26DEC-4.00,short_spread,MOMENTUM,inflation,0.020500000000000018,-0.020500000000000018,0.30049999999999916,0.3017106354236603,0.3011053177118297,-0.020500000000000018,True
kxtechlayoff26mar20-0x74f19011,KXTECHLAYOFF-26MAR-2.0,long_spread,RESOLUTION_EXIT,other,0.0,0.0,-0.6349999999999966,-0.6301697492599487,-0.6325848746299727,0.0,True
kxdoged26apr1417t00799999-0x5b919435,KXDOGED-26APR1417-T0.0799999,short_spread,RESOLUTION_EXIT,crypto,-0.1489999999999999,0.1489999999999999,0.8005000000000051,0.7936239838600159,0.7970619919300105,0.1489999999999999,True
kxfisaextend26mar-0x61212670,KXFISAEXTEND-26MAR,short_spread,RESOLUTION_EXIT,other,0.0,0.0,0.3650000000000044,0.36767634749412537,0.3663381737470649,0.0,True
kxdoged26apr1417t00749999-0x5b919435,KXDOGED-26APR1417-T0.0749999,short_spread,RESOLUTION_EXIT,crypto,-0.1489999999999999,0.1489999999999999,0.8005000000000051,0.7936239838600159,0.7970619919300105,0.1489999999999999,True
kxkatzout26jan0127jan01-0xb25a93dc,KXKATZOUT-26JAN01-27JAN01,short_spread,RESOLUTION_EXIT,other,0.0,0.0,0.433500000000005,0.43367868661880493,0.43358934330940496,0.0,True
kxdoged26apr1417t00699999-0x5b919435,KXDOGED-26APR1417-T0.0699999,short_spread,RESOLUTION_EXIT,crypto,-0.1489999999999999,0.1489999999999999,0.8005000000000051,0.7936239838600159,0.7970619919300105,0.1489999999999999,True
kxdegdpyoyf26apr30t02-0x88d5a8b1,KXDEGDPYOYF-26APR30-T0.2,short_spread,TIME_STOP,gdp,0.000500000000000056,-0.000500000000000056,0.7934999999999982,0.7946387529373169,0.7940693764686575,-0.000500000000000056,True
kxcpiyoy26aprt30-0x1f61db83,KXCPIYOY-26APR-T3.0,short_spread,TIME_STOP,inflation,0.0,0.0,0.4449999999999988,0.44470325112342834,0.44485162556171354,0.0,True
kxmusknw26apr30t610-0x0f8ff5a3,KXMUSKNW-26APR30-T610,short_spread,TIME_STOP,other,-0.050000000000000044,0.050000000000000044,0.5800000000000025,0.5837687253952026,0.5818843626976026,0.050000000000000044,True
kxezgdpqoqf26apr30t01-0x88d5a8b1,KXEZGDPQOQF-26APR30-T0.1,short_spread,TIME_STOP,gdp,0.000500000000000056,-0.000500000000000056,0.5585000000000049,0.5576260685920715,0.5580630342960382,-0.000500000000000056,True
kxdegdpyoyf26apr30t01-0x88d5a8b1,KXDEGDPYOYF-26APR30-T0.1,short_spread,TIME_STOP,gdp,0.000500000000000056,-0.000500000000000056,0.8235000000000002,0.8190208673477173,0.8212604336738587,-0.000500000000000056,True
kxfrgdpqoqp26apr30t01-0x88d5a8b1,KXFRGDPQOQP-26APR30-T0.1,short_spread,TIME_STOP,gdp,0.0005000000000000004,-0.0005000000000000004,0.3385000000000011,0.33873212337493896,0.33861606168747005,-0.0005000000000000004,True
kxdegdpyoyf26apr30t03-0x88d5a8b1,KXDEGDPYOYF-26APR30-T0.3,short_spread,TIME_STOP,gdp,0.005499999999999949,-0.005499999999999949,0.6184999999999964,0.6172569990158081,0.6178784995079023,-0.005499999999999949,True
kxcpiyoy26aprt36-0xa7abe7ea,KXCPIYOY-26APR-T3.6,short_spread,TIME_STOP,inflation,0.14,-0.14,0.5349999999999996,0.5309388041496277,0.5329694020748137,-0.14,True
kxmusknw26apr30t630-0x88b2a7dd,KXMUSKNW-26APR30-T630,short_spread,TIME_STOP,other,-0.04500000000000004,0.04500000000000004,0.3600000000000022,0.3676168918609619,0.36380844593048206,0.04500000000000004,True
kxukcpiyoy26apr22t35-0xbef75184,KXUKCPIYOY-26APR22-T3.5,long_spread,TIME_STOP,inflation,-0.03999999999999998,0.03999999999999998,-0.4750000000000005,-0.47275272011756897,-0.47387636005878475,-0.03999999999999998,True
kxezgdpyoyf26apr30t04-0xbf7d903a,KXEZGDPYOYF-26APR30-T0.4,short_spread,TIME_STOP,other,-0.0035000000000000586,0.0035000000000000586,0.6670000000000045,0.6751040816307068,0.6710520408153556,0.0035000000000000586,True
kxezgdpyoyf26apr30t02-0xbf7d903a,KXEZGDPYOYF-26APR30-T0.2,short_spread,TIME_STOP,other,-0.0035000000000000586,0.0035000000000000586,0.7320000000000041,0.7350436449050903,0.7335218224525473,0.0035000000000000586,True
kxukcpiyoy26apr22t38-0xbef75184,KXUKCPIYOY-26APR22-T3.8,long_spread,TIME_STOP,inflation,0.010000000000000009,-0.010000000000000009,-0.8450000000000034,-0.8402117490768433,-0.8426058745384233,0.010000000000000009,True
kxcpiyoy26aprt23-0x1f61db83,KXCPIYOY-26APR-T2.3,short_spread,TIME_STOP,inflation,-0.010000000000000009,0.010000000000000009,0.4449999999999968,0.44470325112342834,0.44485162556171254,0.010000000000000009,True
kxezgdpyoyf26apr30t0-0xbf7d903a,KXEZGDPYOYF-26APR30-T0,short_spread,TIME_STOP,other,-0.0035000000000000586,0.0035000000000000586,0.7370000000000041,0.7350436449050903,0.7360218224525472,0.0035000000000000586,True
kxtrumpmeet26aprvzel-0xb7560ad7,KXTRUMPMEET-26APR-VZEL,short_spread,TIME_STOP,politics_policy,0.05500000000000005,-0.05500000000000005,0.31499999999999856,0.3211391270160675,0.31806956350803306,-0.05500000000000005,True
kxcbdecisioncanada26aprc25-0x4694c8b3,KXCBDECISIONCANADA-26APR-C25,short_spread,TIME_STOP,fed_rates,0.03949999999999987,-0.03949999999999987,0.6730000000000019,0.6743466258049011,0.6736733129024515,-0.03949999999999987,True
kxdegdpyoyf26apr30t04-0x88d5a8b1,KXDEGDPYOYF-26APR30-T0.4,short_spread,TIME_STOP,gdp,0.0005000000000000004,-0.0005000000000000004,0.46349999999999647,0.4672331213951111,0.4653665606975538,-0.0005000000000000004,True
kxmusknw26apr30t610-0x88b2a7dd,KXMUSKNW-26APR30-T610,short_spread,TIME_STOP,other,-0.050000000000000044,0.050000000000000044,0.525000000000002,0.530992865562439,0.5279964327812205,0.050000000000000044,True
kxtrumpmeet26aprvput-0x280768f5,KXTRUMPMEET-26APR-VPUT,short_spread,TIME_STOP,politics_policy,0.0040000000000000036,-0.0040000000000000036,0.349500000000001,0.35780414938926697,0.353652074694634,-0.0040000000000000036,True
kxcbdecisioncanada26aprc25-0x0d14f5dc,KXCBDECISIONCANADA-26APR-C25,short_spread,TIME_STOP,fed_rates,0.038999999999999924,-0.038999999999999924,0.673500000000005,0.6743466258049011,0.6739233129024531,-0.038999999999999924,True
kxukcpiyoy26apr22t3-0x1f61db83,KXUKCPIYOY-26APR22-T3,short_spread,TIME_STOP,inflation,0.03500000000000003,-0.03500000000000003,0.4299999999999912,0.42805489897727966,0.42902744948863547,-0.03500000000000003,True
kxfrgdpyoyp26apr30t02-0xbf7d903a,KXFRGDPYOYP-26APR30-T0.2,short_spread,TIME_STOP,other,-0.0034999999999999476,0.0034999999999999476,0.6769999999999978,0.6751040816307068,0.6760520408153523,0.0034999999999999476,True
kxfrgdpyoyp26apr30t04-0x88d5a8b1,KXFRGDPYOYP-26APR30-T0.4,short_spread,TIME_STOP,other,0.000500000000000056,-0.000500000000000056,0.8334999999999989,0.8412418365478516,0.8373709182739253,-0.000500000000000056,True
kxgdp26apr30t20-0x88d5a8b1,KXGDP-26APR30-T2.0,short_spread,TIME_STOP,gdp,-0.0020000000000000018,0.0020000000000000018,0.44350000000000134,0.4447936713695526,0.444146835684777,0.0020000000000000018,True
kxfed26aprt375-0xf88da08f,KXFED-26APR-T3.75,long_spread,TIME_STOP,fed_rates,0.07850000000000001,-0.07850000000000001,-0.36449999999999605,-0.3581737279891968,-0.3613368639945964,0.07850000000000001,True
kxgdp26apr30t20-0x0535dc99,KXGDP-26APR30-T2.0,short_spread,TIME_STOP,gdp,0.0030000000000000027,-0.0030000000000000027,0.30899999999999983,0.3165264129638672,0.3127632064819335,-0.0030000000000000027,True
kxukcpiyoy26apr22t31-0x1f61db83,KXUKCPIYOY-26APR22-T3.1,short_spread,TIME_STOP,inflation,0.020000000000000018,-0.020000000000000018,0.404999999999992,0.4036058783531189,0.40430293917655546,-0.020000000000000018,True
kxpayrolls26aprt10000-0x73f2be73,KXPAYROLLS-26APR-T10000,short_spread,TIME_STOP,other,0.020000000000000018,-0.020000000000000018,0.6400000000000009,0.638633131980896,0.6393165659904485,-0.020000000000000018,True
kxfrgdpyoyp26apr30t02-0x88d5a8b1,KXFRGDPYOYP-26APR30-T0.2,short_spread,TIME_STOP,other,0.000500000000000056,-0.000500000000000056,0.8084999999999988,0.8067132234573364,0.8076066117286675,-0.000500000000000056,True
kxmusknw26apr30t620-0x88b2a7dd,KXMUSKNW-26APR30-T620,short_spread,TIME_STOP,other,-0.07999999999999985,0.07999999999999985,0.44500000000000234,0.4452853202819824,0.44514266014099235,0.07999999999999985,True
kxgdp26apr30t10-0xbf7d903a,KXGDP-26APR30-T1.0,short_spread,TIME_STOP,gdp,0.0020000000000000018,-0.0020000000000000018,0.6674999999999988,0.6751040816307068,0.6713020408153527,-0.0020000000000000018,True
kxcpiyoy26aprt39-0xbef75184,KXCPIYOY-26APR-T3.9,long_spread,TIME_STOP,inflation,-0.06500000000000006,0.06500000000000006,-0.7750000000000025,-0.773510217666626,-0.7742551088333143,-0.06500000000000006,True
kxcpiyoy26aprt31-0x1f61db83,KXCPIYOY-26APR-T3.1,short_spread,TIME_STOP,inflation,-0.010000000000000009,0.010000000000000009,0.445000000000001,0.44470325112342834,0.44485162556171465,0.010000000000000009,True
kxfrgdpyoyp26apr30t06-0x88d5a8b1,KXFRGDPYOYP-26APR30-T0.6,short_spread,TIME_STOP,other,0.000500000000000056,-0.000500000000000056,0.7234999999999988,0.7234069108963013,0.72345345544815,-0.000500000000000056,True
kxgdp26apr30t15-0xbf7d903a,KXGDP-26APR30-T1.5,short_spread,TIME_STOP,gdp,0.010000000000000009,-0.010000000000000009,0.5204999999999992,0.5150220394134521,0.5177610197067257,-0.010000000000000009,True
kxezgdpqoqf26apr30t01-0xbf7d903a,KXEZGDPQOQF-26APR30-T0.1,short_spread,TIME_STOP,gdp,-0.003500000000000003,0.003500000000000003,0.42700000000000443,0.42574575543403625,0.42637287771702037,0.003500000000000003,True
kxcpiyoy26aprt34-0x1f61db83,KXCPIYOY-26APR-T3.4,short_spread,TIME_STOP,inflation,0.010000000000000009,-0.010000000000000009,0.3950000000000011,0.3962639272212982,0.3956319636106497,-0.010000000000000009,True
kxgdp26apr30t10-0x88d5a8b1,KXGDP-26APR30-T1.0,short_spread,TIME_STOP,gdp,0.006000000000000116,-0.006000000000000116,0.7989999999999986,0.7949649691581726,0.7969824845790856,-0.006000000000000116,True
kxcpiyoy26aprt35-0xa792f029,KXCPIYOY-26APR-T3.5,short_spread,TIME_STOP,inflation,0.10999999999999999,-0.10999999999999999,0.6450000000000017,0.6441271305084229,0.6445635652542123,-0.10999999999999999,True
kxukcpiyoy26apr22t37-0xbef75184,KXUKCPIYOY-26APR22-T3.7,long_spread,TIME_STOP,inflation,-0.025000000000000133,0.025000000000000133,-0.7400000000000039,-0.7509061694145203,-0.745453084707262,-0.025000000000000133,True
kxfrgdpyoyp26apr30t0-0x88d5a8b1,KXFRGDPYOYP-26APR30-T0,short_spread,TIME_STOP,other,0.000500000000000056,-0.000500000000000056,0.8284999999999998,0.8190688490867615,0.8237844245433806,-0.000500000000000056,True
kxukcpiyoy26apr22t32-0x1f61db83,KXUKCPIYOY-26APR22-T3.2,short_spread,TIME_STOP,inflation,0.0,0.0,0.3500000000000037,0.35900524258613586,0.35450262129306975,0.0,True
kxfrgdpyoyp26apr30t0-0xbf7d903a,KXFRGDPYOYP-26APR30-T0,short_spread,TIME_STOP,other,-0.0034999999999999476,0.0034999999999999476,0.6969999999999988,0.7000737190246582,0.6985368595123285,0.0034999999999999476,True
kxcpiyoy26aprt33-0x1f61db83,KXCPIYOY-26APR-T3.3,short_spread,TIME_STOP,inflation,0.010000000000000009,-0.010000000000000009,0.4300000000000012,0.42805489897727966,0.42902744948864047,-0.010000000000000009,True
kxfrgdpyoyp26apr30t04-0xbf7d903a,KXFRGDPYOYP-26APR30-T0.4,short_spread,TIME_STOP,other,-0.0035000000000000586,0.0035000000000000586,0.7019999999999985,0.7000737190246582,0.7010368595123284,0.0035000000000000586,True
kxcpiyoy26aprt32-0x1f61db83,KXCPIYOY-26APR-T3.2,short_spread,TIME_STOP,inflation,0.0,0.0,0.42500000000000143,0.42497193813323975,0.42498596906662056,0.0,True
kxezgdpyoyf26apr30t06-0xbf7d903a,KXEZGDPYOYF-26APR30-T0.6,short_spread,TIME_STOP,other,-0.003500000000000003,0.003500000000000003,0.4570000000000033,0.45814812183380127,0.4575740609169023,0.003500000000000003,True
kxukcpiyoy26apr22t36-0xbef75184,KXUKCPIYOY-26APR22-T3.6,long_spread,TIME_STOP,inflation,-0.004999999999999893,0.004999999999999893,-0.6100000000000024,-0.5904972553253174,-0.60024862766266,-0.004999999999999893,True
kxdegdpyoyf26apr30t05-0x88d5a8b1,KXDEGDPYOYF-26APR30-T0.5,short_spread,TIME_STOP,gdp,0.0005000000000000004,-0.0005000000000000004,0.3384999999999964,0.33873212337493896,0.3386160616874677,-0.0005000000000000004,True
kxfrgdpyoyp26apr30t06-0xbf7d903a,KXFRGDPYOYP-26APR30-T0.6,short_spread,TIME_STOP,other,-0.0035000000000000586,0.0035000000000000586,0.5919999999999985,0.5836780667304993,0.5878390333652489,0.0035000000000000586,True
kxhormuznorm26mar17b270401-0x1080671a,KXHORMUZNORM-26MAR17-B270401,short_spread,RESOLUTION_EXIT,other,0.0,0.0,0.7995000000000051,0.7945589423179626,0.7970294711589838,0.0,True
kxdoge26apr1417b0092-0x5b919435,KXDOGE-26APR1417-B0.092,short_spread,RESOLUTION_EXIT,crypto,-0.14400000000000002,0.14400000000000002,0.7705000000000051,0.7649874687194824,0.7677437343597437,0.14400000000000002,True
kxhormuznorm26mar17b270101-0x1080671a,KXHORMUZNORM-26MAR17-B270101,short_spread,RESOLUTION_EXIT,other,0.0,0.0,0.7545000000000052,0.7547222375869751,0.7546111187934901,0.0,True
kxhormuznorm26mar17b260701-0x1080671a,KXHORMUZNORM-26MAR17-B260701,short_spread,RESOLUTION_EXIT,other,-0.0050000000000000044,0.0050000000000000044,0.5444999999999962,0.5435710549354553,0.5440355274677258,0.0050000000000000044,True
kxkatzout26jan0127jan01-0xb25a93dc,KXKATZOUT-26JAN01-27JAN01,short_spread,RESOLUTION_EXIT,other,0.0,0.0,0.433500000000005,0.43367868661880493,0.43358934330940496,0.0,True
kxhormuznorm26mar17b260515-0x1080671a,KXHORMUZNORM-26MAR17-B260515,short_spread,RESOLUTION_EXIT,other,0.0,0.0,0.32449999999999607,0.32238221168518066,0.32344110584258834,0.0,True
kxhormuznorm26mar17b261001-0x1080671a,KXHORMUZNORM-26MAR17-B261001,short_spread,RESOLUTION_EXIT,other,0.0,0.0,0.6795000000000049,0.6746880412101746,0.6770940206050897,0.0,True
kxhormuznorm26mar17b270101-0xdb7fa6f9,KXHORMUZNORM-26MAR17-B270101,short_spread,RESOLUTION_EXIT,other,0.0,0.0,0.7545000000000052,0.7547222375869751,0.7546111187934901,0.0,True
kxarmominf26apr14t35-0x2b3e9527,KXARMOMINF-26APR14-T3.5,long_spread,RESOLUTION_EXIT,inflation,-0.010000000000000009,0.010000000000000009,-0.7800000000000064,-0.773463785648346,-0.7767318928241762,-0.010000000000000009,True
kxhormuznorm26mar17b260601-0x1080671a,KXHORMUZNORM-26MAR17-B260601,short_spread,RESOLUTION_EXIT,other,-0.010000000000000009,0.010000000000000009,0.45449999999999613,0.4506361186504364,0.45256805932521627,0.010000000000000009,True
kxhormuznorm26mar17b260901-0x1080671a,KXHORMUZNORM-26MAR17-B260901,short_spread,RESOLUTION_EXIT,other,0.0,0.0,0.6495000000000049,0.6441519260406494,0.6468259630203271,0.0,True
kxhormuznorm26mar17b260801-0x1080671a,KXHORMUZNORM-26MAR17-B260801,short_spread,RESOLUTION_EXIT,other,0.0,0.0,0.6194999999999958,0.6176441311836243,0.6185720655918101,0.0,True
kxfisaextend26mar-0x61212670,KXFISAEXTEND-26MAR,short_spread,RESOLUTION_EXIT,other,0.0,0.0,0.3650000000000044,0.36767634749412537,0.3663381737470649,0.0,True
kxtechlayoff26mar20-0x74f19011,KXTECHLAYOFF-26MAR-2.0,long_spread,RESOLUTION_EXIT,other,0.0,0.0,-0.6349999999999966,-0.6301697492599487,-0.6325848746299727,0.0,True
kxcacpiyoy26apr20t26-0x29c639f7,KXCACPIYOY-26APR20-T2.6,short_spread,TIME_STOP,inflation,0.007000000000000006,-0.007000000000000006,0.4775000000000014,0.4760567247867584,0.4767783623933799,-0.007000000000000006,True
kxcacpiyoy26apr20t24-0x1f61db83,KXCACPIYOY-26APR20-T2.4,short_spread,TIME_STOP,inflation,0.0,0.0,0.38999999999999907,0.38765546679496765,0.38882773339748333,0.0,True
kxtruthsocial26apr18b129-0x8e077db0,KXTRUTHSOCIAL-26APR18-B129,long_spread,TIME_STOP,other,0.0,0.0,-0.7945000000000073,-0.7849615216255188,-0.789730760812763,0.0,True
kxcacpiyoy26apr20t2-0x1f61db83,KXCACPIYOY-26APR20-T2,short_spread,TIME_STOP,inflation,0.0,0.0,0.44000000000000344,0.4438614547252655,0.4419307273626345,0.0,True
kxcacpiyoy26apr20t26-0xa7abe7ea,KXCACPIYOY-26APR20-T2.6,short_spread,TIME_STOP,inflation,0.0,0.0,0.5350000000000019,0.5309388041496277,0.5329694020748148,0.0,True
kxcacpiyoy26apr20t2-0x29c639f7,KXCACPIYOY-26APR20-T2,short_spread,TIME_STOP,inflation,0.007000000000000006,-0.007000000000000006,0.7675000000000023,0.7651748061180115,0.7663374030590069,-0.007000000000000006,True
kxcacpiyoy26apr20t18-0x29c639f7,KXCACPIYOY-26APR20-T1.8,short_spread,TIME_STOP,inflation,0.007000000000000006,-0.007000000000000006,0.7674999999999942,0.7651748061180115,0.7663374030590029,-0.007000000000000006,True
kxtruthsocial26apr18b109-0x8e077db0,KXTRUTHSOCIAL-26APR18-B109,long_spread,TIME_STOP,other,0.0,0.0,-0.8345000000000075,-0.840665876865387,-0.8375829384326972,0.0,True
kxcacpiyoy26apr20t25-0x29c639f7,KXCACPIYOY-26APR20-T2.5,short_spread,TIME_STOP,inflation,0.007000000000000006,-0.007000000000000006,0.6075000000000005,0.6092422604560852,0.6083711302280428,-0.007000000000000006,True
kxcacpiyoy26apr20t23-0x29c639f7,KXCACPIYOY-26APR20-T2.3,short_spread,TIME_STOP,inflation,0.007000000000000006,-0.007000000000000006,0.7175,0.713172435760498,0.715336217880249,-0.007000000000000006,True
kxcacpiyoy26apr20t19-0x29c639f7,KXCACPIYOY-26APR20-T1.9,short_spread,TIME_STOP,inflation,0.007000000000000006,-0.007000000000000006,0.7674999999999966,0.7651748061180115,0.766337403059004,-0.007000000000000006,True
kxcacpiyoy26apr20t22-0x29c639f7,KXCACPIYOY-26APR20-T2.2,short_spread,TIME_STOP,inflation,0.007000000000000006,-0.007000000000000006,0.7275000000000004,0.7235669493675232,0.7255334746837618,-0.007000000000000006,True
kxcacpiyoy26apr20t23-0x1f61db83,KXCACPIYOY-26APR20-T2.3,short_spread,TIME_STOP,inflation,0.0,0.0,0.38999999999999907,0.38765546679496765,0.38882773339748333,0.0,True
kxcacpiyoy26apr20t22-0x1f61db83,KXCACPIYOY-26APR20-T2.2,short_spread,TIME_STOP,inflation,0.0,0.0,0.39999999999999997,0.4006912410259247,0.4003456205129623,0.0,True
kxcacpiyoy26apr20t21-0x1f61db83,KXCACPIYOY-26APR20-T2.1,short_spread,TIME_STOP,inflation,0.0,0.0,0.41500000000000076,0.41864222288131714,0.4168211114406589,0.0,True
kxcacpiyoy26apr20t24-0x29c639f7,KXCACPIYOY-26APR20-T2.4,short_spread,TIME_STOP,inflation,0.007000000000000006,-0.007000000000000006,0.7175,0.713172435760498,0.715336217880249,-0.007000000000000006,True
kxcacpiyoy26apr20t25-0xa792f029,KXCACPIYOY-26APR20-T2.5,short_spread,TIME_STOP,inflation,0.0,0.0,0.6050000000000009,0.6092422604560852,0.607121130228043,0.0,True
kxcacpiyoy26apr20t21-0x29c639f7,KXCACPIYOY-26APR20-T2.1,short_spread,TIME_STOP,inflation,0.007000000000000006,-0.007000000000000006,0.7425000000000012,0.7458637952804565,0.7441818976402288,-0.007000000000000006,True
kxpayrolls26mayt20000-0x73f2be73,KXPAYROLLS-26MAY-T20000,short_spread,MOMENTUM,other,0.029999999999999916,-0.029999999999999916,0.5400000000000046,0.543113648891449,0.5415568244457267,-0.029999999999999916,True
kxpayrolls26junt30000-0x73f2be73,KXPAYROLLS-26JUN-T30000,short_spread,MOMENTUM,other,0.015000000000000013,-0.015000000000000013,0.4600000000000047,0.45838168263435364,0.45919084131717913,-0.015000000000000013,True
kxpayrolls26aprt30000-0x73f2be73,KXPAYROLLS-26APR-T30000,short_spread,MOMENTUM,other,0.020000000000000018,-0.020000000000000018,0.5400000000000047,0.543113648891449,0.5415568244457268,-0.020000000000000018,True
kxpayrolls26junt50000-0x73f2be73,KXPAYROLLS-26JUN-T50000,short_spread,MOMENTUM,other,0.025000000000000022,-0.025000000000000022,0.3850000000000046,0.3874446749687195,0.3862223374843621,-0.025000000000000022,True
kxpayrolls26aprt60000-0x73f2be73,KXPAYROLLS-26APR-T60000,short_spread,MOMENTUM,other,0.025000000000000022,-0.025000000000000022,0.3850000000000046,0.3874446749687195,0.3862223374843621,-0.025000000000000022,True
kxpayrolls26junt40000-0x73f2be73,KXPAYROLLS-26JUN-T40000,short_spread,MOMENTUM,other,0.020000000000000018,-0.020000000000000018,0.4050000000000047,0.405769020318985,0.40538451015949484,-0.020000000000000018,True
kxpayrolls26aprt70000-0x73f2be73,KXPAYROLLS-26APR-T70000,short_spread,MOMENTUM,other,0.025000000000000022,-0.025000000000000022,0.3250000000000046,0.3219296336174011,0.32346481680870287,-0.025000000000000022,True
kxpayrolls26aprt40000-0x73f2be73,KXPAYROLLS-26APR-T40000,short_spread,MOMENTUM,other,0.025000000000000022,-0.025000000000000022,0.4850000000000047,0.48731619119644165,0.4861580955982232,-0.025000000000000022,True
kxpayrolls26junt20000-0x73f2be73,KXPAYROLLS-26JUN-T20000,short_spread,MOMENTUM,other,0.025000000000000022,-0.025000000000000022,0.5150000000000046,0.5151829123497009,0.5150914561748527,-0.025000000000000022,True
kxpayrolls26mayt30000-0x73f2be73,KXPAYROLLS-26MAY-T30000,short_spread,MOMENTUM,other,0.025000000000000022,-0.025000000000000022,0.5400000000000046,0.543113648891449,0.5415568244457267,-0.025000000000000022,True
kxpayrolls26mayt10000-0x73f2be73,KXPAYROLLS-26MAY-T10000,short_spread,MOMENTUM,other,0.029999999999999916,-0.029999999999999916,0.6000000000000046,0.5989872813224792,0.5994936406612419,-0.029999999999999916,True
kxpayrolls26junt60000-0x73f2be73,KXPAYROLLS-26JUN-T60000,short_spread,MOMENTUM,other,0.024999999999999967,-0.024999999999999967,0.33500000000000457,0.33532243967056274,0.3351612198352837,-0.024999999999999967,True
kxpayrolls26mayt60000-0x73f2be73,KXPAYROLLS-26MAY-T60000,short_spread,MOMENTUM,other,0.030000000000000027,-0.030000000000000027,0.3500000000000046,0.35774701833724976,0.35387350916862714,-0.030000000000000027,True
kxpayrolls26aprt20000-0x73f2be73,KXPAYROLLS-26APR-T20000,short_spread,MOMENTUM,other,0.029999999999999916,-0.029999999999999916,0.5900000000000035,0.5837687253952026,0.586884362697603,-0.029999999999999916,True
kxpayrolls26aprt25000-0x73f2be73,KXPAYROLLS-26APR-T-25000,short_spread,MOMENTUM,other,0.020000000000000018,-0.020000000000000018,0.7600000000000033,0.7639700770378113,0.7619850385189073,-0.020000000000000018,True
kxpayrolls26aprt50000-0x73f2be73,KXPAYROLLS-26APR-T50000,short_spread,MOMENTUM,other,0.025000000000000022,-0.025000000000000022,0.4450000000000047,0.44557833671569824,0.4452891683578515,-0.025000000000000022,True
kxpayrolls26junt10000-0x73f2be73,KXPAYROLLS-26JUN-T10000,short_spread,MOMENTUM,other,0.025000000000000022,-0.025000000000000022,0.5650000000000046,0.5685689449310303,0.5667844724655174,-0.025000000000000022,True
kxpayrolls26mayt50000-0x73f2be73,KXPAYROLLS-26MAY-T50000,short_spread,MOMENTUM,other,0.030000000000000027,-0.030000000000000027,0.43500000000000477,0.4339577555656433,0.434478877782824,-0.030000000000000027,True
kxpayrolls26mayt40000-0x73f2be73,KXPAYROLLS-26MAY-T40000,short_spread,MOMENTUM,other,0.030000000000000027,-0.030000000000000027,0.4500000000000047,0.4496637284755707,0.44983186423778765,-0.030000000000000027,True
kxhormuznorm26mar17b260701-0x1080671a,KXHORMUZNORM-26MAR17-B260701,short_spread,RESOLUTION_EXIT,other,0.0,0.0,0.5444999999999962,0.5435710549354553,0.5440355274677258,0.0,True
kxhormuznorm26mar17b260901-0x1080671a,KXHORMUZNORM-26MAR17-B260901,short_spread,RESOLUTION_EXIT,other,0.0,0.0,0.6495000000000049,0.6441519260406494,0.6468259630203271,0.0,True
kxhormuznorm26mar17b270401-0x1080671a,KXHORMUZNORM-26MAR17-B270401,short_spread,RESOLUTION_EXIT,other,0.0,0.0,0.7995000000000051,0.7945589423179626,0.7970294711589838,0.0,True
kxfisaextend26mar-0x61212670,KXFISAEXTEND-26MAR,short_spread,RESOLUTION_EXIT,other,-0.030000000000000027,0.030000000000000027,0.3250000000000042,0.3220268487930298,0.323513424396517,0.030000000000000027,True
kxdoged26apr1417t00949999-0x5b919435,KXDOGED-26APR1417-T0.0949999,short_spread,RESOLUTION_EXIT,crypto,0.04500000000000004,-0.04500000000000004,0.4005000000000049,0.4025753140449524,0.4015376570224787,-0.04500000000000004,True
kxhormuznorm26mar17b260601-0x1080671a,KXHORMUZNORM-26MAR17-B260601,short_spread,RESOLUTION_EXIT,other,0.0,0.0,0.45449999999999613,0.4506361186504364,0.45256805932521627,0.0,True
kxhormuznorm26mar17b261001-0x1080671a,KXHORMUZNORM-26MAR17-B261001,short_spread,RESOLUTION_EXIT,other,0.004999999999999893,-0.004999999999999893,0.6795000000000049,0.6746880412101746,0.6770940206050897,-0.004999999999999893,True
kxhormuznorm26mar17b270101-0xdb7fa6f9,KXHORMUZNORM-26MAR17-B270101,short_spread,RESOLUTION_EXIT,other,0.0,0.0,0.7545000000000052,0.7547222375869751,0.7546111187934901,0.0,True
kxarmominf26apr14t30-0xa84dec4c,KXARMOMINF-26APR14-T3.0,short_spread,RESOLUTION_EXIT,inflation,-0.010000000000000009,0.010000000000000009,0.8174999999999983,0.8190116882324219,0.8182558441162101,0.010000000000000009,True
kxdoge26apr1417b0097-0x5b919435,KXDOGE-26APR1417-B0.097,short_spread,RESOLUTION_EXIT,crypto,0.07,-0.07,0.4005000000000049,0.4025753140449524,0.4015376570224787,-0.07,True
kxarmominf26apr14t35-0x2b3e9527,KXARMOMINF-26APR14-T3.5,long_spread,RESOLUTION_EXIT,inflation,0.015000000000000013,-0.015000000000000013,-0.7850000000000041,-0.7824892401695251,-0.7837446200847646,0.015000000000000013,True
kxtechlayoff26mar20-0x74f19011,KXTECHLAYOFF-26MAR-2.0,long_spread,RESOLUTION_EXIT,other,0.0,0.0,-0.6349999999999966,-0.6301697492599487,-0.6325848746299727,0.0,True
kxkatzout26jan0127jan01-0xb25a93dc,KXKATZOUT-26JAN01-27JAN01,short_spread,RESOLUTION_EXIT,other,0.0,0.0,0.433500000000005,0.43367868661880493,0.43358934330940496,0.0,True
kxhormuznorm26mar17b260515-0x1080671a,KXHORMUZNORM-26MAR17-B260515,short_spread,RESOLUTION_EXIT,other,0.0,0.0,0.3194999999999961,0.32238221168518066,0.3209411058425884,0.0,True
kxhormuznorm26mar17b260801-0x1080671a,KXHORMUZNORM-26MAR17-B260801,short_spread,RESOLUTION_EXIT,other,0.0050000000000000044,-0.0050000000000000044,0.6244999999999958,0.6176441311836243,0.62107206559181,-0.0050000000000000044,True
kxdoge26apr1417b0092-0x5b919435,KXDOGE-26APR1417-B0.092,short_spread,RESOLUTION_EXIT,crypto,-0.07000000000000006,0.07000000000000006,0.5705000000000049,0.5684940218925476,0.5694970109462762,0.07000000000000006,True
kxhormuznorm26mar17b270101-0x1080671a,KXHORMUZNORM-26MAR17-B270101,short_spread,RESOLUTION_EXIT,other,0.0,0.0,0.7545000000000052,0.7547222375869751,0.7546111187934901,0.0,True
kxdegdpyoyf26apr30t0-0xb0c7a573,KXDEGDPYOYF-26APR30-T0,short_spread,MOMENTUM,gdp,0.026999999999999913,-0.026999999999999913,0.6110000000000008,0.6097245812416077,0.6103622906208042,-0.026999999999999913,True
kxdegdpyoyf26apr30t01-0xb0c7a573,KXDEGDPYOYF-26APR30-T0.1,short_spread,MOMENTUM,gdp,0.026999999999999913,-0.026999999999999913,0.5809999999999983,0.5840042233467102,0.5825021116733542,-0.026999999999999913,True
kxdegdpyoyf26apr30t02-0xb0c7a573,KXDEGDPYOYF-26APR30-T0.2,short_spread,MOMENTUM,gdp,0.026999999999999913,-0.026999999999999913,0.5509999999999967,0.556526780128479,0.5537633900642378,-0.026999999999999913,True
kxdegdpyoyf26apr30t03-0xb0c7a573,KXDEGDPYOYF-26APR30-T0.3,short_spread,MOMENTUM,gdp,0.03199999999999992,-0.03199999999999992,0.3759999999999958,0.37646302580833435,0.37623151290416507,-0.03199999999999992,True
kxhormuznorm26mar17b260901-0x1080671a,KXHORMUZNORM-26MAR17-B260901,short_spread,RESOLUTION_EXIT,other,0.0,0.0,0.6495000000000049,0.6441519260406494,0.6468259630203271,0.0,True
kxhormuznorm26mar17b260801-0x1080671a,KXHORMUZNORM-26MAR17-B260801,short_spread,RESOLUTION_EXIT,other,-0.010000000000000009,0.010000000000000009,0.6144999999999996,0.6099333763122559,0.6122166881561277,0.010000000000000009,True
kxarmominf26apr14t30-0xa84dec4c,KXARMOMINF-26APR14-T3.0,short_spread,RESOLUTION_EXIT,inflation,0.010000000000000009,-0.010000000000000009,0.8274999999999993,0.8190116882324219,0.8232558441162106,-0.010000000000000009,True
kxhormuznorm26mar17b261001-0x1080671a,KXHORMUZNORM-26MAR17-B261001,short_spread,RESOLUTION_EXIT,other,-0.004999999999999893,0.004999999999999893,0.674500000000005,0.6746880412101746,0.6745940206050898,0.004999999999999893,True
kxhormuznorm26mar17b260701-0x1080671a,KXHORMUZNORM-26MAR17-B260701,short_spread,RESOLUTION_EXIT,other,0.010000000000000009,-0.010000000000000009,0.5544999999999998,0.5570023059844971,0.5557511529922484,-0.010000000000000009,True
kxdoged26apr1417t00699999-0x5b919435,KXDOGED-26APR1417-T0.0699999,short_spread,RESOLUTION_EXIT,crypto,-0.1499999999999999,0.1499999999999999,0.7955000000000052,0.7935056686401367,0.794502834320071,0.1499999999999999,True
kxtechlayoff26mar20-0x74f19011,KXTECHLAYOFF-26MAR-2.0,long_spread,RESOLUTION_EXIT,other,0.0,0.0,-0.6349999999999966,-0.6301697492599487,-0.6325848746299727,0.0,True
kxdoge26apr1417b0092-0x5b919435,KXDOGE-26APR1417-B0.092,short_spread,RESOLUTION_EXIT,crypto,0.040000000000000036,-0.040000000000000036,0.610500000000005,0.6094736456871033,0.6099868228435541,-0.040000000000000036,True
kxdoged26apr1417t00949999-0x5b919435,KXDOGED-26APR1417-T0.0949999,short_spread,RESOLUTION_EXIT,crypto,0.0,0.0,0.4005000000000049,0.4025753140449524,0.4015376570224787,0.0,True
kxhormuznorm26mar17b270101-0x1080671a,KXHORMUZNORM-26MAR17-B270101,short_spread,RESOLUTION_EXIT,other,0.0050000000000000044,-0.0050000000000000044,0.7595000000000051,0.7547222375869751,0.75711111879349,-0.0050000000000000044,True
kxkatzout26jan0127jan01-0xb25a93dc,KXKATZOUT-26JAN01-27JAN01,short_spread,RESOLUTION_EXIT,other,0.0,0.0,0.4334999999999996,0.43367868661880493,0.43358934330940224,0.0,True
kxhormuznorm26mar17b260601-0x1080671a,KXHORMUZNORM-26MAR17-B260601,short_spread,RESOLUTION_EXIT,other,0.010000000000000009,-0.010000000000000009,0.46449999999999964,0.4673566520214081,0.4659283260107039,-0.010000000000000009,True
kxfisaextend26mar-0x61212670,KXFISAEXTEND-26MAR,short_spread,RESOLUTION_EXIT,other,0.0,0.0,0.3250000000000043,0.3220268487930298,0.32351342439651704,0.0,True
kxhormuznorm26mar17b270401-0x1080671a,KXHORMUZNORM-26MAR17-B270401,short_spread,RESOLUTION_EXIT,other,0.0,0.0,0.7995000000000051,0.7945589423179626,0.7970294711589838,0.0,True
kxarmominf26apr14t35-0x2b3e9527,KXARMOMINF-26APR14-T3.5,long_spread,RESOLUTION_EXIT,inflation,-0.03500000000000003,0.03500000000000003,-0.7500000000000029,-0.7688158750534058,-0.7594079375267043,-0.03500000000000003,True
kxhormuznorm26mar17b270101-0xdb7fa6f9,KXHORMUZNORM-26MAR17-B270101,short_spread,RESOLUTION_EXIT,other,0.0050000000000000044,-0.0050000000000000044,0.7595000000000051,0.7547222375869751,0.75711111879349,-0.0050000000000000044,True
kxhormuznorm26mar17b260515-0x1080671a,KXHORMUZNORM-26MAR17-B260515,short_spread,RESOLUTION_EXIT,other,0.010000000000000009,-0.010000000000000009,0.3294999999999995,0.3357209861278534,0.3326104930639264,-0.010000000000000009,True
kxfisaextend26mar-0x61212670,KXFISAEXTEND-26MAR,short_spread,RESOLUTION_EXIT,other,0.0,0.0,0.32500000000000395,0.3220268487930298,0.32351342439651687,0.0,True
kxhormuznorm26mar17b260901-0x1080671a,KXHORMUZNORM-26MAR17-B260901,short_spread,RESOLUTION_EXIT,other,0.0,0.0,0.6495000000000049,0.6441519260406494,0.6468259630203271,0.0,True
kxtechlayoff26mar20-0x74f19011,KXTECHLAYOFF-26MAR-2.0,long_spread,RESOLUTION_EXIT,other,0.0,0.0,-0.6349999999999966,-0.6301697492599487,-0.6325848746299727,0.0,True
kxhormuznorm26mar17b260601-0x1080671a,KXHORMUZNORM-26MAR17-B260601,short_spread,RESOLUTION_EXIT,other,-0.010000000000000009,0.010000000000000009,0.4545000000000025,0.4506361186504364,0.4525680593252195,0.010000000000000009,True
kxdoged26apr1417t00699999-0x5b919435,KXDOGED-26APR1417-T0.0699999,short_spread,RESOLUTION_EXIT,crypto,0.0,0.0,0.7955000000000052,0.7935056686401367,0.794502834320071,0.0,True
kxarmominf26apr14t35-0x2b3e9527,KXARMOMINF-26APR14-T3.5,long_spread,RESOLUTION_EXIT,inflation,0.020000000000000018,-0.020000000000000018,-0.7700000000000029,-0.769279956817627,-0.7696399784088149,0.020000000000000018,True
kxhormuznorm26mar17b260515-0x1080671a,KXHORMUZNORM-26MAR17-B260515,short_spread,RESOLUTION_EXIT,other,0.0,0.0,0.32950000000000246,0.3357209861278534,0.3326104930639279,0.0,True
kxhormuznorm26mar17b270401-0x1080671a,KXHORMUZNORM-26MAR17-B270401,short_spread,RESOLUTION_EXIT,other,0.0,0.0,0.7995000000000051,0.7945589423179626,0.7970294711589838,0.0,True
kxhormuznorm26mar17b260801-0x1080671a,KXHORMUZNORM-26MAR17-B260801,short_spread,RESOLUTION_EXIT,other,0.0,0.0,0.6145000000000033,0.6099333763122559,0.6122166881561295,0.0,True
kxarmominf26apr14t25-0x69cdc96d,KXARMOMINF-26APR14-T2.5,short_spread,RESOLUTION_EXIT,inflation,-0.15049999999999997,0.15049999999999997,0.7880000000000024,0.7859881520271301,0.7869940760135663,0.15049999999999997,True
kxhormuznorm26mar17b270101-0x1080671a,KXHORMUZNORM-26MAR17-B270101,short_spread,RESOLUTION_EXIT,other,0.0,0.0,0.7595000000000051,0.7547222375869751,0.75711111879349,0.0,True
kxhormuznorm26mar17b270101-0xdb7fa6f9,KXHORMUZNORM-26MAR17-B270101,short_spread,RESOLUTION_EXIT,other,0.0,0.0,0.7595000000000051,0.7547222375869751,0.75711111879349,0.0,True
kxhormuznorm26mar17b270701-0xdb7fa6f9,KXHORMUZNORM-26MAR17-B270701,short_spread,RESOLUTION_EXIT,other,-0.004999999999999893,0.004999999999999893,0.8495000000000051,0.8460294604301453,0.8477647302150753,0.004999999999999893,True
kxdoged26apr1417t00949999-0x5b919435,KXDOGED-26APR1417-T0.0949999,short_spread,RESOLUTION_EXIT,crypto,0.285,-0.285,0.6855000000000051,0.6845610737800598,0.6850305368900325,-0.285,True
kxdoge26apr1417b0097-0x5b919435,KXDOGE-26APR1417-B0.097,short_spread,RESOLUTION_EXIT,crypto,0.05999999999999994,-0.05999999999999994,0.3455000000000049,0.33873212337493896,0.34211606168747194,-0.05999999999999994,True
kxhormuznorm26mar17b261001-0x1080671a,KXHORMUZNORM-26MAR17-B261001,short_spread,RESOLUTION_EXIT,other,0.004999999999999893,-0.004999999999999893,0.6795000000000049,0.6746880412101746,0.6770940206050897,-0.004999999999999893,True
kxarmominf26apr14t30-0xa84dec4c,KXARMOMINF-26APR14-T3.0,short_spread,RESOLUTION_EXIT,inflation,0.01750000000000007,-0.01750000000000007,0.845,0.8414663076400757,0.8432331538200378,-0.01750000000000007,True
kxdoge26apr1417b0092-0x5b919435,KXDOGE-26APR1417-B0.092,short_spread,RESOLUTION_EXIT,crypto,-0.13000000000000006,0.13000000000000006,0.480500000000005,0.4762747883796692,0.4783873941898371,0.13000000000000006,True
kxkatzout26jan0127jan01-0xb25a93dc,KXKATZOUT-26JAN01-27JAN01,short_spread,RESOLUTION_EXIT,other,0.0,0.0,0.4335000000000019,0.43367868661880493,0.4335893433094034,0.0,True
kxhormuznorm26mar17b260701-0x1080671a,KXHORMUZNORM-26MAR17-B260701,short_spread,RESOLUTION_EXIT,other,-0.010000000000000009,0.010000000000000009,0.5445000000000025,0.5435710549354553,0.5440355274677289,0.010000000000000009,True
kxtruthsocial26apr18b109-0x8e077db0,KXTRUTHSOCIAL-26APR18-B109,long_spread,TIME_STOP,other,0.0,0.0,-0.8344999999999965,-0.840665876865387,-0.8375829384326917,0.0,True
kxcacpiyoy26apr20t25-0x29c639f7,KXCACPIYOY-26APR20-T2.5,short_spread,TIME_STOP,inflation,0.0035000000000000586,-0.0035000000000000586,0.6110000000000003,0.6092422604560852,0.6101211302280427,-0.0035000000000000586,True
kxtruthsocial26apr18b129-0x8e077db0,KXTRUTHSOCIAL-26APR18-B129,long_spread,TIME_STOP,other,0.0,0.0,-0.7944999999999964,-0.7849615216255188,-0.7897307608127576,0.0,True
kxcacpiyoy26apr20t25-0xa792f029,KXCACPIYOY-26APR20-T2.5,short_spread,TIME_STOP,inflation,0.0,0.0,0.6050000000000009,0.6092422604560852,0.607121130228043,0.0,True
kxcacpiyoy26apr20t19-0x29c639f7,KXCACPIYOY-26APR20-T1.9,short_spread,TIME_STOP,inflation,0.0035000000000000586,-0.0035000000000000586,0.7709999999999936,0.7652288675308228,0.7681144337654082,-0.0035000000000000586,True
kxcacpiyoy26apr20t18-0x29c639f7,KXCACPIYOY-26APR20-T1.8,short_spread,TIME_STOP,inflation,0.0035000000000000586,-0.0035000000000000586,0.7709999999999916,0.7652288675308228,0.7681144337654071,-0.0035000000000000586,True
kxcacpiyoy26apr20t2-0x29c639f7,KXCACPIYOY-26APR20-T2,short_spread,TIME_STOP,inflation,0.0035000000000000586,-0.0035000000000000586,0.7709999999999937,0.7652288675308228,0.7681144337654082,-0.0035000000000000586,True
kxcacpiyoy26apr20t23-0x29c639f7,KXCACPIYOY-26APR20-T2.3,short_spread,TIME_STOP,inflation,0.0035000000000000586,-0.0035000000000000586,0.721,0.7237178683280945,0.7223589341640473,-0.0035000000000000586,True
kxcacpiyoy26apr20t26-0x29c639f7,KXCACPIYOY-26APR20-T2.6,short_spread,TIME_STOP,inflation,0.0035000000000000586,-0.0035000000000000586,0.4810000000000013,0.4790520668029785,0.4800260334014899,-0.0035000000000000586,True
kxcacpiyoy26apr20t22-0x1f61db83,KXCACPIYOY-26APR20-T2.2,short_spread,TIME_STOP,inflation,0.0,0.0,0.39999999999999963,0.4006912410259247,0.4003456205129622,0.0,True
kxcacpiyoy26apr20t23-0x1f61db83,KXCACPIYOY-26APR20-T2.3,short_spread,TIME_STOP,inflation,0.0,0.0,0.38999999999999896,0.38765546679496765,0.38882773339748333,0.0,True
kxcacpiyoy26apr20t24-0x1f61db83,KXCACPIYOY-26APR20-T2.4,short_spread,TIME_STOP,inflation,0.0,0.0,0.38999999999999896,0.38765546679496765,0.38882773339748333,0.0,True
kxcacpiyoy26apr20t22-0x29c639f7,KXCACPIYOY-26APR20-T2.2,short_spread,TIME_STOP,inflation,0.0035000000000000586,-0.0035000000000000586,0.7310000000000003,0.7348334193229675,0.7329167096614839,-0.0035000000000000586,True
kxcacpiyoy26apr20t21-0x1f61db83,KXCACPIYOY-26APR20-T2.1,short_spread,TIME_STOP,inflation,0.0,0.0,0.41499999999999565,0.41864222288131714,0.41682111144065637,0.0,True
kxcacpiyoy26apr20t2-0x1f61db83,KXCACPIYOY-26APR20-T2,short_spread,TIME_STOP,inflation,0.0,0.0,0.43999999999999434,0.4438614547252655,0.44193072736262995,0.0,True
kxcacpiyoy26apr20t26-0xa7abe7ea,KXCACPIYOY-26APR20-T2.6,short_spread,TIME_STOP,inflation,0.0,0.0,0.5350000000000018,0.5309388041496277,0.5329694020748148,0.0,True
kxcacpiyoy26apr20t21-0x29c639f7,KXCACPIYOY-26APR20-T2.1,short_spread,TIME_STOP,inflation,0.0035000000000000586,-0.0035000000000000586,0.7459999999999991,0.7458637952804565,0.7459318976402278,-0.0035000000000000586,True
kxcacpiyoy26apr20t24-0x29c639f7,KXCACPIYOY-26APR20-T2.4,short_spread,TIME_STOP,inflation,0.0035000000000000586,-0.0035000000000000586,0.721,0.7237178683280945,0.7223589341640473,-0.0035000000000000586,True
kxmusknw26apr30t600-0xa4e4a9dc,KXMUSKNW-26APR30-T600,short_spread,MOMENTUM,other,-0.0050000000000000044,0.0050000000000000044,0.6500000000000046,0.6438219547271729,0.6469109773635887,0.0050000000000000044,True
kxvisitnyc26jun01djtnyc-0x154a7f7d,KXVISITNYC-26JUN01-DJTNYC,long_spread,MOMENTUM,politics_policy,-0.018000000000000016,0.018000000000000016,-0.5725000000000019,-0.5715757608413696,-0.5720378804206858,-0.018000000000000016,True
kxdoge26apr1417b0097-0x5b919435,KXDOGE-26APR1417-B0.097,short_spread,RESOLUTION_EXIT,crypto,0.0,0.0,0.520500000000005,0.5152400732040405,0.5178700366020228,0.0,True
kxfisaextend26mar-0x61212670,KXFISAEXTEND-26MAR,short_spread,RESOLUTION_EXIT,other,0.0,0.0,0.3250000000000042,0.3220268487930298,0.323513424396517,0.0,True
kxkatzout26jan0127jan01-0xb25a93dc,KXKATZOUT-26JAN01-27JAN01,short_spread,RESOLUTION_EXIT,other,0.0,0.0,0.433500000000005,0.43367868661880493,0.43358934330940496,0.0,True
kxhormuznorm26mar17b260601-0x1080671a,KXHORMUZNORM-26MAR17-B260601,short_spread,RESOLUTION_EXIT,other,-0.010000000000000009,0.010000000000000009,0.45449999999999613,0.4506361186504364,0.45256805932521627,0.010000000000000009,True
kxhormuznorm26mar17b270701-0xdb7fa6f9,KXHORMUZNORM-26MAR17-B270701,short_spread,RESOLUTION_EXIT,other,0.0,0.0,0.8495000000000051,0.8460294604301453,0.8477647302150753,0.0,True
kxhormuznorm26mar17b261001-0x1080671a,KXHORMUZNORM-26MAR17-B261001,short_spread,RESOLUTION_EXIT,other,0.0050000000000001155,-0.0050000000000001155,0.684500000000005,0.6850208044052124,0.6847604022026087,-0.0050000000000001155,True
kxhormuznorm26mar17b260701-0x1080671a,KXHORMUZNORM-26MAR17-B260701,short_spread,RESOLUTION_EXIT,other,0.0,0.0,0.5244999999999961,0.5156998038291931,0.5200999019145947,0.0,True
kxarmominf26apr14t25-0x7bef7c8b,KXARMOMINF-26APR14-T2.5,short_spread,RESOLUTION_EXIT,inflation,-0.09250000000000003,0.09250000000000003,0.8015000000000044,0.794919490814209,0.7982097454071067,0.09250000000000003,True
kxhormuznorm26mar17b270101-0x1080671a,KXHORMUZNORM-26MAR17-B270101,short_spread,RESOLUTION_EXIT,other,0.0,0.0,0.7595000000000051,0.7547222375869751,0.75711111879349,0.0,True
kxdoge26apr1417b0092-0x5b919435,KXDOGE-26APR1417-B0.092,short_spread,RESOLUTION_EXIT,crypto,0.0,0.0,0.45050000000000495,0.4493846595287323,0.44994232976436865,0.0,True
kxhormuznorm26mar17b260801-0x1080671a,KXHORMUZNORM-26MAR17-B260801,short_spread,RESOLUTION_EXIT,other,0.0,0.0,0.6144999999999958,0.6099333763122559,0.6122166881561258,0.0,True
kxhormuznorm26mar17b270101-0xdb7fa6f9,KXHORMUZNORM-26MAR17-B270101,short_spread,RESOLUTION_EXIT,other,0.0,0.0,0.7595000000000051,0.7547222375869751,0.75711111879349,0.0,True
kxhormuznorm26mar17b260901-0x1080671a,KXHORMUZNORM-26MAR17-B260901,short_spread,RESOLUTION_EXIT,other,0.0,0.0,0.6495000000000049,0.6441519260406494,0.6468259630203271,0.0,True
kxhormuznorm26mar17b260515-0x1080671a,KXHORMUZNORM-26MAR17-B260515,short_spread,RESOLUTION_EXIT,other,-0.010000000000000009,0.010000000000000009,0.3194999999999961,0.32238221168518066,0.3209411058425884,0.010000000000000009,True
kxarmominf26apr14t35-0x2b3e9527,KXARMOMINF-26APR14-T3.5,long_spread,RESOLUTION_EXIT,inflation,0.020000000000000018,-0.020000000000000018,-0.8100000000000198,-0.808070719242096,-0.8090353596210579,0.020000000000000018,True
kxdoged26apr1417t00949999-0x5b919435,KXDOGED-26APR1417-T0.0949999,short_spread,RESOLUTION_EXIT,crypto,0.010000000000000009,-0.010000000000000009,0.530500000000005,0.5310059189796448,0.5307529594898248,-0.010000000000000009,True
kxhormuznorm26mar17b270401-0x1080671a,KXHORMUZNORM-26MAR17-B270401,short_spread,RESOLUTION_EXIT,other,0.0,0.0,0.7995000000000051,0.7945589423179626,0.7970294711589838,0.0,True
kxtechlayoff26mar20-0x74f19011,KXTECHLAYOFF-26MAR-2.0,long_spread,RESOLUTION_EXIT,other,0.0,0.0,-0.6349999999999966,-0.6301697492599487,-0.6325848746299727,0.0,True
kxdoged26apr1417t00799999-0x5b919435,KXDOGED-26APR1417-T0.0799999,short_spread,RESOLUTION_EXIT,crypto,-0.1499999999999999,0.1499999999999999,0.7955000000000052,0.7935056686401367,0.794502834320071,0.1499999999999999,True
kxdoged26apr1417t00699999-0x5b919435,KXDOGED-26APR1417-T0.0699999,short_spread,RESOLUTION_EXIT,crypto,-0.1499999999999999,0.1499999999999999,0.7955000000000052,0.7935056686401367,0.794502834320071,0.1499999999999999,True
kxfisaextend26mar-0x61212670,KXFISAEXTEND-26MAR,short_spread,RESOLUTION_EXIT,other,0.0,0.0,0.3250000000000042,0.3220268487930298,0.323513424396517,0.0,True
kxhormuznorm26mar17b260701-0x1080671a,KXHORMUZNORM-26MAR17-B260701,short_spread,RESOLUTION_EXIT,other,0.0,0.0,0.5244999999999961,0.5156998038291931,0.5200999019145947,0.0,True
kxdoged26apr1413t00949999-0x5b919435,KXDOGED-26APR1413-T0.0949999,short_spread,RESOLUTION_EXIT,crypto,0.0,0.0,0.735500000000005,0.734794020652771,0.735147010326388,0.0,True
kxhormuznorm26mar17b260515-0x1080671a,KXHORMUZNORM-26MAR17-B260515,short_spread,RESOLUTION_EXIT,other,0.025000000000000022,-0.025000000000000022,0.34449999999999614,0.3390735387802124,0.3417867693901043,-0.025000000000000022,True
kxkatzout26jan0127jan01-0xb25a93dc,KXKATZOUT-26JAN01-27JAN01,short_spread,RESOLUTION_EXIT,other,0.0,0.0,0.433500000000005,0.43367868661880493,0.43358934330940496,0.0,True
kxhormuznorm26mar17b270401-0x1080671a,KXHORMUZNORM-26MAR17-B270401,short_spread,RESOLUTION_EXIT,other,0.0,0.0,0.7995000000000051,0.7945589423179626,0.7970294711589838,0.0,True
kxhormuznorm26mar17b260601-0x1080671a,KXHORMUZNORM-26MAR17-B260601,short_spread,RESOLUTION_EXIT,other,0.015000000000000013,-0.015000000000000013,0.4694999999999962,0.46769285202026367,0.46859642601012996,-0.015000000000000013,True
kxdoged26apr1417t00749999-0x5b919435,KXDOGED-26APR1417-T0.0749999,short_spread,RESOLUTION_EXIT,crypto,-0.1499999999999999,0.1499999999999999,0.7955000000000052,0.7935056686401367,0.794502834320071,0.1499999999999999,True
kxtechlayoff26mar20-0x74f19011,KXTECHLAYOFF-26MAR-2.0,long_spread,RESOLUTION_EXIT,other,0.0,0.0,-0.6349999999999966,-0.6301697492599487,-0.6325848746299727,0.0,True
kxhormuznorm26mar17b261001-0x1080671a,KXHORMUZNORM-26MAR17-B261001,short_spread,RESOLUTION_EXIT,other,0.0,0.0,0.684500000000005,0.6850208044052124,0.6847604022026087,0.0,True
kxdoge26apr1417b0097-0x5b919435,KXDOGE-26APR1417-B0.097,short_spread,RESOLUTION_EXIT,crypto,0.16499999999999992,-0.16499999999999992,0.6855000000000051,0.6845610737800598,0.6850305368900325,-0.16499999999999992,True
kxhormuznorm26mar17b260901-0x1080671a,KXHORMUZNORM-26MAR17-B260901,short_spread,RESOLUTION_EXIT,other,0.0,0.0,0.6495000000000049,0.6441519260406494,0.6468259630203271,0.0,True
kxhormuznorm26mar17b270101-0x1080671a,KXHORMUZNORM-26MAR17-B270101,short_spread,RESOLUTION_EXIT,other,0.0,0.0,0.7595000000000051,0.7547222375869751,0.75711111879349,0.0,True
kxarmominf26apr14t25-0x7bef7c8b,KXARMOMINF-26APR14-T2.5,short_spread,RESOLUTION_EXIT,inflation,0.0044999999999999485,-0.0044999999999999485,0.8060000000000044,0.8066341280937195,0.806317064046862,-0.0044999999999999485,True
kxhormuznorm26mar17b270701-0xdb7fa6f9,KXHORMUZNORM-26MAR17-B270701,short_spread,RESOLUTION_EXIT,other,0.0,0.0,0.8495000000000051,0.8460294604301453,0.8477647302150753,0.0,True
kxhormuznorm26mar17b260801-0x1080671a,KXHORMUZNORM-26MAR17-B260801,short_spread,RESOLUTION_EXIT,other,0.0,0.0,0.6144999999999958,0.6099333763122559,0.6122166881561258,0.0,True
kxhormuznorm26mar17b270101-0xdb7fa6f9,KXHORMUZNORM-26MAR17-B270101,short_spread,RESOLUTION_EXIT,other,0.0,0.0,0.7595000000000051,0.7547222375869751,0.75711111879349,0.0,True
kxarmominf26apr14t35-0x2b3e9527,KXARMOMINF-26APR14-T3.5,long_spread,RESOLUTION_EXIT,inflation,-0.06500000000000006,0.06500000000000006,-0.7450000000000124,-0.7525866627693176,-0.7487933313846651,-0.06500000000000006,True
kxdoged26apr1417t00949999-0x5b919435,KXDOGED-26APR1417-T0.0949999,short_spread,RESOLUTION_EXIT,crypto,0.2499999999999999,-0.2499999999999999,0.7805000000000049,0.7772345542907715,0.7788672771453882,-0.2499999999999999,True
kxcpiyoy26aprt37-0xa792f029,KXCPIYOY-26APR-T3.7,short_spread,TAKE_PROFIT,inflation,0.2550000000000001,-0.2550000000000001,0.34499999999999775,0.3387181758880615,0.34185908794402964,-0.2550000000000001,True
kxhormuznorm26mar17b270701-0xdb7fa6f9,KXHORMUZNORM-26MAR17-B270701,short_spread,RESOLUTION_EXIT,other,0.0,0.0,0.8495000000000051,0.8460294604301453,0.8477647302150753,0.0,True
kxdoged26apr1413t00949999-0x5b919435,KXDOGED-26APR1413-T0.0949999,short_spread,RESOLUTION_EXIT,crypto,0.0,0.0,0.735500000000005,0.734794020652771,0.735147010326388,0.0,True
kxhormuznorm26mar17b261001-0x1080671a,KXHORMUZNORM-26MAR17-B261001,short_spread,RESOLUTION_EXIT,other,0.0,0.0,0.684500000000005,0.6850208044052124,0.6847604022026087,0.0,True
kxkatzout26jan0127jan01-0xb25a93dc,KXKATZOUT-26JAN01-27JAN01,short_spread,RESOLUTION_EXIT,other,0.0,0.0,0.43349999999999933,0.43367868661880493,0.43358934330940213,0.0,True
kxhormuznorm26mar17b260701-0x1080671a,KXHORMUZNORM-26MAR17-B260701,short_spread,RESOLUTION_EXIT,other,0.0,0.0,0.5244999999999995,0.5156998038291931,0.5200999019145963,0.0,True
kxfisaextend26mar-0x61212670,KXFISAEXTEND-26MAR,short_spread,RESOLUTION_EXIT,other,0.0,0.0,0.3250000000000043,0.3220268487930298,0.32351342439651704,0.0,True
kxarmominf26apr14t35-0x2b3e9527,KXARMOMINF-26APR14-T3.5,long_spread,RESOLUTION_EXIT,inflation,-0.04999999999999993,0.04999999999999993,-0.6950000000000123,-0.7220187187194824,-0.7085093593597473,-0.04999999999999993,True
kxhormuznorm26mar17b260801-0x1080671a,KXHORMUZNORM-26MAR17-B260801,short_spread,RESOLUTION_EXIT,other,-0.0050000000000000044,0.0050000000000000044,0.6094999999999996,0.6099333763122559,0.6097166881561278,0.0050000000000000044,True
kxhormuznorm26mar17b260901-0x1080671a,KXHORMUZNORM-26MAR17-B260901,short_spread,RESOLUTION_EXIT,other,0.0,0.0,0.6495000000000049,0.6441519260406494,0.6468259630203271,0.0,True
kxdoged26apr1417t00949999-0x5b919435,KXDOGED-26APR1417-T0.0949999,short_spread,RESOLUTION_EXIT,crypto,-0.1299999999999999,0.1299999999999999,0.6505000000000051,0.6542981863021851,0.652399093151095,0.1299999999999999,True
kxdoge26apr1417b0097-0x5b919435,KXDOGE-26APR1417-B0.097,short_spread,RESOLUTION_EXIT,crypto,-0.040000000000000036,0.040000000000000036,0.6455000000000047,0.6437647938728333,0.6446323969364189,0.040000000000000036,True
kxhormuznorm26mar17b270101-0xdb7fa6f9,KXHORMUZNORM-26MAR17-B270101,short_spread,RESOLUTION_EXIT,other,0.0,0.0,0.7595000000000051,0.7547222375869751,0.75711111879349,0.0,True
kxarmominf26apr14t25-0x7bef7c8b,KXARMOMINF-26APR14-T2.5,short_spread,RESOLUTION_EXIT,inflation,0.0015000000000000568,-0.0015000000000000568,0.8075000000000044,0.8066341280937195,0.807067064046862,-0.0015000000000000568,True
kxdoge26apr1417b0092-0x5b919435,KXDOGE-26APR1417-B0.092,short_spread,RESOLUTION_EXIT,crypto,0.07999999999999996,-0.07999999999999996,0.32050000000000484,0.3220407962799072,0.32127039813995606,-0.07999999999999996,True
kxhormuznorm26mar17b260601-0x1080671a,KXHORMUZNORM-26MAR17-B260601,short_spread,RESOLUTION_EXIT,other,0.0,0.0,0.46949999999999964,0.46769285202026367,0.46859642601013163,0.0,True
kxhormuznorm26mar17b270401-0x1080671a,KXHORMUZNORM-26MAR17-B270401,short_spread,RESOLUTION_EXIT,other,0.0,0.0,0.7995000000000051,0.7945589423179626,0.7970294711589838,0.0,True
kxhormuznorm26mar17b270101-0x1080671a,KXHORMUZNORM-26MAR17-B270101,short_spread,RESOLUTION_EXIT,other,0.0,0.0,0.7595000000000051,0.7547222375869751,0.75711111879349,0.0,True
kxhormuznorm26mar17b260515-0x1080671a,KXHORMUZNORM-26MAR17-B260515,short_spread,RESOLUTION_EXIT,other,0.0,0.0,0.3444999999999996,0.3390735387802124,0.341786769390106,0.0,True
kxdoged26apr1413t00899999-0x5b919435,KXDOGED-26APR1413-T0.0899999,short_spread,RESOLUTION_EXIT,crypto,-0.22999999999999998,0.22999999999999998,0.7455000000000049,0.7462600469589233,0.7458800234794641,0.22999999999999998,True
kxtechlayoff26mar20-0x74f19011,KXTECHLAYOFF-26MAR-2.0,long_spread,RESOLUTION_EXIT,other,0.0,0.0,-0.6349999999999966,-0.6301697492599487,-0.6325848746299727,0.0,True
kxcacpiyoy26apr20t25-0xa792f029,KXCACPIYOY-26APR20-T2.5,short_spread,TIME_STOP,inflation,0.0,0.0,0.6050000000000008,0.6092422604560852,0.607121130228043,0.0,True
kxcacpiyoy26apr20t24-0x29c639f7,KXCACPIYOY-26APR20-T2.4,short_spread,TIME_STOP,inflation,0.0020000000000000018,-0.0020000000000000018,0.7229999999999999,0.7237178683280945,0.7233589341640472,-0.0020000000000000018,True
kxcacpiyoy26apr20t21-0x1f61db83,KXCACPIYOY-26APR20-T2.1,short_spread,TIME_STOP,inflation,0.0,0.0,0.4149999999999949,0.41864222288131714,0.41682111144065603,0.0,True
kxcacpiyoy26apr20t2-0x1f61db83,KXCACPIYOY-26APR20-T2,short_spread,TIME_STOP,inflation,0.0,0.0,0.43999999999999234,0.4438614547252655,0.44193072736262895,0.0,True
kxcacpiyoy26apr20t19-0x29c639f7,KXCACPIYOY-26APR20-T1.9,short_spread,TIME_STOP,inflation,0.0019999999999998908,-0.0019999999999998908,0.7729999999999915,0.7775272130966187,0.7752636065483051,-0.0019999999999998908,True
kxcacpiyoy26apr20t21-0x29c639f7,KXCACPIYOY-26APR20-T2.1,short_spread,TIME_STOP,inflation,0.0020000000000000018,-0.0020000000000000018,0.747999999999999,0.7459178566932678,0.7469589283466334,-0.0020000000000000018,True
kxcacpiyoy26apr20t25-0x29c639f7,KXCACPIYOY-26APR20-T2.5,short_spread,TIME_STOP,inflation,0.0020000000000000018,-0.0020000000000000018,0.6130000000000003,0.6092422604560852,0.6111211302280428,-0.0020000000000000018,True
kxtruthsocial26apr18b109-0x8e077db0,KXTRUTHSOCIAL-26APR18-B109,long_spread,TIME_STOP,other,-0.006000000000000005,0.006000000000000005,-0.8285000000000059,-0.8381419777870178,-0.8333209888935118,-0.006000000000000005,True
kxcacpiyoy26apr20t26-0xa7abe7ea,KXCACPIYOY-26APR20-T2.6,short_spread,TIME_STOP,inflation,-0.0050000000000001155,0.0050000000000001155,0.5300000000000018,0.5309388041496277,0.5304694020748147,0.0050000000000001155,True
kxcacpiyoy26apr20t23-0x1f61db83,KXCACPIYOY-26APR20-T2.3,short_spread,TIME_STOP,inflation,0.0,0.0,0.38999999999999896,0.38765546679496765,0.38882773339748333,0.0,True
kxcacpiyoy26apr20t26-0x29c639f7,KXCACPIYOY-26APR20-T2.6,short_spread,TIME_STOP,inflation,-0.003000000000000169,0.003000000000000169,0.47800000000000104,0.4760567247867584,0.47702836239337976,0.003000000000000169,True
kxcacpiyoy26apr20t22-0x1f61db83,KXCACPIYOY-26APR20-T2.2,short_spread,TIME_STOP,inflation,0.0,0.0,0.39999999999999963,0.4006912410259247,0.4003456205129622,0.0,True
kxtruthsocial26apr18b129-0x8e077db0,KXTRUTHSOCIAL-26APR18-B129,long_spread,TIME_STOP,other,-0.006000000000000005,0.006000000000000005,-0.7884999999999983,-0.7824376225471497,-0.7854688112735739,-0.006000000000000005,True
kxcacpiyoy26apr20t22-0x29c639f7,KXCACPIYOY-26APR20-T2.2,short_spread,TIME_STOP,inflation,0.0020000000000000018,-0.0020000000000000018,0.7330000000000002,0.7348334193229675,0.7339167096614838,-0.0020000000000000018,True
kxcacpiyoy26apr20t2-0x29c639f7,KXCACPIYOY-26APR20-T2,short_spread,TIME_STOP,inflation,0.0019999999999998908,-0.0019999999999998908,0.7729999999999915,0.7775272130966187,0.7752636065483051,-0.0019999999999998908,True
kxcacpiyoy26apr20t24-0x1f61db83,KXCACPIYOY-26APR20-T2.4,short_spread,TIME_STOP,inflation,0.0,0.0,0.38999999999999896,0.38765546679496765,0.38882773339748333,0.0,True
kxcacpiyoy26apr20t23-0x29c639f7,KXCACPIYOY-26APR20-T2.3,short_spread,TIME_STOP,inflation,0.0020000000000000018,-0.0020000000000000018,0.7229999999999999,0.7237178683280945,0.7233589341640472,-0.0020000000000000018,True
kxcacpiyoy26apr20t18-0x29c639f7,KXCACPIYOY-26APR20-T1.8,short_spread,TIME_STOP,inflation,0.0019999999999998908,-0.0019999999999998908,0.7729999999999884,0.7775272130966187,0.7752636065483035,-0.0019999999999998908,True
kxcpiyoy26aprt37-0xbef75184,KXCPIYOY-26APR-T3.7,long_spread,STOP_LOSS,inflation,-0.1050000000000001,0.1050000000000001,-0.3500000000000039,-0.35322490334510803,-0.35161245167255595,-0.1050000000000001,True
kxhormuznorm26mar17b270101-0x1080671a,KXHORMUZNORM-26MAR17-B270101,short_spread,RESOLUTION_EXIT,other,0.0,0.0,0.7595000000000051,0.7547222375869751,0.75711111879349,0.0,True
kxarmominf26apr14t35-0x2b3e9527,KXARMOMINF-26APR14-T3.5,long_spread,RESOLUTION_EXIT,inflation,0.020000000000000018,-0.020000000000000018,-0.715000000000013,-0.7250100374221802,-0.7200050187110966,0.020000000000000018,True
kxarmominf26apr14t25-0x7bef7c8b,KXARMOMINF-26APR14-T2.5,short_spread,RESOLUTION_EXIT,inflation,-0.018000000000000016,0.018000000000000016,0.7895000000000044,0.7859881520271301,0.7877440760135672,0.018000000000000016,True
kxhormuznorm26mar17b260901-0x1080671a,KXHORMUZNORM-26MAR17-B260901,short_spread,RESOLUTION_EXIT,other,0.0,0.0,0.6495000000000049,0.6441519260406494,0.6468259630203271,0.0,True
kxhormuznorm26mar17b260515-0x1080671a,KXHORMUZNORM-26MAR17-B260515,short_spread,RESOLUTION_EXIT,other,0.0,0.0,0.34449999999999614,0.3390735387802124,0.3417867693901043,0.0,True
kxtechlayoff26mar20-0x74f19011,KXTECHLAYOFF-26MAR-2.0,long_spread,RESOLUTION_EXIT,other,0.0,0.0,-0.6349999999999966,-0.6301697492599487,-0.6325848746299727,0.0,True
kxhormuznorm26mar17b270101-0xdb7fa6f9,KXHORMUZNORM-26MAR17-B270101,short_spread,RESOLUTION_EXIT,other,0.0,0.0,0.7595000000000051,0.7547222375869751,0.75711111879349,0.0,True
kxhormuznorm26mar17b260701-0x1080671a,KXHORMUZNORM-26MAR17-B260701,short_spread,RESOLUTION_EXIT,other,0.0,0.0,0.5244999999999961,0.5156998038291931,0.5200999019145947,0.0,True
kxdoged26apr1417t00949999-0x5b919435,KXDOGED-26APR1417-T0.0949999,short_spread,RESOLUTION_EXIT,crypto,-0.030000000000000027,0.030000000000000027,0.6205000000000049,0.6171844005584717,0.6188422002792383,0.030000000000000027,True
kxdoge26apr1417b0092-0x5b919435,KXDOGE-26APR1417-B0.092,short_spread,RESOLUTION_EXIT,crypto,0.07,-0.07,0.39050000000000495,0.3871656060218811,0.38883280301094303,-0.07,True
kxhormuznorm26mar17b260801-0x1080671a,KXHORMUZNORM-26MAR17-B260801,short_spread,RESOLUTION_EXIT,other,0.0050000000000000044,-0.0050000000000000044,0.6144999999999958,0.6099333763122559,0.6122166881561258,-0.0050000000000000044,True
kxhormuznorm26mar17b261001-0x1080671a,KXHORMUZNORM-26MAR17-B261001,short_spread,RESOLUTION_EXIT,other,0.0,0.0,0.684500000000005,0.6850208044052124,0.6847604022026087,0.0,True
kxkatzout26jan0127jan01-0xb25a93dc,KXKATZOUT-26JAN01-27JAN01,short_spread,RESOLUTION_EXIT,other,0.0,0.0,0.433500000000005,0.43367868661880493,0.43358934330940496,0.0,True
kxfisaextend26mar-0x61212670,KXFISAEXTEND-26MAR,short_spread,RESOLUTION_EXIT,other,0.0,0.0,0.3250000000000042,0.3220268487930298,0.323513424396517,0.0,True
kxhormuznorm26mar17b260601-0x1080671a,KXHORMUZNORM-26MAR17-B260601,short_spread,RESOLUTION_EXIT,other,0.010000000000000009,-0.010000000000000009,0.47949999999999626,0.4767345190048218,0.478117259502409,-0.010000000000000009,True
kxdoge26apr1417b0097-0x5b919435,KXDOGE-26APR1417-B0.097,short_spread,RESOLUTION_EXIT,crypto,-0.06499999999999995,0.06499999999999995,0.580500000000005,0.58369380235672,0.5820969011783625,0.06499999999999995,True
kxhormuznorm26mar17b270401-0x1080671a,KXHORMUZNORM-26MAR17-B270401,short_spread,RESOLUTION_EXIT,other,-0.0050000000000001155,0.0050000000000001155,0.794500000000005,0.7945589423179626,0.7945294711589839,0.0050000000000001155,True
kxarmominf26apr14t25-0x7bef7c8b,KXARMOMINF-26APR14-T2.5,short_spread,RESOLUTION_EXIT,inflation,0.0,0.0,0.7860000000000044,0.7859881520271301,0.7859940760135673,0.0,True
kxhormuznorm26mar17b270701-0xdb7fa6f9,KXHORMUZNORM-26MAR17-B270701,short_spread,RESOLUTION_EXIT,other,0.0,0.0,0.8494999999999959,0.8460294604301453,0.8477647302150706,0.0,True
kxfisaextend26mar-0x61212670,KXFISAEXTEND-26MAR,short_spread,RESOLUTION_EXIT,other,0.0,0.0,0.3250000000000042,0.3220268487930298,0.323513424396517,0.0,True
kxkatzout26jan0127jan01-0xb25a93dc,KXKATZOUT-26JAN01-27JAN01,short_spread,RESOLUTION_EXIT,other,0.0,0.0,0.433499999999994,0.43367868661880493,0.43358934330939947,0.0,True
kxhormuznorm26mar17b270101-0x1080671a,KXHORMUZNORM-26MAR17-B270101,short_spread,RESOLUTION_EXIT,other,-0.000500000000000056,0.000500000000000056,0.751000000000005,0.7462600469589233,0.7486300234794642,0.000500000000000056,True
kxhormuznorm26mar17b260901-0x1080671a,KXHORMUZNORM-26MAR17-B260901,short_spread,RESOLUTION_EXIT,other,-0.000500000000000056,0.000500000000000056,0.631000000000005,0.6328821182250977,0.6319410591125514,0.000500000000000056,True
kxtechlayoff26mar20-0x74f19011,KXTECHLAYOFF-26MAR-2.0,long_spread,RESOLUTION_EXIT,other,0.0,0.0,-0.6350000000000048,-0.6301697492599487,-0.6325848746299767,0.0,True
kxhormuznorm26mar17b270401-0x1080671a,KXHORMUZNORM-26MAR17-B270401,short_spread,RESOLUTION_EXIT,other,-0.000500000000000056,0.000500000000000056,0.7809999999999984,0.7772345542907715,0.7791172771453849,0.000500000000000056,True
kxhormuznorm26mar17b260601-0x1080671a,KXHORMUZNORM-26MAR17-B260601,short_spread,RESOLUTION_EXIT,other,-0.005500000000000005,0.005500000000000005,0.4359999999999992,0.43367868661880493,0.4348393433094021,0.005500000000000005,True
kxdoge26apr1417b0092-0x5b919435,KXDOGE-26APR1417-B0.092,short_spread,RESOLUTION_EXIT,crypto,0.025000000000000022,-0.025000000000000022,0.3305000000000049,0.33537957072257996,0.33293978536129243,-0.025000000000000022,True
kxhormuznorm26mar17b270101-0xdb7fa6f9,KXHORMUZNORM-26MAR17-B270101,short_spread,RESOLUTION_EXIT,other,0.0,0.0,0.764500000000005,0.7641968131065369,0.7643484065532709,0.0,True
kxdoge26apr1417b0097-0x5b919435,KXDOGE-26APR1417-B0.097,short_spread,RESOLUTION_EXIT,crypto,-0.02499999999999991,0.02499999999999991,0.630500000000005,0.6328821182250977,0.6316910591125513,0.02499999999999991,True
kxhormuznorm26mar17b261001-0x1080671a,KXHORMUZNORM-26MAR17-B261001,short_spread,RESOLUTION_EXIT,other,-0.000500000000000056,0.000500000000000056,0.6660000000000049,0.674228310585022,0.6701141552925134,0.000500000000000056,True
kxhormuznorm26mar17b260701-0x1080671a,KXHORMUZNORM-26MAR17-B260701,short_spread,RESOLUTION_EXIT,other,-0.000500000000000056,0.000500000000000056,0.5059999999999993,0.5005661249160767,0.503283062458038,0.000500000000000056,True
kxhormuznorm26mar17b260801-0x1080671a,KXHORMUZNORM-26MAR17-B260801,short_spread,RESOLUTION_EXIT,other,-0.000500000000000056,0.000500000000000056,0.6059999999999992,0.6094736456871033,0.6077368228435512,0.000500000000000056,True
kxarmominf26apr14t35-0x2b3e9527,KXARMOMINF-26APR14-T3.5,long_spread,RESOLUTION_EXIT,inflation,0.0,0.0,-0.7150000000000128,-0.7250100374221802,-0.7200050187110965,0.0,True
kxdoged26apr1417t00949999-0x5b919435,KXDOGED-26APR1417-T0.0949999,short_spread,RESOLUTION_EXIT,crypto,0.020000000000000018,-0.020000000000000018,0.640500000000005,0.6384879946708679,0.6394939973354364,-0.020000000000000018,True
kxcpiyoy26aprt38-0xbef75184,KXCPIYOY-26APR-T3.8,long_spread,MOMENTUM,inflation,-0.1299999999999999,0.1299999999999999,-0.5900000000000035,-0.5896109342575073,-0.5898054671287554,-0.1299999999999999,True
kxdoged26apr1417t00949999-0x5b919435,KXDOGED-26APR1417-T0.0949999,short_spread,RESOLUTION_EXIT,crypto,0.040000000000000036,-0.040000000000000036,0.640500000000005,0.6384879946708679,0.6394939973354364,-0.040000000000000036,True
kxhormuznorm26mar17b260801-0x1080671a,KXHORMUZNORM-26MAR17-B260801,short_spread,RESOLUTION_EXIT,other,0.010000000000000009,-0.010000000000000009,0.6309999999999979,0.6330004334449768,0.6320002167224874,-0.010000000000000009,True
kxtechlayoff26mar20-0x74f19011,KXTECHLAYOFF-26MAR-2.0,long_spread,RESOLUTION_EXIT,other,0.0,0.0,-0.6349999999999966,-0.6301697492599487,-0.6325848746299727,0.0,True
kxdoge26apr1417b0097-0x5b919435,KXDOGE-26APR1417-B0.097,short_spread,RESOLUTION_EXIT,crypto,-0.015000000000000013,0.015000000000000013,0.6055000000000049,0.6094736456871033,0.6074868228435542,0.015000000000000013,True
kxhormuznorm26mar17b270401-0x1080671a,KXHORMUZNORM-26MAR17-B270401,short_spread,RESOLUTION_EXIT,other,0.0,0.0,0.7910000000000045,0.7850748300552368,0.7880374150276206,0.0,True
kxhormuznorm26mar17b270101-0xdb7fa6f9,KXHORMUZNORM-26MAR17-B270101,short_spread,RESOLUTION_EXIT,other,0.0050000000000000044,-0.0050000000000000044,0.760000000000005,0.7638553977012634,0.7619276988506343,-0.0050000000000000044,True
kxhormuznorm26mar17b270101-0x1080671a,KXHORMUZNORM-26MAR17-B270101,short_spread,RESOLUTION_EXIT,other,0.0050000000000000044,-0.0050000000000000044,0.761000000000005,0.7638553977012634,0.7624276988506342,-0.0050000000000000044,True
kxhormuznorm26mar17b261001-0x1080671a,KXHORMUZNORM-26MAR17-B261001,short_spread,RESOLUTION_EXIT,other,0.0,0.0,0.6760000000000049,0.6743466258049011,0.6751733129024531,0.0,True
kxarmominf26apr14t35-0x2b3e9527,KXARMOMINF-26APR14-T3.5,long_spread,RESOLUTION_EXIT,inflation,0.010000000000000009,-0.010000000000000009,-0.7450000000000109,-0.7558295726776123,-0.7504147863388115,0.010000000000000009,True
kxkatzout26jan0127jan01-0xb25a93dc,KXKATZOUT-26JAN01-27JAN01,short_spread,RESOLUTION_EXIT,other,0.0,0.0,0.4335000000000045,0.43367868661880493,0.4335893433094047,0.0,True
kxhormuznorm26mar17b270701-0xdb7fa6f9,KXHORMUZNORM-26MAR17-B270701,short_spread,RESOLUTION_EXIT,other,0.0,0.0,0.8450000000000045,0.8454766869544983,0.8452383434772515,0.0,True
kxhormuznorm26mar17b260515-0x1080671a,KXHORMUZNORM-26MAR17-B260515,short_spread,RESOLUTION_EXIT,other,0.0,0.0,0.33099999999999796,0.33537957072257996,0.33318978536128896,0.0,True
kxfisaextend26mar-0x61212670,KXFISAEXTEND-26MAR,short_spread,RESOLUTION_EXIT,other,0.0,0.0,0.3250000000000042,0.3220268487930298,0.323513424396517,0.0,True
kxarmominf26apr14t25-0x7bef7c8b,KXARMOMINF-26APR14-T2.5,short_spread,RESOLUTION_EXIT,inflation,0.010499999999999954,-0.010499999999999954,0.7965000000000045,0.794919490814209,0.7957097454071067,-0.010499999999999954,True
kxhormuznorm26mar17b260701-0x1080671a,KXHORMUZNORM-26MAR17-B260701,short_spread,RESOLUTION_EXIT,other,0.0,0.0,0.5309999999999981,0.5311242341995239,0.531062117099761,0.0,True
kxhormuznorm26mar17b260901-0x1080671a,KXHORMUZNORM-26MAR17-B260901,short_spread,RESOLUTION_EXIT,other,-0.010000000000000009,0.010000000000000009,0.6360000000000049,0.6330004334449768,0.6345002167224909,0.010000000000000009,True
kxdoge26apr1417b0092-0x5b919435,KXDOGE-26APR1417-B0.092,short_spread,RESOLUTION_EXIT,crypto,0.03500000000000003,-0.03500000000000003,0.3555000000000049,0.35780414938926697,0.35665207469463595,-0.03500000000000003,True
kxhormuznorm26mar17b260601-0x1080671a,KXHORMUZNORM-26MAR17-B260601,short_spread,RESOLUTION_EXIT,other,-0.0050000000000000044,0.0050000000000000044,0.44099999999999806,0.44457578659057617,0.4427878932952871,0.0050000000000000044,True
kxcacpiyoy26apr20t2-0x29c639f7,KXCACPIYOY-26APR20-T2,short_spread,TIME_STOP,inflation,0.0050000000000001155,-0.0050000000000001155,0.7015000000000005,0.70000821352005,0.7007541067600253,-0.0050000000000001155,True
kxcacpiyoy26apr20t25-0x29c639f7,KXCACPIYOY-26APR20-T2.5,short_spread,TIME_STOP,inflation,0.004999999999999893,-0.004999999999999893,0.5415000000000013,0.5429394245147705,0.542219712257386,-0.004999999999999893,True
kxcacpiyoy26apr20t18-0x29c639f7,KXCACPIYOY-26APR20-T1.8,short_spread,TIME_STOP,inflation,0.0050000000000001155,-0.0050000000000001155,0.7014999999999987,0.70000821352005,0.7007541067600244,-0.0050000000000001155,True
kxcacpiyoy26apr20t23-0x29c639f7,KXCACPIYOY-26APR20-T2.3,short_spread,TIME_STOP,inflation,0.004999999999999893,-0.004999999999999893,0.6515000000000011,0.6546605229377747,0.6530802614688879,-0.004999999999999893,True
kxcacpiyoy26apr20t23-0x1f61db83,KXCACPIYOY-26APR20-T2.3,short_spread,TIME_STOP,inflation,0.0,0.0,0.3900000000000004,0.38765546679496765,0.388827733397484,0.0,True
kxcacpiyoy26apr20t26-0xa7abe7ea,KXCACPIYOY-26APR20-T2.6,short_spread,TIME_STOP,inflation,-0.015000000000000124,0.015000000000000124,0.5200000000000023,0.5150220394134521,0.5175110197067272,0.015000000000000124,True
kxcacpiyoy26apr20t21-0x29c639f7,KXCACPIYOY-26APR20-T2.1,short_spread,TIME_STOP,inflation,0.004999999999999893,-0.004999999999999893,0.6765,0.6745906472206116,0.6755453236103057,-0.004999999999999893,True
kxcacpiyoy26apr20t25-0xa792f029,KXCACPIYOY-26APR20-T2.5,short_spread,TIME_STOP,inflation,0.0,0.0,0.605000000000002,0.6092422604560852,0.6071211302280436,0.0,True
kxcacpiyoy26apr20t2-0x1f61db83,KXCACPIYOY-26APR20-T2,short_spread,TIME_STOP,inflation,0.0,0.0,0.439999999999998,0.4438614547252655,0.4419307273626317,0.0,True
kxcacpiyoy26apr20t22-0x29c639f7,KXCACPIYOY-26APR20-T2.2,short_spread,TIME_STOP,inflation,0.004999999999999893,-0.004999999999999893,0.6615000000000013,0.6546605229377747,0.658080261468888,-0.004999999999999893,True
kxcacpiyoy26apr20t24-0x29c639f7,KXCACPIYOY-26APR20-T2.4,short_spread,TIME_STOP,inflation,0.004999999999999893,-0.004999999999999893,0.6515000000000011,0.6546605229377747,0.6530802614688879,-0.004999999999999893,True
kxcacpiyoy26apr20t19-0x29c639f7,KXCACPIYOY-26APR20-T1.9,short_spread,TIME_STOP,inflation,0.0050000000000001155,-0.0050000000000001155,0.7014999999999975,0.70000821352005,0.7007541067600238,-0.0050000000000001155,True
kxtruthsocial26apr18b129-0x8e077db0,KXTRUTHSOCIAL-26APR18-B129,long_spread,MOMENTUM,other,-0.019000000000000017,0.019000000000000017,-0.7655000000000067,-0.7536158561706543,-0.7595579280853305,-0.019000000000000017,True
kxcacpiyoy26apr20t21-0x1f61db83,KXCACPIYOY-26APR20-T2.1,short_spread,TIME_STOP,inflation,0.0,0.0,0.4149999999999994,0.41864222288131714,0.41682111144065825,0.0,True
kxcacpiyoy26apr20t24-0x1f61db83,KXCACPIYOY-26APR20-T2.4,short_spread,TIME_STOP,inflation,0.0,0.0,0.3900000000000004,0.38765546679496765,0.388827733397484,0.0,True
kxtruthsocial26apr18b109-0x8e077db0,KXTRUTHSOCIAL-26APR18-B109,long_spread,MOMENTUM,other,-0.019000000000000017,0.019000000000000017,-0.8055000000000065,-0.806492269039154,-0.8059961345195803,-0.019000000000000017,True
kxcacpiyoy26apr20t22-0x1f61db83,KXCACPIYOY-26APR20-T2.2,short_spread,TIME_STOP,inflation,0.0,0.0,0.40000000000000074,0.4006912410259247,0.40034562051296274,0.0,True
kxcacpiyoy26apr20t26-0x29c639f7,KXCACPIYOY-26APR20-T2.6,short_spread,TIME_STOP,inflation,-0.01000000000000012,0.01000000000000012,0.39650000000000185,0.39826613664627075,0.3973830683231363,0.01000000000000012,True
kxdegdpyoyf26apr30t02-0xb0c7a573,KXDEGDPYOYF-26APR30-T0.2,short_spread,MOMENTUM,gdp,0.0,0.0,0.5509999999999966,0.556526780128479,0.5537633900642378,0.0,True
kxdegdpyoyf26apr30t0-0xb0c7a573,KXDEGDPYOYF-26APR30-T0,short_spread,MOMENTUM,gdp,0.0,0.0,0.6110000000000008,0.6097245812416077,0.6103622906208042,0.0,True
kxdegdpyoyf26apr30t01-0xb0c7a573,KXDEGDPYOYF-26APR30-T0.1,short_spread,MOMENTUM,gdp,0.0,0.0,0.5809999999999983,0.5840042233467102,0.5825021116733542,0.0,True
kxhormuznorm26mar17b260801-0x1080671a,KXHORMUZNORM-26MAR17-B260801,short_spread,RESOLUTION_EXIT,other,-0.025000000000000022,0.025000000000000022,0.6059999999999979,0.6095919609069824,0.6077959804534901,0.025000000000000022,True
kxhormuznorm26mar17b270101-0xdb7fa6f9,KXHORMUZNORM-26MAR17-B270101,short_spread,RESOLUTION_EXIT,other,0.0,0.0,0.760000000000005,0.7638553977012634,0.7619276988506343,0.0,True
kxhormuznorm26mar17b260601-0x1080671a,KXHORMUZNORM-26MAR17-B260601,short_spread,RESOLUTION_EXIT,other,0.0,0.0,0.44099999999999806,0.44457578659057617,0.4427878932952871,0.0,True
kxhormuznorm26mar17b270701-0xdb7fa6f9,KXHORMUZNORM-26MAR17-B270701,short_spread,RESOLUTION_EXIT,other,0.0,0.0,0.8450000000000045,0.8454766869544983,0.8452383434772515,0.0,True
kxkatzout26jan0127jan01-0xb25a93dc,KXKATZOUT-26JAN01-27JAN01,short_spread,RESOLUTION_EXIT,other,0.0,0.0,0.4335000000000045,0.43367868661880493,0.4335893433094047,0.0,True
kxarmominf26apr14t25-0x7bef7c8b,KXARMOMINF-26APR14-T2.5,short_spread,RESOLUTION_EXIT,inflation,-0.026000000000000023,0.026000000000000023,0.7705000000000045,0.7652288675308228,0.7678644337654137,0.026000000000000023,True
kxhormuznorm26mar17b260515-0x1080671a,KXHORMUZNORM-26MAR17-B260515,short_spread,RESOLUTION_EXIT,other,-0.010000000000000009,0.010000000000000009,0.3209999999999979,0.3220407962799072,0.3215203981399526,0.010000000000000009,True
kxhormuznorm26mar17b261001-0x1080671a,KXHORMUZNORM-26MAR17-B261001,short_spread,RESOLUTION_EXIT,other,0.0,0.0,0.6760000000000049,0.6743466258049011,0.6751733129024531,0.0,True
kxdoged26apr1417t00949999-0x5b919435,KXDOGED-26APR1417-T0.0949999,short_spread,RESOLUTION_EXIT,crypto,0.10499999999999998,-0.10499999999999998,0.7455000000000049,0.7462600469589233,0.7458800234794641,-0.10499999999999998,True
kxhormuznorm26mar17b260701-0x1080671a,KXHORMUZNORM-26MAR17-B260701,short_spread,RESOLUTION_EXIT,other,0.0050000000000000044,-0.0050000000000000044,0.535999999999998,0.5311242341995239,0.533562117099761,-0.0050000000000000044,True
kxfisaextend26mar-0x61212670,KXFISAEXTEND-26MAR,short_spread,RESOLUTION_EXIT,other,0.0,0.0,0.3250000000000042,0.3220268487930298,0.323513424396517,0.0,True
kxhormuznorm26mar17b270401-0x1080671a,KXHORMUZNORM-26MAR17-B270401,short_spread,RESOLUTION_EXIT,other,0.0,0.0,0.7910000000000045,0.7850748300552368,0.7880374150276206,0.0,True
kxtechlayoff26mar20-0x74f19011,KXTECHLAYOFF-26MAR-2.0,long_spread,RESOLUTION_EXIT,other,0.0050000000000000044,-0.0050000000000000044,-0.6399999999999965,-0.6323456168174744,-0.6361728084087355,0.0050000000000000044,True
kxhormuznorm26mar17b260901-0x1080671a,KXHORMUZNORM-26MAR17-B260901,short_spread,RESOLUTION_EXIT,other,0.0,0.0,0.6360000000000049,0.6330004334449768,0.6345002167224909,0.0,True
kxdoge26apr1417b0097-0x5b919435,KXDOGE-26APR1417-B0.097,short_spread,RESOLUTION_EXIT,crypto,0.09999999999999998,-0.09999999999999998,0.705500000000005,0.699813723564148,0.7026568617820765,-0.09999999999999998,True
kxhormuznorm26mar17b270101-0x1080671a,KXHORMUZNORM-26MAR17-B270101,short_spread,RESOLUTION_EXIT,other,0.0,0.0,0.761000000000005,0.7638553977012634,0.7624276988506342,0.0,True
kxarmominf26apr14t35-0x2b3e9527,KXARMOMINF-26APR14-T3.5,long_spread,RESOLUTION_EXIT,inflation,-0.015000000000000013,0.015000000000000013,-0.730000000000011,-0.7178670763969421,-0.7239335381984766,-0.015000000000000013,True
kxhormuznorm26mar17b261001-0x1080671a,KXHORMUZNORM-26MAR17-B261001,short_spread,RESOLUTION_EXIT,other,0.0,0.0,0.6760000000000049,0.6743466258049011,0.6751733129024531,0.0,True
kxhormuznorm26mar17b270401-0x1080671a,KXHORMUZNORM-26MAR17-B270401,short_spread,RESOLUTION_EXIT,other,0.0,0.0,0.7910000000000045,0.7850748300552368,0.7880374150276206,0.0,True
kxhormuznorm26mar17b270701-0xdb7fa6f9,KXHORMUZNORM-26MAR17-B270701,short_spread,RESOLUTION_EXIT,other,0.0,0.0,0.8450000000000045,0.8454766869544983,0.8452383434772515,0.0,True
kxfisaextend26mar-0x61212670,KXFISAEXTEND-26MAR,short_spread,RESOLUTION_EXIT,other,0.0,0.0,0.3250000000000042,0.3220268487930298,0.323513424396517,0.0,True
kxarmominf26apr14t25-0x7bef7c8b,KXARMOMINF-26APR14-T2.5,short_spread,RESOLUTION_EXIT,inflation,0.0030000000000000027,-0.0030000000000000027,0.7735000000000044,0.7775272130966187,0.7755136065483115,-0.0030000000000000027,True
kxhormuznorm26mar17b270101-0xdb7fa6f9,KXHORMUZNORM-26MAR17-B270101,short_spread,RESOLUTION_EXIT,other,0.0,0.0,0.760000000000005,0.7638553977012634,0.7619276988506343,0.0,True
kxhormuznorm26mar17b260601-0x1080671a,KXHORMUZNORM-26MAR17-B260601,short_spread,RESOLUTION_EXIT,other,0.0,0.0,0.44099999999999806,0.44457578659057617,0.4427878932952871,0.0,True
kxtechlayoff26mar20-0x74f19011,KXTECHLAYOFF-26MAR-2.0,long_spread,RESOLUTION_EXIT,other,0.0,0.0,-0.6399999999999965,-0.6323456168174744,-0.6361728084087355,0.0,True
kxarmominf26apr14t35-0x2b3e9527,KXARMOMINF-26APR14-T3.5,long_spread,RESOLUTION_EXIT,inflation,0.03499999999999992,-0.03499999999999992,-0.7650000000000111,-0.7558295726776123,-0.7604147863388118,0.03499999999999992,True
kxdoged26apr1411t00949999-0x5b919435,KXDOGED-26APR1411-T0.0949999,short_spread,RESOLUTION_EXIT,crypto,0.0,0.0,0.7955000000000052,0.7935056686401367,0.794502834320071,0.0,True
kxdoge26apr1411b0097-0x5b919435,KXDOGE-26APR1411-B0.097,short_spread,RESOLUTION_EXIT,crypto,0.0,0.0,0.7955000000000052,0.7935056686401367,0.794502834320071,0.0,True
kxhormuznorm26mar17b260701-0x1080671a,KXHORMUZNORM-26MAR17-B260701,short_spread,RESOLUTION_EXIT,other,0.0,0.0,0.535999999999998,0.5311242341995239,0.533562117099761,0.0,True
kxhormuznorm26mar17b270101-0x1080671a,KXHORMUZNORM-26MAR17-B270101,short_spread,RESOLUTION_EXIT,other,0.0,0.0,0.761000000000005,0.7638553977012634,0.7624276988506342,0.0,True
kxdoge26apr1417b0097-0x5b919435,KXDOGE-26APR1417-B0.097,short_spread,RESOLUTION_EXIT,crypto,-0.010000000000000009,0.010000000000000009,0.695500000000005,0.6991809606552124,0.6973404803276086,0.010000000000000009,True
kxhormuznorm26mar17b260801-0x1080671a,KXHORMUZNORM-26MAR17-B260801,short_spread,RESOLUTION_EXIT,other,0.0,0.0,0.6059999999999979,0.6095919609069824,0.6077959804534901,0.0,True
kxhormuznorm26mar17b260901-0x1080671a,KXHORMUZNORM-26MAR17-B260901,short_spread,RESOLUTION_EXIT,other,0.0050000000000001155,-0.0050000000000001155,0.641000000000005,0.6429349184036255,0.6419674592018152,-0.0050000000000001155,True
kxkatzout26jan0127jan01-0xb25a93dc,KXKATZOUT-26JAN01-27JAN01,short_spread,RESOLUTION_EXIT,other,0.0,0.0,0.4335000000000045,0.43367868661880493,0.4335893433094047,0.0,True
kxdoged26apr1417t00949999-0x5b919435,KXDOGED-26APR1417-T0.0949999,short_spread,RESOLUTION_EXIT,crypto,-0.04500000000000004,0.04500000000000004,0.700500000000005,0.6991809606552124,0.6998404803276087,0.04500000000000004,True
kxkatzout26jan0127jan01-0xb25a93dc,KXKATZOUT-26JAN01-27JAN01,short_spread,RESOLUTION_EXIT,other,0.0,0.0,0.4335000000000021,0.43367868661880493,0.4335893433094035,0.0,True
kxfisaextend26mar-0x61212670,KXFISAEXTEND-26MAR,short_spread,RESOLUTION_EXIT,other,0.0,0.0,0.3250000000000043,0.3220268487930298,0.32351342439651704,0.0,True
kxhormuznorm26mar17b270101-0x1080671a,KXHORMUZNORM-26MAR17-B270101,short_spread,RESOLUTION_EXIT,other,0.0,0.0,0.761000000000005,0.7638553977012634,0.7624276988506342,0.0,True
kxhormuznorm26mar17b260601-0x1080671a,KXHORMUZNORM-26MAR17-B260601,short_spread,RESOLUTION_EXIT,other,0.03500000000000003,-0.03500000000000003,0.4760000000000013,0.47536951303482056,0.47568475651741093,-0.03500000000000003,True
kxdoged26apr1411t00899999-0x5b919435,KXDOGED-26APR1411-T0.0899999,short_spread,RESOLUTION_EXIT,crypto,-0.24,0.24,0.735500000000005,0.734794020652771,0.735147010326388,0.24,True
kxdoge26apr1417b0097-0x5b919435,KXDOGE-26APR1417-B0.097,short_spread,RESOLUTION_EXIT,crypto,0.08000000000000007,-0.08000000000000007,0.7755000000000051,0.7772345542907715,0.7763672771453882,-0.08000000000000007,True
kxdoged26apr1411t00949999-0x5b919435,KXDOGED-26APR1411-T0.0949999,short_spread,RESOLUTION_EXIT,crypto,0.0,0.0,0.7955000000000052,0.7935056686401367,0.794502834320071,0.0,True
kxarmominf26apr14t25-0x7bef7c8b,KXARMOMINF-26APR14-T2.5,short_spread,RESOLUTION_EXIT,inflation,0.04049999999999998,-0.04049999999999998,0.8140000000000045,0.8189417719841003,0.8164708859920524,-0.04049999999999998,True
kxhormuznorm26mar17b260801-0x1080671a,KXHORMUZNORM-26MAR17-B260801,short_spread,RESOLUTION_EXIT,other,0.0,0.0,0.6060000000000013,0.6095919609069824,0.6077959804534918,0.0,True
kxhormuznorm26mar17b270101-0xdb7fa6f9,KXHORMUZNORM-26MAR17-B270101,short_spread,RESOLUTION_EXIT,other,0.0,0.0,0.760000000000005,0.7638553977012634,0.7619276988506343,0.0,True
kxtechlayoff26mar20-0x74f19011,KXTECHLAYOFF-26MAR-2.0,long_spread,RESOLUTION_EXIT,other,-0.0050000000000000044,0.0050000000000000044,-0.6349999999999966,-0.6301697492599487,-0.6325848746299727,-0.0050000000000000044,True
kxhormuznorm26mar17b260901-0x1080671a,KXHORMUZNORM-26MAR17-B260901,short_spread,RESOLUTION_EXIT,other,0.004999999999999893,-0.004999999999999893,0.6460000000000049,0.643810510635376,0.6449052553176904,-0.004999999999999893,True
kxhormuznorm26mar17b261001-0x1080671a,KXHORMUZNORM-26MAR17-B261001,short_spread,RESOLUTION_EXIT,other,0.0,0.0,0.6760000000000049,0.6743466258049011,0.6751733129024531,0.0,True
kxdoge26apr1411b0122-0x5b919435,KXDOGE-26APR1411-B0.122,short_spread,RESOLUTION_EXIT,crypto,0.73,-0.73,0.7255000000000051,0.7234439849853516,0.7244719924926784,-0.73,True
kxdoged26apr1417t00949999-0x5b919435,KXDOGED-26APR1417-T0.0949999,short_spread,RESOLUTION_EXIT,crypto,0.12,-0.12,0.820500000000005,0.8177477121353149,0.8191238560676599,-0.12,True
kxarmominf26apr14t30-0xa84dec4c,KXARMOMINF-26APR14-T3.0,short_spread,RESOLUTION_EXIT,inflation,-0.0034999999999999476,0.0034999999999999476,0.8494999999999926,0.844026505947113,0.8467632529735528,0.0034999999999999476,True
kxdoge26apr1411b0117-0x5b919435,KXDOGE-26APR1411-B0.117,short_spread,RESOLUTION_EXIT,crypto,0.78,-0.78,0.7755000000000051,0.7772345542907715,0.7763672771453882,-0.78,True
kxhormuznorm26mar17b270401-0x1080671a,KXHORMUZNORM-26MAR17-B270401,short_spread,RESOLUTION_EXIT,other,0.0,0.0,0.7910000000000045,0.7850748300552368,0.7880374150276206,0.0,True
kxhormuznorm26mar17b270701-0xdb7fa6f9,KXHORMUZNORM-26MAR17-B270701,short_spread,RESOLUTION_EXIT,other,0.0,0.0,0.8450000000000045,0.8454766869544983,0.8452383434772515,0.0,True
kxhormuznorm26mar17b260701-0x1080671a,KXHORMUZNORM-26MAR17-B260701,short_spread,RESOLUTION_EXIT,other,0.0,0.0,0.5360000000000013,0.5311242341995239,0.5335621170997626,0.0,True
kxarmominf26apr14t35-0x2b3e9527,KXARMOMINF-26APR14-T3.5,long_spread,RESOLUTION_EXIT,inflation,0.0,0.0,-0.7650000000000086,-0.7551063299179077,-0.7600531649589581,0.0,True
kxgdp26apr30t15-0x88d5a8b1,KXGDP-26APR30-T1.5,short_spread,MOMENTUM,gdp,0.014500000000000068,-0.014500000000000068,0.6519999999999992,0.6542981863021851,0.6531490931510922,-0.014500000000000068,True
kxtruthsocial26apr18b109-0x8e077db0,KXTRUTHSOCIAL-26APR18-B109,long_spread,TIME_STOP,other,-0.021500000000000075,0.021500000000000075,-0.7839999999999963,-0.7838631272315979,-0.7839315636157971,-0.021500000000000075,True
kxmusknw26apr30t600-0x88b2a7dd,KXMUSKNW-26APR30-T600,short_spread,MOMENTUM,other,-0.03499999999999992,0.03499999999999992,0.6450000000000039,0.6438219547271729,0.6444109773635884,0.03499999999999992,True
kxmusknw26apr30t600-0xa4e4a9dc,KXMUSKNW-26APR30-T600,short_spread,MOMENTUM,other,-0.029999999999999916,0.029999999999999916,0.6200000000000029,0.6173141598701477,0.6186570799350752,0.029999999999999916,True
kxhormuznorm26mar17b270101-0xdb7fa6f9,KXHORMUZNORM-26MAR17-B270101,short_spread,RESOLUTION_EXIT,other,0.0,0.0,0.7550000000000051,0.7543808221817017,0.7546904110908534,0.0,True
kxhormuznorm26mar17b270701-0xdb7fa6f9,KXHORMUZNORM-26MAR17-B270701,short_spread,RESOLUTION_EXIT,other,0.0,0.0,0.4950000000000012,0.49023228883743286,0.49261614441871704,0.0,True
kxhormuznorm26mar17b270101-0x1080671a,KXHORMUZNORM-26MAR17-B270101,short_spread,RESOLUTION_EXIT,other,-0.0020000000000000018,0.0020000000000000018,0.741000000000005,0.7356628775596619,0.7383314387798334,0.0020000000000000018,True
kxarmominf26apr14t35-0x2b3e9527,KXARMOMINF-26APR14-T3.5,long_spread,RESOLUTION_EXIT,inflation,0.0,0.0,-0.750000000000008,-0.757188081741333,-0.7535940408706705,0.0,True
kxhormuznorm26mar17b260601-0x1080671a,KXHORMUZNORM-26MAR17-B260601,short_spread,RESOLUTION_EXIT,other,-0.007000000000000006,0.007000000000000006,0.45600000000000324,0.4505125880241394,0.45325629401207135,0.007000000000000006,True
kxarmominf26apr14t25-0x7bef7c8b,KXARMOMINF-26APR14-T2.5,short_spread,RESOLUTION_EXIT,inflation,-0.01749999999999996,0.01749999999999996,0.7885000000000044,0.7859881520271301,0.7872440760135673,0.01749999999999996,True
kxarmominf26apr14t30-0xa84dec4c,KXARMOMINF-26APR14-T3.0,short_spread,RESOLUTION_EXIT,inflation,-0.013000000000000012,0.013000000000000012,0.829499999999994,0.8190688490867615,0.8242844245433778,0.013000000000000012,True
kxfisaextend26mar-0x61212670,KXFISAEXTEND-26MAR,short_spread,RESOLUTION_EXIT,other,0.0,0.0,0.3250000000000042,0.3220268487930298,0.323513424396517,0.0,True
kxhormuznorm26mar17b260801-0x1080671a,KXHORMUZNORM-26MAR17-B260801,short_spread,RESOLUTION_EXIT,other,-0.0020000000000000018,0.0020000000000000018,0.47600000000000336,0.4752511978149414,0.47562559890747236,0.0020000000000000018,True
kxhormuznorm26mar17b260901-0x1080671a,KXHORMUZNORM-26MAR17-B260901,short_spread,RESOLUTION_EXIT,other,-0.0020000000000000018,0.0020000000000000018,0.7210000000000052,0.7234439849853516,0.7222219924926784,0.0020000000000000018,True
kxhormuznorm26mar17b260701-0x1080671a,KXHORMUZNORM-26MAR17-B260701,short_spread,RESOLUTION_EXIT,other,-0.017000000000000015,0.017000000000000015,0.5160000000000032,0.5152400732040405,0.5156200366020218,0.017000000000000015,True
kxhormuznorm26mar17b261001-0x1080671a,KXHORMUZNORM-26MAR17-B261001,short_spread,RESOLUTION_EXIT,other,-0.0020000000000000018,0.0020000000000000018,0.6210000000000049,0.6171844005584717,0.6190922002792383,0.0020000000000000018,True
kxtechlayoff26mar20-0x74f19011,KXTECHLAYOFF-26MAR-2.0,long_spread,RESOLUTION_EXIT,other,0.0,0.0,-0.6399999999999991,-0.6323456168174744,-0.6361728084087368,0.0,True
kxhormuznorm26mar17b270401-0x1080671a,KXHORMUZNORM-26MAR17-B270401,short_spread,RESOLUTION_EXIT,other,-0.0020000000000000018,0.0020000000000000018,0.4810000000000023,0.4792701303958893,0.4801350651979458,0.0020000000000000018,True
kxdoge26apr1417b0097-0x5b919435,KXDOGE-26APR1417-B0.097,short_spread,RESOLUTION_EXIT,crypto,0.020000000000000018,-0.020000000000000018,0.7605000000000052,0.7633548974990845,0.7619274487495449,-0.020000000000000018,True
kxkatzout26jan0127jan01-0xb25a93dc,KXKATZOUT-26JAN01-27JAN01,short_spread,RESOLUTION_EXIT,other,0.0,0.0,0.433500000000001,0.43367868661880493,0.43358934330940296,0.0,True
kxcacpiyoy26apr20t22-0x29c639f7,KXCACPIYOY-26APR20-T2.2,short_spread,TIME_STOP,inflation,0.005499999999999949,-0.005499999999999949,0.6680000000000013,0.6745906472206116,0.6712953236103064,-0.005499999999999949,True
kxcacpiyoy26apr20t21-0x29c639f7,KXCACPIYOY-26APR20-T2.1,short_spread,TIME_STOP,inflation,0.005499999999999949,-0.005499999999999949,0.683000000000002,0.6849234104156494,0.6839617052078257,-0.005499999999999949,True
kxdoged26apr1717t00749999-0xc2eb25cc,KXDOGED-26APR1717-T0.0749999,short_spread,TIME_STOP,crypto,0.0010000000000000009,-0.0010000000000000009,0.625500000000004,0.6174096465110779,0.621454823255541,-0.0010000000000000009,True
kxdoged26apr1717t01699999-0xc2eb25cc,KXDOGED-26APR1717-T0.1699999,long_spread,TIME_STOP,crypto,-0.0010000000000000009,0.0010000000000000009,-0.3044999999999955,-0.30766963958740234,-0.30608481979369895,-0.0010000000000000009,True
kxdoged26apr1717t00699999-0xc2eb25cc,KXDOGED-26APR1717-T0.0699999,short_spread,TIME_STOP,crypto,0.0010000000000000009,-0.0010000000000000009,0.625500000000004,0.6174096465110779,0.621454823255541,-0.0010000000000000009,True
kxdoged26apr1717t00299999-0xc2eb25cc,KXDOGED-26APR1717-T0.0299999,short_spread,TIME_STOP,crypto,0.0010000000000000009,-0.0010000000000000009,0.6355000000000016,0.6332160830497742,0.634358041524888,-0.0010000000000000009,True
kxdoged26apr1717t00599999-0xc2eb25cc,KXDOGED-26APR1717-T0.0599999,short_spread,TIME_STOP,crypto,0.0010000000000000009,-0.0010000000000000009,0.625500000000004,0.6174096465110779,0.621454823255541,-0.0010000000000000009,True
kxdoged26apr1717t01849999-0xc2eb25cc,KXDOGED-26APR1717-T0.1849999,long_spread,TIME_STOP,crypto,-0.0010000000000000009,0.0010000000000000009,-0.3044999999999955,-0.30766963958740234,-0.30608481979369895,-0.0010000000000000009,True
kxdoged26apr1717t00349999-0xc2eb25cc,KXDOGED-26APR1717-T0.0349999,short_spread,TIME_STOP,crypto,0.0010000000000000009,-0.0010000000000000009,0.6355000000000041,0.6332160830497742,0.6343580415248891,-0.0010000000000000009,True
kxdoged26apr1717t00099999-0xc2eb25cc,KXDOGED-26APR1717-T0.0099999,short_spread,TIME_STOP,crypto,0.0010000000000000009,-0.0010000000000000009,0.6355000000000016,0.6332160830497742,0.634358041524888,-0.0010000000000000009,True
kxcacpiyoy26apr20t25-0xa792f029,KXCACPIYOY-26APR20-T2.5,short_spread,TIME_STOP,inflation,0.0,0.0,0.6050000000000019,0.6092422604560852,0.6071211302280435,0.0,True
kxcacpiyoy26apr20t2-0x1f61db83,KXCACPIYOY-26APR20-T2,short_spread,TIME_STOP,inflation,0.0,0.0,0.4399999999999998,0.4438614547252655,0.4419307273626326,0.0,True
kxcacpiyoy26apr20t21-0x1f61db83,KXCACPIYOY-26APR20-T2.1,short_spread,TIME_STOP,inflation,0.0,0.0,0.4150000000000002,0.41864222288131714,0.4168211114406587,0.0,True
kxdoged26apr1717t00199999-0xc2eb25cc,KXDOGED-26APR1717-T0.0199999,short_spread,TIME_STOP,crypto,0.0010000000000000009,-0.0010000000000000009,0.6355000000000016,0.6332160830497742,0.634358041524888,-0.0010000000000000009,True
kxdoged26apr1717t00649999-0xc2eb25cc,KXDOGED-26APR1717-T0.0649999,short_spread,TIME_STOP,crypto,0.0010000000000000009,-0.0010000000000000009,0.625500000000004,0.6174096465110779,0.621454823255541,-0.0010000000000000009,True
kxdoged26apr1717t02099999-0xc2eb25cc,KXDOGED-26APR1717-T0.2099999,long_spread,TIME_STOP,crypto,-0.0010000000000000009,0.0010000000000000009,-0.3044999999999955,-0.30766963958740234,-0.30608481979369895,-0.0010000000000000009,True
kxdoged26apr1717t00499999-0xc2eb25cc,KXDOGED-26APR1717-T0.0499999,short_spread,TIME_STOP,crypto,0.0010000000000000009,-0.0010000000000000009,0.6355000000000041,0.6332160830497742,0.6343580415248891,-0.0010000000000000009,True
kxcacpiyoy26apr20t26-0x29c639f7,KXCACPIYOY-26APR20-T2.6,short_spread,TIME_STOP,inflation,0.02050000000000013,-0.02050000000000013,0.418000000000002,0.42064449191093445,0.4193222459554682,-0.02050000000000013,True
kxcacpiyoy26apr20t23-0x29c639f7,KXCACPIYOY-26APR20-T2.3,short_spread,TIME_STOP,inflation,0.005499999999999949,-0.005499999999999949,0.6580000000000009,0.6546605229377747,0.6563302614688877,-0.005499999999999949,True
kxdoged26apr1717t01999999-0xc2eb25cc,KXDOGED-26APR1717-T0.1999999,long_spread,TIME_STOP,crypto,-0.0010000000000000009,0.0010000000000000009,-0.3044999999999955,-0.30766963958740234,-0.30608481979369895,-0.0010000000000000009,True
kxdoged26apr1717t01599999-0xc2eb25cc,KXDOGED-26APR1717-T0.1599999,long_spread,TIME_STOP,crypto,-0.0010000000000000009,0.0010000000000000009,-0.3044999999999955,-0.30766963958740234,-0.30608481979369895,-0.0010000000000000009,True
kxdoged26apr1717t00849999-0xc2eb25cc,KXDOGED-26APR1717-T0.0849999,short_spread,TIME_STOP,crypto,-0.024000000000000132,0.024000000000000132,0.595500000000004,0.5990920066833496,0.5972960033416768,0.024000000000000132,True
kxcacpiyoy26apr20t2-0x29c639f7,KXCACPIYOY-26APR20-T2,short_spread,TIME_STOP,inflation,0.00550000000000006,-0.00550000000000006,0.7080000000000003,0.7136744260787964,0.7108372130393983,-0.00550000000000006,True
kxtruthsocial26apr18b129-0x8e077db0,KXTRUTHSOCIAL-26APR18-B129,long_spread,MOMENTUM,other,-0.020500000000000074,0.020500000000000074,-0.7490000000000091,-0.7561911344528198,-0.7525955672264144,-0.020500000000000074,True
kxcacpiyoy26apr20t23-0x1f61db83,KXCACPIYOY-26APR20-T2.3,short_spread,TIME_STOP,inflation,0.0,0.0,0.3900000000000003,0.38765546679496765,0.388827733397484,0.0,True
kxdoged26apr1717t01649999-0xc2eb25cc,KXDOGED-26APR1717-T0.1649999,long_spread,TIME_STOP,crypto,-0.0010000000000000009,0.0010000000000000009,-0.3044999999999955,-0.30766963958740234,-0.30608481979369895,-0.0010000000000000009,True
kxcacpiyoy26apr20t25-0x29c639f7,KXCACPIYOY-26APR20-T2.5,short_spread,TIME_STOP,inflation,0.005499999999999949,-0.005499999999999949,0.5480000000000013,0.5429394245147705,0.5454697122573859,-0.005499999999999949,True
kxcacpiyoy26apr20t24-0x1f61db83,KXCACPIYOY-26APR20-T2.4,short_spread,TIME_STOP,inflation,0.0,0.0,0.3900000000000003,0.38765546679496765,0.388827733397484,0.0,True
kxdoged26apr1717t00249999-0xc2eb25cc,KXDOGED-26APR1717-T0.0249999,short_spread,TIME_STOP,crypto,0.0010000000000000009,-0.0010000000000000009,0.6355000000000016,0.6332160830497742,0.634358041524888,-0.0010000000000000009,True
kxdoged26apr1717t00549999-0xc2eb25cc,KXDOGED-26APR1717-T0.0549999,short_spread,TIME_STOP,crypto,0.0010000000000000009,-0.0010000000000000009,0.625500000000004,0.6174096465110779,0.621454823255541,-0.0010000000000000009,True
kxdoged26apr1717t00049999-0xc2eb25cc,KXDOGED-26APR1717-T0.0049999,short_spread,TIME_STOP,crypto,0.0010000000000000009,-0.0010000000000000009,0.6355000000000041,0.6332160830497742,0.6343580415248891,-0.0010000000000000009,True
kxdoged26apr1717t01799999-0xc2eb25cc,KXDOGED-26APR1717-T0.1799999,long_spread,TIME_STOP,crypto,-0.0010000000000000009,0.0010000000000000009,-0.3044999999999955,-0.30766963958740234,-0.30608481979369895,-0.0010000000000000009,True
kxdoged26apr1717t01949999-0xc2eb25cc,KXDOGED-26APR1717-T0.1949999,long_spread,TIME_STOP,crypto,-0.0010000000000000009,0.0010000000000000009,-0.3044999999999955,-0.30766963958740234,-0.30608481979369895,-0.0010000000000000009,True
kxdoged26apr1717t02049999-0xc2eb25cc,KXDOGED-26APR1717-T0.2049999,long_spread,TIME_STOP,crypto,-0.0010000000000000009,0.0010000000000000009,-0.3044999999999955,-0.30766963958740234,-0.30608481979369895,-0.0010000000000000009,True
kxdoged26apr1717t00799999-0xc2eb25cc,KXDOGED-26APR1717-T0.0799999,short_spread,TIME_STOP,crypto,0.0010000000000000009,-0.0010000000000000009,0.630500000000004,0.6332160830497742,0.6318580415248891,-0.0010000000000000009,True
kxcacpiyoy26apr20t18-0x29c639f7,KXCACPIYOY-26APR20-T1.8,short_spread,TIME_STOP,inflation,0.00550000000000006,-0.00550000000000006,0.708000000000001,0.7136744260787964,0.7108372130393987,-0.00550000000000006,True
kxdoged26apr1717t01749999-0xc2eb25cc,KXDOGED-26APR1717-T0.1749999,long_spread,TIME_STOP,crypto,-0.0010000000000000009,0.0010000000000000009,-0.3044999999999955,-0.30766963958740234,-0.30608481979369895,-0.0010000000000000009,True
kxdoged26apr1717t00149999-0xc2eb25cc,KXDOGED-26APR1717-T0.0149999,short_spread,TIME_STOP,crypto,0.0010000000000000009,-0.0010000000000000009,0.6355000000000016,0.6332160830497742,0.634358041524888,-0.0010000000000000009,True
kxcacpiyoy26apr20t24-0x29c639f7,KXCACPIYOY-26APR20-T2.4,short_spread,TIME_STOP,inflation,0.005499999999999949,-0.005499999999999949,0.6580000000000009,0.6546605229377747,0.6563302614688877,-0.005499999999999949,True
kxdoged26apr1717t00399999-0xc2eb25cc,KXDOGED-26APR1717-T0.0399999,short_spread,TIME_STOP,crypto,0.0010000000000000009,-0.0010000000000000009,0.6355000000000041,0.6332160830497742,0.6343580415248891,-0.0010000000000000009,True
kxdoged26apr1717t00449999-0xc2eb25cc,KXDOGED-26APR1717-T0.0449999,short_spread,TIME_STOP,crypto,0.0010000000000000009,-0.0010000000000000009,0.6355000000000041,0.6332160830497742,0.6343580415248891,-0.0010000000000000009,True
kxcacpiyoy26apr20t19-0x29c639f7,KXCACPIYOY-26APR20-T1.9,short_spread,TIME_STOP,inflation,0.00550000000000006,-0.00550000000000006,0.7080000000000007,0.7136744260787964,0.7108372130393985,-0.00550000000000006,True
kxdoged26apr1717t01899999-0xc2eb25cc,KXDOGED-26APR1717-T0.1899999,long_spread,TIME_STOP,crypto,-0.0010000000000000009,0.0010000000000000009,-0.3044999999999955,-0.30766963958740234,-0.30608481979369895,-0.0010000000000000009,True
kxcacpiyoy26apr20t22-0x1f61db83,KXCACPIYOY-26APR20-T2.2,short_spread,TIME_STOP,inflation,0.0,0.0,0.40000000000000085,0.4006912410259247,0.40034562051296274,0.0,True
kxcacpiyoy26apr20t26-0xa7abe7ea,KXCACPIYOY-26APR20-T2.6,short_spread,TIME_STOP,inflation,0.015000000000000124,-0.015000000000000124,0.5350000000000024,0.5309388041496277,0.532969402074815,-0.015000000000000124,True
kxhormuznorm26mar17b270101-0xdb7fa6f9,KXHORMUZNORM-26MAR17-B270101,short_spread,RESOLUTION_EXIT,other,-0.0050000000000000044,0.0050000000000000044,0.7500000000000051,0.7463783621788025,0.7481891810894038,0.0050000000000000044,True
kxdoge26apr1417b0092-0x5b919435,KXDOGE-26APR1417-B0.092,short_spread,RESOLUTION_EXIT,crypto,0.31499999999999995,-0.31499999999999995,0.43050000000000493,0.42865097522735596,0.4295754876136805,-0.31499999999999995,True
kxhormuznorm26mar17b270401-0x1080671a,KXHORMUZNORM-26MAR17-B270401,short_spread,RESOLUTION_EXIT,other,0.018000000000000016,-0.018000000000000016,0.4990000000000005,0.5010258555412292,0.5000129277706149,-0.018000000000000016,True
kxhormuznorm26mar17b260601-0x1080671a,KXHORMUZNORM-26MAR17-B260601,short_spread,RESOLUTION_EXIT,other,0.02300000000000002,-0.02300000000000002,0.47900000000000087,0.4767345190048218,0.4778672595024113,-0.02300000000000002,True
kxarmominf26apr14t30-0xa84dec4c,KXARMOMINF-26APR14-T3.0,short_spread,RESOLUTION_EXIT,inflation,-0.033499999999999974,0.033499999999999974,0.7959999999999968,0.7953917384147644,0.7956958692073806,0.033499999999999974,True
kxhormuznorm26mar17b260801-0x1080671a,KXHORMUZNORM-26MAR17-B260801,short_spread,RESOLUTION_EXIT,other,0.018000000000000016,-0.018000000000000016,0.49400000000000105,0.4905737042427063,0.4922868521213537,-0.018000000000000016,True
kxhormuznorm26mar17b270701-0xdb7fa6f9,KXHORMUZNORM-26MAR17-B270701,short_spread,RESOLUTION_EXIT,other,-0.0050000000000000044,0.0050000000000000044,0.48999999999999855,0.4901139736175537,0.49005698680877613,0.0050000000000000044,True
kxhormuznorm26mar17b260901-0x1080671a,KXHORMUZNORM-26MAR17-B260901,short_spread,RESOLUTION_EXIT,other,0.018000000000000016,-0.018000000000000016,0.7390000000000051,0.7365047931671143,0.7377523965835597,-0.018000000000000016,True
kxdoge26apr1417b0097-0x5b919435,KXDOGE-26APR1417-B0.097,short_spread,RESOLUTION_EXIT,crypto,-0.24,0.24,0.520500000000005,0.5152400732040405,0.5178700366020228,0.24,True
kxfisaextend26mar-0x61212670,KXFISAEXTEND-26MAR,short_spread,RESOLUTION_EXIT,other,0.0,0.0,0.3250000000000042,0.3220268487930298,0.323513424396517,0.0,True
kxhormuznorm26mar17b261001-0x1080671a,KXHORMUZNORM-26MAR17-B261001,short_spread,RESOLUTION_EXIT,other,0.018000000000000016,-0.018000000000000016,0.639000000000005,0.6388751268386841,0.6389375634193446,-0.018000000000000016,True
kxdoged26apr1417t00949999-0x5b919435,KXDOGED-26APR1417-T0.0949999,short_spread,RESOLUTION_EXIT,crypto,-0.31500000000000006,0.31500000000000006,0.550500000000005,0.5565425753593445,0.5535212876796747,0.31500000000000006,True
kxarmominf26apr14t35-0x2b3e9527,KXARMOMINF-26APR14-T3.5,long_spread,RESOLUTION_EXIT,inflation,0.0,0.0,-0.7500000000000049,-0.757188081741333,-0.753594040870669,0.0,True
kxtechlayoff26mar20-0x74f19011,KXTECHLAYOFF-26MAR-2.0,long_spread,RESOLUTION_EXIT,other,-0.0050000000000000044,0.0050000000000000044,-0.6350000000000043,-0.6301697492599487,-0.6325848746299765,-0.0050000000000000044,True
kxhormuznorm26mar17b260701-0x1080671a,KXHORMUZNORM-26MAR17-B260701,short_spread,RESOLUTION_EXIT,other,0.02300000000000002,-0.02300000000000002,0.539000000000001,0.5435710549354553,0.5412855274677282,-0.02300000000000002,True
kxkatzout26jan0127jan01-0xb25a93dc,KXKATZOUT-26JAN01-27JAN01,short_spread,RESOLUTION_EXIT,other,0.0,0.0,0.4334999999999981,0.43367868661880493,0.4335893433094015,0.0,True
kxarmominf26apr14t25-0x7bef7c8b,KXARMOMINF-26APR14-T2.5,short_spread,RESOLUTION_EXIT,inflation,-0.0004999999999999449,0.0004999999999999449,0.7880000000000044,0.7859881520271301,0.7869940760135672,0.0004999999999999449,True
kxhormuznorm26mar17b270101-0x1080671a,KXHORMUZNORM-26MAR17-B270101,short_spread,RESOLUTION_EXIT,other,0.018000000000000016,-0.018000000000000016,0.759000000000005,0.7547222375869751,0.75686111879349,-0.018000000000000016,True
kxdoged26apr1717t00899999-0xc2eb25cc,KXDOGED-26APR1717-T0.0899999,short_spread,STOP_LOSS,crypto,-0.135,0.135,0.40550000000000425,0.4055234491825104,0.4055117245912573,0.135,True
kxdoged26apr1410t00949999-0x5b919435,KXDOGED-26APR1410-T0.0949999,short_spread,RESOLUTION_EXIT,crypto,-0.4250000000000001,0.4250000000000001,0.3055000000000048,0.31654036045074463,0.3110201802253747,0.4250000000000001,True
kxdoge26apr1410b0097-0x5b919435,KXDOGE-26APR1410-B0.097,short_spread,RESOLUTION_EXIT,crypto,-0.32000000000000006,0.32000000000000006,0.415500000000005,0.4205263555049896,0.4180131777524973,0.32000000000000006,True
kxdoge26apr1410b0092-0x5b919435,KXDOGE-26APR1410-B0.092,short_spread,RESOLUTION_EXIT,crypto,0.3050000000000001,-0.3050000000000001,0.555500000000005,0.5565425753593445,0.5560212876796747,-0.3050000000000001,True
kxhormuznorm26mar17b270701-0xdb7fa6f9,KXHORMUZNORM-26MAR17-B270701,short_spread,RESOLUTION_EXIT,other,-0.0010000000000000009,0.0010000000000000009,0.48999999999999966,0.4901139736175537,0.4900569868087767,0.0010000000000000009,True
kxdoge26apr1417b0097-0x5b919435,KXDOGE-26APR1417-B0.097,short_spread,RESOLUTION_EXIT,crypto,-0.06999999999999995,0.06999999999999995,0.37050000000000494,0.3681887090206146,0.3693443545103098,0.06999999999999995,True
kxhormuznorm26mar17b270401-0x1080671a,KXHORMUZNORM-26MAR17-B270401,short_spread,RESOLUTION_EXIT,other,0.0,0.0,0.4985000000000013,0.5010258555412292,0.49976292777061526,0.0,True
kxhormuznorm26mar17b270101-0x1080671a,KXHORMUZNORM-26MAR17-B270101,short_spread,RESOLUTION_EXIT,other,0.0,0.0,0.7585000000000051,0.7547222375869751,0.7566111187934901,0.0,True
kxfisaextend26mar-0x61212670,KXFISAEXTEND-26MAR,short_spread,RESOLUTION_EXIT,other,0.0,0.0,0.3250000000000043,0.3220268487930298,0.32351342439651704,0.0,True
kxarmominf26apr14t30-0xa84dec4c,KXARMOMINF-26APR14-T3.0,short_spread,RESOLUTION_EXIT,inflation,0.03849999999999998,-0.03849999999999998,0.8359999999999956,0.8438500165939331,0.8399250082969644,-0.03849999999999998,True
kxkatzout26jan0127jan01-0xb25a93dc,KXKATZOUT-26JAN01-27JAN01,short_spread,RESOLUTION_EXIT,other,0.0,0.0,0.433500000000005,0.43367868661880493,0.43358934330940496,0.0,True
kxarmominf26apr14t35-0x2b3e9527,KXARMOMINF-26APR14-T3.5,long_spread,RESOLUTION_EXIT,inflation,0.03499999999999992,-0.03499999999999992,-0.7850000000000068,-0.777194082736969,-0.7810970413684879,0.03499999999999992,True
kxtechlayoff26mar20-0x74f19011,KXTECHLAYOFF-26MAR-2.0,long_spread,RESOLUTION_EXIT,other,0.0,0.0,-0.6349999999999966,-0.6301697492599487,-0.6325848746299727,0.0,True
kxhormuznorm26mar17b260701-0x1080671a,KXHORMUZNORM-26MAR17-B260701,short_spread,RESOLUTION_EXIT,other,-0.010000000000000009,0.010000000000000009,0.5385000000000006,0.5435710549354553,0.541035527467728,0.010000000000000009,True
kxhormuznorm26mar17b260601-0x1080671a,KXHORMUZNORM-26MAR17-B260601,short_spread,RESOLUTION_EXIT,other,-0.010000000000000009,0.010000000000000009,0.4785000000000005,0.47639310359954834,0.4774465517997744,0.010000000000000009,True
kxhormuznorm26mar17b261001-0x1080671a,KXHORMUZNORM-26MAR17-B261001,short_spread,RESOLUTION_EXIT,other,0.0,0.0,0.6685000000000051,0.6746880412101746,0.6715940206050899,0.0,True
kxdoged26apr1417t00949999-0x5b919435,KXDOGED-26APR1417-T0.0949999,short_spread,RESOLUTION_EXIT,crypto,-0.04999999999999999,0.04999999999999999,0.3655000000000049,0.36763083934783936,0.3665654196739221,0.04999999999999999,True
kxarmominf26apr14t25-0x7bef7c8b,KXARMOMINF-26APR14-T2.5,short_spread,RESOLUTION_EXIT,inflation,0.0,0.0,0.8109999999999987,0.8189417719841003,0.8149708859920495,0.0,True
kxdoge26apr1417b0092-0x5b919435,KXDOGE-26APR1417-B0.092,short_spread,RESOLUTION_EXIT,crypto,0.05999999999999994,-0.05999999999999994,0.5805000000000049,0.58369380235672,0.5820969011783624,-0.05999999999999994,True
kxhormuznorm26mar17b260901-0x1080671a,KXHORMUZNORM-26MAR17-B260901,short_spread,RESOLUTION_EXIT,other,0.0,0.0,0.738500000000005,0.7365047931671143,0.7375023965835596,0.0,True
kxhormuznorm26mar17b260801-0x1080671a,KXHORMUZNORM-26MAR17-B260801,short_spread,RESOLUTION_EXIT,other,0.020000000000000073,-0.020000000000000073,0.5135000000000004,0.5156998038291931,0.5145999019145968,-0.020000000000000073,True
kxhormuznorm26mar17b270101-0xdb7fa6f9,KXHORMUZNORM-26MAR17-B270101,short_spread,RESOLUTION_EXIT,other,-0.0010000000000000009,0.0010000000000000009,0.7500000000000051,0.7463783621788025,0.7481891810894038,0.0010000000000000009,True
