{
  "model_name": "GRU",
  "metrics": {
    "annualized_sharpe": 8.292894631513326,
    "total_pnl": 208395.88159841864,
    "max_drawdown": 0.10797845103522727,
    "calmar_ratio": 17125366.702530127,
    "win_rate": 0.4408109875735775,
    "num_trades": 1529,
    "total_fees": 95605.42022432962,
    "avg_trade_duration_hours": 4.0
  },
  "timestamp": "2026-04-06T18:49:24.493858+00:00",
  "threshold": 0.02,
  "n_train_rows": 6802,
  "n_test_rows": 1673,
  "n_features": 31,
  "break_even_fee_pp": 0.19999999999999993,
  "seed": 42,
  "equity_curve": [
    [
      20450,
      10000.0
    ],
    [
      20451,
      10097.851858800044
    ],
    [
      20454,
      10083.069476817487
    ],
    [
      20455,
      10112.583910600977
    ],
    [
      20460,
      10339.007733109296
    ],
    [
      20461,
      10834.316269719493
    ],
    [
      20462,
      11716.407648868935
    ],
    [
      20463,
      11676.594216939446
    ],
    [
      20464,
      12776.597494619631
    ],
    [
      20465,
      16129.648151815505
    ],
    [
      20466,
      16685.46749140419
    ],
    [
      20467,
      16762.700654195578
    ],
    [
      20468,
      16800.1706940318
    ],
    [
      20469,
      16737.631878624627
    ],
    [
      20472,
      16796.906812043657
    ],
    [
      20473,
      16834.065607243778
    ],
    [
      20474,
      16836.520618141356
    ],
    [
      20475,
      16418.905599771726
    ],
    [
      20476,
      24585.854354664283
    ],
    [
      20479,
      24847.441352055568
    ],
    [
      20480,
      25531.557891501307
    ],
    [
      20481,
      25641.859672224255
    ],
    [
      20482,
      26592.41551590133
    ],
    [
      20483,
      30691.779638695672
    ],
    [
      20484,
      34488.14422247809
    ],
    [
      20485,
      37370.232764644636
    ],
    [
      20486,
      37649.33186995821
    ],
    [
      20487,
      42754.63746913482
    ],
    [
      20488,
      66841.8271385174
    ],
    [
      20489,
      66911.90605944078
    ],
    [
      20490,
      61811.51341968485
    ],
    [
      20491,
      61871.59481789978
    ],
    [
      20492,
      59686.862087327725
    ],
    [
      20493,
      59961.968160903256
    ],
    [
      20494,
      59959.07151555312
    ],
    [
      20495,
      69417.8624646817
    ],
    [
      20496,
      94922.73530881094
    ],
    [
      20497,
      103991.72034375522
    ],
    [
      20500,
      105239.37614470866
    ],
    [
      20501,
      107906.19341814956
    ],
    [
      20502,
      106218.09867314323
    ],
    [
      20503,
      105011.24760471116
    ],
    [
      20504,
      113123.6860525168
    ],
    [
      20505,
      112623.6860525168
    ],
    [
      20507,
      126292.06526527728
    ],
    [
      20508,
      120229.6174775337
    ],
    [
      20509,
      120383.57143004854
    ],
    [
      20510,
      120426.38643692012
    ],
    [
      20511,
      120428.35444142856
    ],
    [
      20512,
      120497.12914743155
    ],
    [
      20514,
      120581.74601995084
    ],
    [
      20515,
      120597.98692012881
    ],
    [
      20516,
      129929.70063064918
    ],
    [
      20517,
      139252.14131532056
    ],
    [
      20518,
      153762.55418357177
    ],
    [
      20519,
      156708.39116801944
    ],
    [
      20520,
      157660.23540490188
    ],
    [
      20521,
      160914.01624325826
    ],
    [
      20522,
      159094.2480914634
    ],
    [
      20523,
      159745.42209882554
    ],
    [
      20524,
      171923.16198721185
    ],
    [
      20525,
      172121.1875877124
    ],
    [
      20526,
      172175.55467899854
    ],
    [
      20527,
      179237.55467899854
    ],
    [
      20528,
      182372.89821335196
    ],
    [
      20529,
      189856.54009187067
    ],
    [
      20530,
      189634.66740766598
    ],
    [
      20531,
      188870.8991298686
    ],
    [
      20532,
      204760.91404577857
    ],
    [
      20533,
      204751.2037142458
    ],
    [
      20534,
      204553.8189001572
    ],
    [
      20535,
      204570.03463914784
    ],
    [
      20536,
      211541.45790677547
    ],
    [
      20537,
      211435.74855350322
    ],
    [
      20538,
      211503.45426012305
    ],
    [
      20539,
      213207.05651591072
    ],
    [
      20540,
      213345.05651591072
    ],
    [
      20543,
      218729.2149317523
    ],
    [
      20544,
      218395.88159841896
    ]
  ],
  "daily_returns": [
    0.00978518588000444,
    -0.0014639135322305934,
    0.002927127880190466,
    0.02239030345854141,
    0.047906776878020564,
    0.08141643249004775,
    -0.0033980920707664722,
    0.09420583238941296,
    0.26243690142135895,
    0.034459483204915715,
    0.004628768287803604,
    0.0022353223749088076,
    -0.00372251071409585,
    0.003541416960826433,
    0.0022122403616289038,
    0.00014583588747097938,
    -0.024804116470457,
    0.4974112741720193,
    0.010639735907394213,
    0.027532675487697347,
    0.004320213486058496,
    0.03707047210412493,
    0.15415538766469206,
    0.12369320477578397,
    0.08356751594329362,
    0.007468487206684635,
    0.13560149265889948,
    0.5633819182017732,
    0.0010484291636455622,
    -0.07622548721336717,
    0.0009720098229432867,
    -0.03531075507269772,
    0.004609156252393142,
    -4.830804323107699e-05,
    0.15775412644065057,
    0.3674108066508899,
    0.09554070482103434,
    0.011997645551291828,
    0.025340489188893603,
    -0.01564409503785154,
    -0.01136200970934181,
    0.07725304320107598,
    -0.004419940840399056,
    0.12136327349814205,
    -0.04800339415631042,
    0.0012804993956136259,
    0.0003556548984464989,
    1.6341970947251983e-05,
    0.0005710839969704967,
    0.0007022314400184301,
    0.00013468788364773436,
    0.07737868557209583,
    0.07174988197019132,
    0.10420243976998562,
    0.019158351004827476,
    0.00607398384852206,
    0.020637929595880865,
    -0.011308947438387479,
    0.004093007856498839,
    0.07623216821107165,
    0.0011518261891628435,
    0.0003158651880578396,
    0.041016275586660864,
    0.017492670774094242,
    0.04103483550370439,
    -0.001168633348618448,
    -0.004027577279187397,
    0.08413162106558247,
    -4.742277879541825e-05,
    -0.0009640227285993532,
    7.92737044842871e-05,
    0.03407841857154146,
    -0.0004997098645261249,
    0.000320218823368409,
    0.008054725449979866,
    0.000647258126701363,
    0.025236855748003,
    -0.0015239543260708898
  ]
}