{
  "model_name": "Linear Regression",
  "metrics": {
    "annualized_sharpe": 8.698024802639443,
    "total_pnl": 246412.5380163669,
    "max_drawdown": 0.0762203342009928,
    "calmar_ratio": 62613372.82328336,
    "win_rate": 0.45201037613488976,
    "num_trades": 1542,
    "total_fees": 99023.61833069513,
    "avg_trade_duration_hours": 4.0
  },
  "timestamp": "2026-04-06T18:49:17.878018+00:00",
  "threshold": 0.02,
  "n_train_rows": 6802,
  "n_test_rows": 1673,
  "n_features": 31,
  "break_even_fee_pp": 0.17645147115097284,
  "equity_curve": [
    [
      20450,
      10000.0
    ],
    [
      20451,
      10097.851858800044
    ],
    [
      20455,
      10127.366292583534
    ],
    [
      20460,
      10353.790115091853
    ],
    [
      20461,
      10734.33651006637
    ],
    [
      20462,
      11659.794382564585
    ],
    [
      20463,
      11619.980950635096
    ],
    [
      20464,
      12722.438230566499
    ],
    [
      20465,
      15884.39185261354
    ],
    [
      20466,
      16487.546263750257
    ],
    [
      20467,
      16564.779426541645
    ],
    [
      20468,
      16592.148456276856
    ],
    [
      20469,
      16793.04508980423
    ],
    [
      20472,
      16852.32002322326
    ],
    [
      20473,
      16877.47788566544
    ],
    [
      20474,
      16957.39299657102
    ],
    [
      20475,
      16486.483020054617
    ],
    [
      20476,
      25159.078839052883
    ],
    [
      20479,
      25420.66583644417
    ],
    [
      20480,
      26058.32954986653
    ],
    [
      20481,
      26375.068923499246
    ],
    [
      20482,
      27536.695990130655
    ],
    [
      20483,
      37093.197055084405
    ],
    [
      20484,
      40867.22926865854
    ],
    [
      20485,
      43391.18654455109
    ],
    [
      20486,
      43670.285649864665
    ],
    [
      20487,
      46194.840107698656
    ],
    [
      20488,
      70368.39503795534
    ],
    [
      20489,
      79804.57484759121
    ],
    [
      20490,
      73991.19842543355
    ],
    [
      20491,
      74637.39745572959
    ],
    [
      20492,
      73721.84348193966
    ],
    [
      20493,
      74071.6884284299
    ],
    [
      20494,
      74128.41830828173
    ],
    [
      20495,
      83630.42809029963
    ],
    [
      20496,
      109174.38140180404
    ],
    [
      20497,
      118069.89059211918
    ],
    [
      20500,
      119317.54639307261
    ],
    [
      20501,
      121984.36366651351
    ],
    [
      20502,
      120296.26892150719
    ],
    [
      20503,
      120136.22711383247
    ],
    [
      20504,
      128762.71149404574
    ],
    [
      20505,
      128262.71149404574
    ],
    [
      20507,
      146329.4699195667
    ],
    [
      20508,
      142672.973434337
    ],
    [
      20509,
      142826.92738685184
    ],
    [
      20510,
      142870.74371732192
    ],
    [
      20511,
      142872.71172183036
    ],
    [
      20512,
      142716.31838409198
    ],
    [
      20514,
      142800.93525661126
    ],
    [
      20515,
      142670.6027212282
    ],
    [
      20516,
      151937.48777622895
    ],
    [
      20517,
      161249.63110067276
    ],
    [
      20518,
      187165.49829606875
    ],
    [
      20519,
      190082.39887018004
    ],
    [
      20520,
      191079.87909624793
    ],
    [
      20521,
      194372.9366883167
    ],
    [
      20522,
      192623.01234429659
    ],
    [
      20523,
      193365.6765318745
    ],
    [
      20524,
      205630.38352727305
    ],
    [
      20525,
      205630.34051230404
    ],
    [
      20526,
      205684.70760359018
    ],
    [
      20527,
      212746.70760359018
    ],
    [
      20528,
      215882.0511379436
    ],
    [
      20529,
      223365.69301646232
    ],
    [
      20530,
      223143.82033225763
    ],
    [
      20531,
      222103.08297009591
    ],
    [
      20532,
      244579.05585181483
    ],
    [
      20533,
      244569.34552028208
    ],
    [
      20534,
      244371.96070619347
    ],
    [
      20535,
      244363.92409129968
    ],
    [
      20536,
      251241.61032679628
    ],
    [
      20537,
      249469.23430685737
    ],
    [
      20538,
      249536.9400134772
    ],
    [
      20539,
      251223.7129338587
    ],
    [
      20540,
      251361.7129338587
    ],
    [
      20543,
      256745.8713497003
    ],
    [
      20544,
      256412.53801636695
    ]
  ],
  "daily_returns": [
    0.00978518588000444,
    0.0029228428180760858,
    0.02235762151450312,
    0.03675430839763956,
    0.0862147252073145,
    -0.003414591254630012,
    0.0948759971823488,
    0.24853361947949873,
    0.03797151422183515,
    0.004684333348085613,
    0.0016522423287664522,
    0.012107933704714009,
    0.0035297310941550903,
    0.001492842671365819,
    0.0047350149973210435,
    -0.027770187116122422,
    0.5260428078231529,
    0.010397320150896805,
    0.02508446149778566,
    0.012155014504156538,
    0.044042617291378525,
    0.3470460315347516,
    0.10174459235664159,
    0.061759931393934694,
    0.0064321611723388945,
    0.05780943312519445,
    0.5232955644807614,
    0.13409684567263716,
    -0.07284515246475408,
    0.008733458087548787,
    -0.012266692100739161,
    0.004745472033345816,
    0.0007658780440336589,
    0.12818309089641422,
    0.3054385095807884,
    0.08147982224489289,
    0.010567095427093724,
    0.02235058760473915,
    -0.013838615821461458,
    -0.0013303971029986197,
    0.07180585396642623,
    -0.0038831117658090094,
    0.14085744964435487,
    -0.02498810722979845,
    0.0010790687879347676,
    0.0003067791996352401,
    1.3774720122746053e-05,
    -0.0010946340687007013,
    0.0005929025739828748,
    -0.0009126868472453818,
    0.06495300978792255,
    0.06128930694285659,
    0.16071892393487688,
    0.015584606140909391,
    0.005247620147876659,
    0.01723393173391135,
    -0.009002921774167396,
    0.0038555319976538833,
    0.06342752868747549,
    -2.0918586187236974e-07,
    0.0002643923613153691,
    0.034334103309276526,
    0.014737447971206704,
    0.03466541956161445,
    -0.0009933158544106553,
    -0.004663975729249763,
    0.10119613190936703,
    -3.9702220204104016e-05,
    -0.0008070709502399195,
    -3.288681267096074e-05,
    0.02814526023459565,
    -0.007054468476115668,
    0.0002713990236428946,
    0.006759612105087187,
    0.0005493112031041917,
    0.02141996230451505,
    -0.0012983006565247441
  ]
}