{
  "model_name": "LSTM",
  "metrics": {
    "annualized_sharpe": 8.383217356454994,
    "total_pnl": 208654.8423781217,
    "max_drawdown": 0.04456096112291278,
    "calmar_ratio": 50332833.43001868,
    "win_rate": 0.44692005242463956,
    "num_trades": 1526,
    "total_fees": 95902.10006849714,
    "avg_trade_duration_hours": 4.0
  },
  "timestamp": "2026-04-06T18:49:28.206602+00:00",
  "threshold": 0.02,
  "n_train_rows": 6802,
  "n_test_rows": 1673,
  "n_features": 31,
  "break_even_fee_pp": 0.16727516083982186,
  "seed": 42,
  "equity_curve": [
    [
      20450,
      10000.0
    ],
    [
      20451,
      10097.851858800044
    ],
    [
      20455,
      10127.366292583534
    ],
    [
      20460,
      10380.60481106303
    ],
    [
      20461,
      10739.620781901907
    ],
    [
      20462,
      11677.765453863767
    ],
    [
      20463,
      11637.952021934278
    ],
    [
      20464,
      12589.935578180839
    ],
    [
      20465,
      15991.306721428633
    ],
    [
      20466,
      16526.640623729883
    ],
    [
      20467,
      16603.87378652127
    ],
    [
      20468,
      16641.343826357494
    ],
    [
      20469,
      16767.421956411115
    ],
    [
      20472,
      16826.696889830146
    ],
    [
      20473,
      16851.854752272327
    ],
    [
      20474,
      16861.699095951415
    ],
    [
      20475,
      16449.974472865408
    ],
    [
      20476,
      24616.923227757965
    ],
    [
      20479,
      24878.51022514925
    ],
    [
      20480,
      25592.929794898017
    ],
    [
      20481,
      25536.215948917128
    ],
    [
      20482,
      26719.057795906527
    ],
    [
      20483,
      32799.07906511797
    ],
    [
      20484,
      36595.44364890039
    ],
    [
      20485,
      39477.53219106694
    ],
    [
      20486,
      39554.42489078654
    ],
    [
      20487,
      41229.58220521996
    ],
    [
      20488,
      65318.85879752651
    ],
    [
      20489,
      70455.25024632132
    ],
    [
      20490,
      69988.08714581265
    ],
    [
      20491,
      69998.79901233448
    ],
    [
      20492,
      67840.09480273975
    ],
    [
      20493,
      67840.38423784214
    ],
    [
      20494,
      67811.84732203468
    ],
    [
      20495,
      77226.04273291898
    ],
    [
      20496,
      103092.41469607822
    ],
    [
      20497,
      112075.75763889162
    ],
    [
      20500,
      113323.41343984506
    ],
    [
      20501,
      115990.23071328596
    ],
    [
      20502,
      114302.13596827963
    ],
    [
      20503,
      114158.2649453289
    ],
    [
      20504,
      122880.0280696026
    ],
    [
      20505,
      122380.0280696026
    ],
    [
      20507,
      136048.4072823631
    ],
    [
      20508,
      129985.95949461951
    ],
    [
      20509,
      130139.91344713436
    ],
    [
      20510,
      130281.62854284006
    ],
    [
      20511,
      130283.5965473485
    ],
    [
      20512,
      130127.20320961013
    ],
    [
      20514,
      130211.82008212942
    ],
    [
      20515,
      130081.48754674637
    ],
    [
      20516,
      139402.26148818096
    ],
    [
      20517,
      146773.22965536543
    ],
    [
      20518,
      161740.28655616785
    ],
    [
      20519,
      164730.60279908896
    ],
    [
      20520,
      165870.94646763417
    ],
    [
      20521,
      169182.3743854387
    ],
    [
      20522,
      167865.7425298398
    ],
    [
      20523,
      168541.39539705424
    ],
    [
      20524,
      180786.35595145088
    ],
    [
      20525,
      180786.31293648187
    ],
    [
      20526,
      180840.68002776802
    ],
    [
      20527,
      188902.68002776802
    ],
    [
      20528,
      192038.02356212144
    ],
    [
      20529,
      199521.66544064015
    ],
    [
      20530,
      199299.79275643546
    ],
    [
      20531,
      198771.64776828047
    ],
    [
      20532,
      206418.8155202374
    ],
    [
      20533,
      206409.10518870465
    ],
    [
      20534,
      206211.72037461604
    ],
    [
      20535,
      206203.68375972225
    ],
    [
      20536,
      213133.7520198119
    ],
    [
      20537,
      211694.7093332063
    ],
    [
      20538,
      211762.41503982613
    ],
    [
      20539,
      213466.0172956138
    ],
    [
      20540,
      213604.0172956138
    ],
    [
      20543,
      218988.17571145538
    ],
    [
      20544,
      218654.84237812203
    ]
  ],
  "daily_returns": [
    0.00978518588000444,
    0.0029228428180760858,
    0.025005367749455987,
    0.0345852652493098,
    0.08735361247976213,
    -0.003409336493936543,
    0.08179992102152843,
    0.27016588942222924,
    0.03347655770893895,
    0.004673252389871293,
    0.00225670468939841,
    0.007576198855643709,
    0.00353512505220675,
    0.0014951159224473461,
    0.0005841697441500896,
    -0.024417742289379724,
    0.49647181935535023,
    0.010626307559684033,
    0.028716332420362284,
    -0.002215996622324709,
    0.04632016933736644,
    0.22755373021210823,
    0.11574607251152605,
    0.07875539287943972,
    0.0019477585211621073,
    0.042350693229864574,
    0.5842716637874801,
    0.07863565811393673,
    -0.006630635742196616,
    0.00015305271166383567,
    -0.030839160672090134,
    4.2664312781515135e-06,
    -0.00042064790947255777,
    0.13882818095452867,
    0.33494364139072014,
    0.08713873827959848,
    0.0111322539970989,
    0.023532800438071093,
    -0.014553766594180603,
    -0.0012586905899172997,
    0.07640062792168931,
    -0.004069009487178717,
    0.11168798886846723,
    -0.04456096112291278,
    0.0011843890918173507,
    0.0010889441367522659,
    1.5105771477116257e-05,
    -0.0012004069728112862,
    0.00065026274623751,
    -0.0010009270686857988,
    0.0716533468152802,
    0.05287552790389562,
    0.10197402439086611,
    0.0184883822490488,
    0.006922476146924638,
    0.019963881489340276,
    -0.00778232283582512,
    0.004024959810333673,
    0.07265254049635489,
    -2.3793260713131456e-07,
    0.0003007257043028086,
    0.04458067730536118,
    0.016597665707509028,
    0.038969583938140644,
    -0.0011120230162206869,
    -0.0026500026961916675,
    0.038472125365040404,
    -4.704189154592161e-05,
    -0.0009562795880935333,
    -3.897263879657368e-05,
    0.033607878063734685,
    -0.006751829182230232,
    0.0003198271077868705,
    0.008044875458505088,
    0.0006464729222398603,
    0.025206260088218604,
    -0.0015221521995440622
  ]
}