{
  "model_name": "Naive (Spread Closes)",
  "metrics": {
    "annualized_sharpe": -2.2505167092111296,
    "total_pnl": -42867.9743914662,
    "max_drawdown": 4.716797246993732,
    "calmar_ratio": -999.0,
    "win_rate": 0.3547945205479452,
    "num_trades": 1460,
    "total_fees": 59693.027133147334,
    "avg_trade_duration_hours": 4.0
  },
  "timestamp": "2026-04-06T18:49:14.389938+00:00",
  "threshold": 0.02,
  "n_train_rows": 6802,
  "n_test_rows": 1673,
  "n_features": 31,
  "break_even_fee_pp": 0.18936911879974755,
  "equity_curve": [
    [
      20450,
      10000.0
    ],
    [
      20451,
      10032.059903219488
    ],
    [
      20454,
      10017.27752123693
    ],
    [
      20455,
      9702.892871439873
    ],
    [
      20460,
      9352.602532016592
    ],
    [
      20461,
      8612.142485886083
    ],
    [
      20462,
      7261.79099527153
    ],
    [
      20463,
      7221.97756334204
    ],
    [
      20464,
      6215.041152494907
    ],
    [
      20465,
      8119.144926871915
    ],
    [
      20466,
      8523.604092166115
    ],
    [
      20467,
      8436.218645110766
    ],
    [
      20468,
      8437.583656292336
    ],
    [
      20469,
      8327.302593588267
    ],
    [
      20472,
      8386.577527007297
    ],
    [
      20473,
      8364.509155323783
    ],
    [
      20474,
      8505.767358147657
    ],
    [
      20475,
      8870.865888399301
    ],
    [
      20476,
      8276.007259378177
    ],
    [
      20479,
      8537.594256769464
    ],
    [
      20480,
      8452.500834418883
    ],
    [
      20481,
      8690.539765333046
    ],
    [
      20482,
      7185.011980526793
    ],
    [
      20483,
      5046.628919859002
    ],
    [
      20484,
      5165.643749524259
    ],
    [
      20485,
      1410.2306975418696
    ],
    [
      20486,
      1689.329802855445
    ],
    [
      20487,
      633.1331193468163
    ],
    [
      20488,
      -16672.628863721355
    ],
    [
      20489,
      -14067.905287578938
    ],
    [
      20490,
      -16515.108516105178
    ],
    [
      20491,
      -16852.17583690836
    ],
    [
      20492,
      -20803.515819471133
    ],
    [
      20493,
      -21992.535957874417
    ],
    [
      20494,
      -23567.597189975106
    ],
    [
      20495,
      -31487.237382735675
    ],
    [
      20496,
      -35060.74965028057
    ],
    [
      20497,
      -29809.452958580187
    ],
    [
      20500,
      -29778.56335885989
    ],
    [
      20501,
      -33282.6415947552
    ],
    [
      20502,
      -33826.24891229537
    ],
    [
      20503,
      -35585.40025192561
    ],
    [
      20504,
      -37287.1326299624
    ],
    [
      20507,
      -32888.753417201915
    ],
    [
      20508,
      -28764.384197976593
    ],
    [
      20509,
      -28754.342078068315
    ],
    [
      20510,
      -28764.720145048195
    ],
    [
      20511,
      -28808.39041382675
    ],
    [
      20512,
      -28696.26584590058
    ],
    [
      20514,
      -28717.705418708894
    ],
    [
      20515,
      -28848.037954091942
    ],
    [
      20516,
      -28682.85796099126
    ],
    [
      20517,
      -23825.93326041543
    ],
    [
      20518,
      -26594.60100678844
    ],
    [
      20519,
      -25094.261716327375
    ],
    [
      20520,
      -26542.8376360431
    ],
    [
      20521,
      -33896.71185994259
    ],
    [
      20522,
      -34020.60554469975
    ],
    [
      20523,
      -36219.33742090661
    ],
    [
      20524,
      -32790.47928606998
    ],
    [
      20525,
      -32894.657737604946
    ],
    [
      20526,
      -32934.657737604946
    ],
    [
      20527,
      -32572.657737604946
    ],
    [
      20528,
      -32622.162688099997
    ],
    [
      20529,
      -32542.758273070296
    ],
    [
      20530,
      -32509.100869397455
    ],
    [
      20531,
      -35290.32123630046
    ],
    [
      20532,
      -34229.0120196809
    ],
    [
      20533,
      -34238.72235121364
    ],
    [
      20534,
      -34436.10716530225
    ],
    [
      20535,
      -34472.315077733234
    ],
    [
      20536,
      -29287.647286962627
    ],
    [
      20537,
      -30947.414328160306
    ],
    [
      20538,
      -30991.01573742526
    ],
    [
      20539,
      -33190.13280730765
    ],
    [
      20540,
      -33052.13280730765
    ],
    [
      20543,
      -32867.974391466065
    ]
  ],
  "daily_returns": [
    0.0032059903219487118,
    -0.0014735141262277826,
    -0.03138424079102853,
    -0.03610163938368829,
    -0.07917155076308509,
    -0.15679623192806688,
    -0.005482591271962171,
    -0.13942668777569064,
    0.30637026009274987,
    0.04981548782995135,
    -0.010252171042958622,
    0.00016180367520006548,
    -0.013070218583471578,
    0.007118143330671097,
    -0.0026313918416001085,
    0.01688780539309556,
    0.04292364402629897,
    -0.06705756084071109,
    0.03160787432790875,
    -0.009966908685442708,
    0.0281619529624724,
    -0.17323754628128746,
    -0.2976171878993872,
    0.023583035637298702,
    -0.726998073052996,
    0.19791024674194416,
    -0.6252163915674475,
    -27.333528217449732,
    -0.15622752701046086,
    0.17395647599980388,
    0.02040963403143748,
    0.23447061203271122,
    0.05715476887278908,
    0.07161799053631816,
    0.33603935644866373,
    0.11349081610774266,
    -0.1497770796141081,
    -0.0010362350413883339,
    0.11767116477943726,
    0.01633305805948512,
    0.05200551040085355,
    0.04782108297193318,
    -0.11795970627213438,
    -0.12540363469866686,
    -0.0003491164573230329,
    0.00036092173320134664,
    0.0015181885503611874,
    -0.0038920802695160037,
    0.0007471206505907218,
    0.004538403520851632,
    -0.005725865771653024,
    -0.16933196500785436,
    0.11620395793573787,
    -0.05641518329521457,
    0.05772538503387092,
    0.2770568213066076,
    0.0036550354874853807,
    0.06462941623181698,
    -0.09466926727537031,
    0.003177094504355723,
    0.0012160029242156325,
    -0.010991460815658233,
    0.0015198314762598056,
    -0.0024340634858849523,
    -0.0010342517186287315,
    0.08555205442550753,
    -0.030073662676889063,
    0.0002836871694443704,
    0.005764958518716825,
    0.0010514519616625665,
    -0.1504009167669609,
    0.05667123155831381,
    0.001408886984954994,
    0.07095982553507273,
    -0.004157862241805064,
    -0.00557175589591204
  ]
}