{
  "model_name": "PPO-Filtered",
  "metrics": {
    "annualized_sharpe": 1.9876146835714252,
    "total_pnl": -87723.84075833969,
    "max_drawdown": 8.77238407583398,
    "calmar_ratio": -999.0,
    "win_rate": 0.2607099143206854,
    "num_trades": 817,
    "total_fees": 27370.805096291537,
    "avg_trade_duration_hours": 4.0
  },
  "timestamp": "2026-04-06T18:49:54.141603+00:00",
  "threshold": 0.02,
  "n_train_rows": 6802,
  "n_test_rows": 1673,
  "n_features": 31,
  "break_even_fee_pp": 0.14685360894809324,
  "seed": 42,
  "total_timesteps": 50000,
  "equity_curve": [
    [
      20450,
      10000.0
    ],
    [
      20451,
      9947.738076578493
    ],
    [
      20460,
      9890.924419538576
    ],
    [
      20461,
      9485.53187898903
    ],
    [
      20462,
      8680.554077737432
    ],
    [
      20464,
      7286.47023176497
    ],
    [
      20465,
      7426.482034559316
    ],
    [
      20466,
      7188.331873726631
    ],
    [
      20467,
      7100.946426671282
    ],
    [
      20468,
      6992.666767802091
    ],
    [
      20472,
      7051.941701221122
    ],
    [
      20473,
      6968.208393003457
    ],
    [
      20474,
      6941.450303656753
    ],
    [
      20475,
      6941.393436329239
    ],
    [
      20476,
      -3868.606563670761
    ],
    [
      20479,
      -3836.7405869394756
    ],
    [
      20480,
      -4574.742976790323
    ],
    [
      20481,
      -4826.708322448303
    ],
    [
      20482,
      -5539.067185086099
    ],
    [
      20483,
      -4912.682933155511
    ],
    [
      20484,
      -4973.647489347387
    ],
    [
      20485,
      -8347.090056891488
    ],
    [
      20486,
      -8454.25386574908
    ],
    [
      20488,
      -8336.491460111472
    ],
    [
      20490,
      -8938.359460216143
    ],
    [
      20491,
      -9760.488148223558
    ],
    [
      20492,
      -12007.255233584834
    ],
    [
      20493,
      -13216.802246162677
    ],
    [
      20494,
      -14355.295556420326
    ],
    [
      20495,
      -19594.600687083428
    ],
    [
      20496,
      -23986.591248986926
    ],
    [
      20497,
      -24683.80135571603
    ],
    [
      20500,
      -24667.28542703838
    ],
    [
      20503,
      -25683.1926398822
    ],
    [
      20504,
      -36283.192639882196
    ],
    [
      20505,
      -36783.192639882196
    ],
    [
      20507,
      -52451.57185264268
    ],
    [
      20508,
      -52545.95445764851
    ],
    [
      20509,
      -52535.912337740236
    ],
    [
      20510,
      -52519.028143325224
    ],
    [
      20511,
      -52529.879275460284
    ],
    [
      20512,
      -52614.17910407486
    ],
    [
      20514,
      -52635.61867688317
    ],
    [
      20515,
      -52570.596421912574
    ],
    [
      20516,
      -43515.579157797845
    ],
    [
      20517,
      -43932.23246406132
    ],
    [
      20518,
      -35795.65376617034
    ],
    [
      20519,
      -36140.017391196874
    ],
    [
      20520,
      -36523.53535857399
    ],
    [
      20521,
      -36913.16234739683
    ],
    [
      20522,
      -37965.374815024705
    ],
    [
      20523,
      -44953.74189965375
    ],
    [
      20524,
      -45392.89783869523
    ],
    [
      20525,
      -45525.73258964717
    ],
    [
      20526,
      -45630.25669138655
    ],
    [
      20527,
      -47530.25669138655
    ],
    [
      20528,
      -55912.074873204736
    ],
    [
      20529,
      -68217.12537825524
    ],
    [
      20531,
      -68277.26246339233
    ],
    [
      20532,
      -68430.3601257777
    ],
    [
      20534,
      -68521.77122921919
    ],
    [
      20535,
      -68848.61219813771
    ],
    [
      20536,
      -77520.58906147713
    ],
    [
      20537,
      -77633.26408837024
    ],
    [
      20538,
      -77676.8654976352
    ],
    [
      20539,
      -77723.8407583398
    ]
  ],
  "daily_returns": [
    -0.005226192342150732,
    -0.005711213604797427,
    -0.0409863146612194,
    -0.08486374949987438,
    -0.1605984863970604,
    0.019215312536922484,
    -0.03206769500342794,
    -0.01215656825399827,
    -0.015248623544389918,
    0.008476727890418482,
    -0.01187379473133838,
    -0.0038400242698784404,
    -8.192427378406426e-06,
    -1.557324202864456,
    -0.008237068362167328,
    0.19235139127285736,
    0.05507748674325767,
    0.14758688842346668,
    -0.11308479045300683,
    0.012409625661047283,
    0.6782633016854086,
    0.012838463240146387,
    -0.013929367098225183,
    0.07219679921517277,
    0.0919775817549785,
    0.23019003263378743,
    0.10073467991208225,
    0.08613984601216187,
    0.36497368584792755,
    0.2241428969154067,
    0.029066660597660013,
    -0.0006690998861820868,
    0.04118439444213269,
    0.41272127451708507,
    0.013780485222527082,
    0.42596572206655153,
    0.0017994237669558472,
    -0.0001911111904222819,
    -0.00032138386227054556,
    0.00020661334603237015,
    0.0016047976842382084,
    0.0004074865972137366,
    -0.001235328027010569,
    -0.17224490267225506,
    0.009574807789012521,
    -0.18520749439599038,
    0.009620263601722094,
    0.010612002845093645,
    0.01066783335724861,
    0.028505075174142504,
    0.18407212147062538,
    0.009769063052009443,
    0.0029263333533799097,
    0.0022959345362222132,
    0.0416390381682568,
    0.17634700010650559,
    0.22007858826479665,
    0.0008815540790326865,
    0.002242293508288645,
    0.0013358267189220977,
    0.004769885002318002,
    0.12595717744291735,
    0.001453485174161298,
    0.0005616330805738517,
    0.0006047522695933275
  ]
}