{
  "model_name": "PPO-Raw",
  "metrics": {
    "annualized_sharpe": 5.961006468771419,
    "total_pnl": 96336.84242961508,
    "max_drawdown": 0.23056796525356768,
    "calmar_ratio": 276406.1563820469,
    "win_rate": 0.3720219914477703,
    "num_trades": 1637,
    "total_fees": 96078.18929738885,
    "avg_trade_duration_hours": 4.0
  },
  "timestamp": "2026-04-06T18:49:38.304844+00:00",
  "threshold": 0.02,
  "n_train_rows": 6802,
  "n_test_rows": 1673,
  "n_features": 31,
  "break_even_fee_pp": 0.16961325004616692,
  "seed": 42,
  "total_timesteps": 50000,
  "equity_curve": [
    [
      20450,
      10000.0
    ],
    [
      20451,
      10032.059903219488
    ],
    [
      20454,
      10026.008951815933
    ],
    [
      20455,
      9940.697712336954
    ],
    [
      20460,
      10040.231854537733
    ],
    [
      20461,
      9792.431242312789
    ],
    [
      20462,
      9601.496780580632
    ],
    [
      20463,
      9561.683348651142
    ],
    [
      20464,
      10646.24549749231
    ],
    [
      20465,
      13356.480628167332
    ],
    [
      20466,
      14117.91668206255
    ],
    [
      20467,
      14030.531235007202
    ],
    [
      20468,
      13922.251576138011
    ],
    [
      20469,
      13953.709222519865
    ],
    [
      20472,
      13865.171930787099
    ],
    [
      20473,
      13843.103559103585
    ],
    [
      20474,
      13744.742704201888
    ],
    [
      20475,
      13492.545616507507
    ],
    [
      20476,
      21659.494371400062
    ],
    [
      20479,
      21533.884133685537
    ],
    [
      20480,
      21448.790711334954
    ],
    [
      20481,
      21145.87914409972
    ],
    [
      20482,
      22055.449889820396
    ],
    [
      20483,
      20955.119642646092
    ],
    [
      20484,
      21087.02103468555
    ],
    [
      20485,
      23610.978310578103
    ],
    [
      20486,
      23890.07741589168
    ],
    [
      20487,
      29495.383015068288
    ],
    [
      20488,
      38020.6282786008
    ],
    [
      20489,
      46812.07718778231
    ],
    [
      20490,
      43366.83549679611
    ],
    [
      20491,
      43127.27284556423
    ],
    [
      20492,
      40084.31857090864
    ],
    [
      20493,
      39837.73149987318
    ],
    [
      20494,
      38741.58221961773
    ],
    [
      20495,
      44812.94395369276
    ],
    [
      20496,
      67041.86909494383
    ],
    [
      20497,
      59091.89993957096
    ],
    [
      20500,
      60442.1097020083
    ],
    [
      20501,
      62443.538231757026
    ],
    [
      20502,
      60755.4434867507
    ],
    [
      20503,
      60380.085897302626
    ],
    [
      20504,
      68946.43005842819
    ],
    [
      20505,
      68446.43005842819
    ],
    [
      20507,
      76716.43005842819
    ],
    [
      20508,
      80914.86314232126
    ],
    [
      20509,
      81109.1135682117
    ],
    [
      20510,
      81101.69188704742
    ],
    [
      20511,
      81058.02161826886
    ],
    [
      20512,
      80901.6282805305
    ],
    [
      20514,
      80867.13502212508
    ],
    [
      20515,
      80736.80248674203
    ],
    [
      20516,
      70004.58148432433
    ],
    [
      20517,
      62407.95028926859
    ],
    [
      20518,
      81507.38427752988
    ],
    [
      20519,
      83462.1227515932
    ],
    [
      20520,
      84151.24670262651
    ],
    [
      20521,
      89173.3906875104
    ],
    [
      20522,
      86937.36216798468
    ],
    [
      20523,
      86990.94050063669
    ],
    [
      20524,
      89911.4866444963
    ],
    [
      20525,
      89652.13241508181
    ],
    [
      20526,
      89706.49950636794
    ],
    [
      20527,
      87468.49950636794
    ],
    [
      20528,
      90603.84304072137
    ],
    [
      20529,
      97991.89867523444
    ],
    [
      20530,
      97857.44130090263
    ],
    [
      20531,
      100379.36959835918
    ],
    [
      20532,
      100956.84225052781
    ],
    [
      20533,
      100947.13191899507
    ],
    [
      20534,
      100749.74710490646
    ],
    [
      20535,
      100693.69835185976
    ],
    [
      20536,
      107502.17034116758
    ],
    [
      20537,
      105741.67517139635
    ],
    [
      20538,
      105698.07376213139
    ],
    [
      20539,
      107348.01734710675
    ],
    [
      20540,
      107486.01734710675
    ],
    [
      20543,
      106670.17576294833
    ],
    [
      20544,
      106336.842429615
    ]
  ],
  "daily_returns": [
    0.0032059903219487118,
    -0.0006031614107100786,
    -0.008508992949136322,
    0.010012792369418029,
    -0.0246807659240409,
    -0.019498167207662825,
    -0.004146585979179127,
    0.11342795084237597,
    0.25457191751903624,
    0.05700873419375418,
    -0.006189684287227464,
    -0.007717431154639783,
    0.0022595229090508684,
    -0.006345072146829345,
    -0.0015916406802364866,
    -0.007105404830769565,
    -0.01834862195108841,
    0.6052933958511634,
    -0.005799315328449533,
    -0.0039516058423231405,
    -0.01412254757444938,
    0.04301408986225442,
    -0.04988926785311956,
    0.0062944709593078345,
    0.11969245308481236,
    0.011820734475391665,
    0.2346290261683271,
    0.2890366013954531,
    0.23122839645786739,
    -0.0735972829653752,
    -0.005524098046065301,
    -0.07055753990177392,
    -0.006151709192692129,
    -0.02751535388652696,
    0.1567143463490411,
    0.4960380457088743,
    -0.11858215265618903,
    0.022849320529854472,
    0.03311314809519667,
    -0.027033938063231094,
    -0.006178172158844138,
    0.14187366635575197,
    -0.00725200709559985,
    0.12082441688982827,
    0.05472664826420483,
    0.0024006766908667068,
    -9.150243219017261e-05,
    -0.0005384631043132462,
    -0.0019293998868474926,
    -0.000426360496550322,
    -0.0016116873108882827,
    -0.1329284870326647,
    -0.10851620042549358,
    0.30604168058289116,
    0.02398234824230767,
    0.00825672686380551,
    0.05967997126211495,
    -0.025075064459098736,
    0.0006162866150513404,
    0.03357299193515719,
    -0.0028845505629326307,
    0.0006064227344243908,
    -0.024948025085307586,
    0.035845402082439685,
    0.08154240909177045,
    -0.0013721274528767612,
    0.02577145144947988,
    0.005752901761380274,
    -9.618299578590317e-05,
    -0.00195532859959806,
    -0.0005563165631408579,
    0.06761567109707897,
    -0.016376368627574273,
    -0.00041233893064660996,
    0.015609968339522322,
    0.0012855384143125898,
    -0.007590211306497684,
    -0.0031248971978268363
  ]
}