{
  "model_name": "Volume (Higher Volume Correct)",
  "metrics": {
    "annualized_sharpe": -2.2578674458221104,
    "total_pnl": -40434.46996596827,
    "max_drawdown": 4.5128951478725305,
    "calmar_ratio": -999.0,
    "win_rate": 0.35694444444444445,
    "num_trades": 1440,
    "total_fees": 57556.434735160765,
    "avg_trade_duration_hours": 4.0
  },
  "timestamp": "2026-04-06T18:49:16.068571+00:00",
  "threshold": 0.02,
  "n_train_rows": 6802,
  "n_test_rows": 1673,
  "n_features": 31,
  "break_even_fee_pp": 0.12438805571724179,
  "equity_curve": [
    [
      20450,
      10000.0
    ],
    [
      20451,
      10032.059903219488
    ],
    [
      20454,
      10017.27752123693
    ],
    [
      20455,
      9702.892871439873
    ],
    [
      20460,
      9352.602532016592
    ],
    [
      20461,
      8612.142485886083
    ],
    [
      20462,
      7261.79099527153
    ],
    [
      20463,
      7221.97756334204
    ],
    [
      20464,
      6215.041152494907
    ],
    [
      20465,
      8119.144926871915
    ],
    [
      20466,
      8172.279152237608
    ],
    [
      20467,
      8084.8937051822595
    ],
    [
      20468,
      8086.25871636383
    ],
    [
      20469,
      7975.977653659762
    ],
    [
      20472,
      8035.252587078792
    ],
    [
      20473,
      8013.184215395278
    ],
    [
      20474,
      8154.442418219152
    ],
    [
      20475,
      8519.540948470796
    ],
    [
      20476,
      7924.682319449671
    ],
    [
      20479,
      8186.269316840957
    ],
    [
      20480,
      8501.87936023702
    ],
    [
      20481,
      8739.918291151183
    ],
    [
      20482,
      7234.390506344931
    ],
    [
      20483,
      5096.00744567714
    ],
    [
      20484,
      5215.022275342397
    ],
    [
      20485,
      1459.6092233600075
    ],
    [
      20486,
      1738.7083286735829
    ],
    [
      20487,
      682.5116451649542
    ],
    [
      20488,
      -16623.250337903217
    ],
    [
      20489,
      -14018.5267617608
    ],
    [
      20490,
      -16465.72999028704
    ],
    [
      20491,
      -16802.797311090224
    ],
    [
      20492,
      -20098.316730321334
    ],
    [
      20493,
      -21282.072366750835
    ],
    [
      20494,
      -22657.50902327159
    ],
    [
      20495,
      -30577.149216032158
    ],
    [
      20496,
      -33692.947863771406
    ],
    [
      20497,
      -28441.65117207102
    ],
    [
      20500,
      -28410.761572350722
    ],
    [
      20501,
      -31914.839808246037
    ],
    [
      20502,
      -31780.690839519284
    ],
    [
      20503,
      -33539.84217914952
    ],
    [
      20504,
      -35241.57455718631
    ],
    [
      20507,
      -30843.195344425825
    ],
    [
      20508,
      -26718.826125200503
    ],
    [
      20509,
      -26708.784005292226
    ],
    [
      20510,
      -26719.162072272105
    ],
    [
      20511,
      -26762.83234105066
    ],
    [
      20512,
      -26650.70777312449
    ],
    [
      20514,
      -26672.147345932804
    ],
    [
      20515,
      -26802.479881315852
    ],
    [
      20516,
      -26637.29988821517
    ],
    [
      20517,
      -21780.37518763934
    ],
    [
      20518,
      -24532.86132904352
    ],
    [
      20519,
      -23032.522038582454
    ],
    [
      20520,
      -24181.558444024005
    ],
    [
      20521,
      -31544.098283506897
    ],
    [
      20522,
      -31667.991968264054
    ],
    [
      20523,
      -33842.5226381017
    ],
    [
      20524,
      -30413.66450326507
    ],
    [
      20525,
      -30517.842954800035
    ],
    [
      20526,
      -30557.842954800035
    ],
    [
      20527,
      -30195.842954800035
    ],
    [
      20528,
      -30245.347905295086
    ],
    [
      20529,
      -30165.943490265385
    ],
    [
      20530,
      -30132.286086592543
    ],
    [
      20531,
      -32893.23963130411
    ],
    [
      20532,
      -31831.930414684557
    ],
    [
      20533,
      -31841.640746217297
    ],
    [
      20534,
      -32039.025560305905
    ],
    [
      20535,
      -32075.233472736883
    ],
    [
      20536,
      -26854.14286146469
    ],
    [
      20537,
      -28513.90990266237
    ],
    [
      20538,
      -28557.511311927323
    ],
    [
      20539,
      -30756.628381809714
    ],
    [
      20540,
      -30618.628381809714
    ],
    [
      20543,
      -30434.469965968132
    ]
  ],
  "daily_returns": [
    0.0032059903219487118,
    -0.0014735141262277826,
    -0.03138424079102853,
    -0.03610163938368829,
    -0.07917155076308509,
    -0.15679623192806688,
    -0.005482591271962171,
    -0.13942668777569064,
    0.30637026009274987,
    0.006544312959587058,
    -0.010692910194021275,
    0.00016883477153141707,
    -0.013638082402792392,
    0.00743168248369305,
    -0.0027464440531715447,
    0.017628223565918123,
    0.04477296074050607,
    -0.06982284991867997,
    0.03300914621514466,
    0.03855358664376992,
    0.027998389629881448,
    -0.17225879403592811,
    -0.295585793826352,
    0.023354524288659632,
    -0.7201144796137663,
    0.19121495044481274,
    -0.6074605303779587,
    -25.355995177028216,
    -0.15669159299149227,
    0.1745692161605474,
    0.02047083979890449,
    0.19612921338139283,
    0.058898247664871804,
    0.06462888730091955,
    0.3495371086303568,
    0.10189957951036126,
    -0.15585744271865515,
    -0.0010860691432229765,
    0.12333630082290628,
    -0.004203341440306788,
    0.05535283510711899,
    0.05073763820793082,
    -0.12480654647320756,
    -0.13372055564180388,
    -0.0003758443526381105,
    0.0003885638139806163,
    0.0016344176011370852,
    -0.004189562842128064,
    0.000804465419486306,
    0.004886465783675368,
    -0.006162862310954674,
    -0.18233547397664812,
    0.12637459720924618,
    -0.061156310726986955,
    0.04988756348595992,
    0.30446920352655754,
    0.003927634375332124,
    0.06866651576825089,
    -0.10131804214193654,
    0.003425383071605166,
    0.0013107086257454035,
    -0.01184638590280918,
    0.0016394624441898559,
    -0.0026253430867562047,
    -0.0011157417862200677,
    0.09162774894600709,
    -0.032265268745664044,
    0.0003050500364332627,
    0.006198952361211413,
    0.0011301190282090997,
    -0.16277638682536746,
    0.06180674057481916,
    0.001529127692897832,
    0.07700660767886686,
    -0.004486837708180551,
    -0.006014587379459206
  ]
}