{
  "model_name": "XGBoost",
  "metrics": {
    "annualized_sharpe": 8.303422913151843,
    "total_pnl": 247425.44157625095,
    "max_drawdown": 0.027786342727946323,
    "calmar_ratio": 143646138.1430528,
    "win_rate": 0.459037711313394,
    "num_trades": 1538,
    "total_fees": 95128.12736628248,
    "avg_trade_duration_hours": 4.0
  },
  "timestamp": "2026-04-06T18:49:19.988505+00:00",
  "threshold": 0.02,
  "n_train_rows": 6802,
  "n_test_rows": 1673,
  "n_features": 31,
  "break_even_fee_pp": 0.17475007882537905,
  "equity_curve": [
    [
      20450,
      10000.0
    ],
    [
      20451,
      10097.851858800044
    ],
    [
      20454,
      10091.80090739649
    ],
    [
      20455,
      10087.005795975561
    ],
    [
      20460,
      10313.42961848388
    ],
    [
      20461,
      10711.30915430087
    ],
    [
      20462,
      11969.58269558601
    ],
    [
      20463,
      11929.76926365652
    ],
    [
      20464,
      13019.101735147782
    ],
    [
      20465,
      15937.591296000523
    ],
    [
      20466,
      16574.129967416626
    ],
    [
      20467,
      16651.363130208014
    ],
    [
      20468,
      16678.732159943225
    ],
    [
      20469,
      16843.728909856225
    ],
    [
      20472,
      16903.003843275255
    ],
    [
      20473,
      16928.161705717437
    ],
    [
      20474,
      16947.533582488406
    ],
    [
      20475,
      16476.623605972003
    ],
    [
      20476,
      24468.123779907943
    ],
    [
      20479,
      24729.710777299228
    ],
    [
      20480,
      25367.374490721588
    ],
    [
      20481,
      25477.676271444536
    ],
    [
      20482,
      26449.509352147586
    ],
    [
      20483,
      42348.81198209323
    ],
    [
      20484,
      46145.176565875656
    ],
    [
      20485,
      49027.2651080422
    ],
    [
      20486,
      49306.36421335577
    ],
    [
      20487,
      52330.918671189764
    ],
    [
      20488,
      76533.9656258909
    ],
    [
      20489,
      86075.59774718567
    ],
    [
      20490,
      85859.56917714117
    ],
    [
      20491,
      86664.58935756849
    ],
    [
      20492,
      85800.14462021666
    ],
    [
      20493,
      86381.55006333995
    ],
    [
      20494,
      86343.0061311621
    ],
    [
      20495,
      95815.99178386867
    ],
    [
      20496,
      122226.69836334477
    ],
    [
      20497,
      131320.918034874
    ],
    [
      20500,
      132568.57383582744
    ],
    [
      20501,
      135235.39110926833
    ],
    [
      20502,
      133547.296364262
    ],
    [
      20503,
      133399.9253470659
    ],
    [
      20504,
      142149.13600894637
    ],
    [
      20505,
      141649.13600894637
    ],
    [
      20507,
      149919.13600894637
    ],
    [
      20508,
      148457.90927158727
    ],
    [
      20509,
      148611.8632241021
    ],
    [
      20510,
      148617.8133957398
    ],
    [
      20511,
      148619.78140024823
    ],
    [
      20512,
      148463.38806250985
    ],
    [
      20514,
      148548.00493502914
    ],
    [
      20515,
      148564.2458352071
    ],
    [
      20516,
      157893.0205549282
    ],
    [
      20517,
      167165.4523348836
    ],
    [
      20518,
      195983.12865560243
    ],
    [
      20519,
      198871.05915516755
    ],
    [
      20520,
      200185.92314966317
    ],
    [
      20521,
      203532.47632403483
    ],
    [
      20522,
      201605.29468477287
    ],
    [
      20523,
      202514.7409678392
    ],
    [
      20524,
      205443.86376745437
    ],
    [
      20525,
      205565.6428394048
    ],
    [
      20526,
      205620.00993069095
    ],
    [
      20527,
      212682.00993069095
    ],
    [
      20528,
      215817.35346504438
    ],
    [
      20529,
      223300.9953435631
    ],
    [
      20530,
      223079.1226593584
    ],
    [
      20531,
      222074.51714382812
    ],
    [
      20532,
      243493.69373355454
    ],
    [
      20533,
      243483.98340202178
    ],
    [
      20534,
      243286.59858793317
    ],
    [
      20535,
      243278.56197303938
    ],
    [
      20536,
      250571.0178846074
    ],
    [
      20537,
      250465.30853133515
    ],
    [
      20538,
      250533.01423795498
    ],
    [
      20539,
      252236.61649374265
    ],
    [
      20540,
      252374.61649374265
    ],
    [
      20543,
      257758.77490958423
    ],
    [
      20544,
      257425.4415762509
    ]
  ],
  "daily_returns": [
    0.00978518588000444,
    -0.0005992315482703994,
    -0.0004751492290551788,
    0.022447079647625084,
    0.03857878034130412,
    0.11747149887648516,
    -0.003326217207569907,
    0.09131211571793438,
    0.22416980988585933,
    0.03993945255553386,
    0.004659862263854797,
    0.0016436510044970643,
    0.009892643417421526,
    0.0035191099154027175,
    0.0014883663682173965,
    0.001144357970329857,
    -0.027786342727946223,
    0.48502049722367846,
    0.010690929952139964,
    0.025785328391616527,
    0.004348174887523,
    0.03814449443304548,
    0.6011190006688988,
    0.08964512594562687,
    0.062456983733763655,
    0.005692732496877403,
    0.0613420702598615,
    0.46249994399631794,
    0.12467186357408493,
    -0.0025097539337340315,
    0.00937601001428798,
    -0.009974601434793912,
    0.006776275794135422,
    -0.00044620560929487614,
    0.10971341023633498,
    0.27563986019213277,
    0.07440452694299846,
    0.00950081540415448,
    0.020116511751446284,
    -0.012482640314489608,
    -0.0011035117985027485,
    0.06558632352392776,
    -0.0035174325644056798,
    0.05838369532644151,
    -0.009746765998383975,
    0.0010370208853823857,
    4.0038335490948646e-05,
    1.3242049949922777e-05,
    -0.0010523049910643209,
    0.0005699511079705392,
    0.00010933098822215165,
    0.06279286558670998,
    0.05872603961445964,
    0.17239014352671503,
    0.014735607699375122,
    0.006611640728828715,
    0.01671722527597354,
    -0.009468668951847172,
    0.004511023802665145,
    0.014463751061362712,
    0.0005927608141574533,
    0.00026447557352083864,
    0.034344906424138455,
    0.014741931089400487,
    0.03467581155252576,
    -0.0009936036508180802,
    -0.004503359631121989,
    0.09645040261802809,
    -3.987919105357298e-05,
    -0.0008106685759395633,
    -3.303352893429196e-05,
    0.029975744070602432,
    -0.00042187382309687084,
    0.00027031969823218484,
    0.006799911225151321,
    0.0005471053406848384,
    0.021333993452448023,
    -0.0012931987803335074
  ]
}