{
  "model_name": "Linear Regression",
  "metrics": {
    "rmse": 0.17592728874691801,
    "mae": 0.12542442295409822,
    "directional_accuracy": 0.6839622641509434,
    "total_pnl": 33.9968235576154,
    "num_trades": 372,
    "win_rate": 0.6693548387096774,
    "sharpe_ratio": 8.574038735213914
  },
  "timestamp": "2026-04-05T14:16:01.097348+00:00",
  "threshold": 0.02,
  "n_train_rows": 978,
  "n_test_rows": 435,
  "n_features": 35,
  "pnl_series": [
    0.004791252955082759,
    0.19682445526898057,
    0.40014337186859267,
    0.47977209406987403,
    0.46788424015288493,
    0.557911359921953,
    0.7070024944499654,
    0.7369969203139566,
    0.715785582875496,
    0.7251478842930708,
    0.7927778808451724,
    0.8248283010132396,
    0.988807540573114,
    1.0164603425948064,
    1.1266946979862023,
    1.2217258353921452,
    1.3694063450037801,
    1.3395163262788263,
    1.3329575756309835,
    1.3966247640903255,
    1.3682528358646593,
    1.428696887869101,
    1.3857231573509972,
    1.4034998918559831,
    1.4178253172525928,
    1.4320121261924061,
    1.402342401221595,
    1.3889528483992648,
    1.3586080962334344,
    1.3218112451151007,
    1.3990554492856777,
    1.0970218624242913,
    1.5270216032241253,
    1.9670213440239595,
    1.955858553326285,
    2.1291918866596182,
    1.975858553326285,
    1.9775252199929518,
    2.024387965090991,
    1.9960100684778002,
    1.9960100684778002,
    1.9960100684778002,
    1.9965327106296558,
    2.388182175250475,
    2.388182175250475,
    2.7598316398712943,
    2.7598316398712943,
    2.911543518013659,
    2.841465174875616,
    2.9096674010719306,
    3.015244439089663,
    3.0561783208044093,
    3.0561783208044093,
    3.123037443454318,
    3.039714364515061,
    3.03867189347259,
    3.226833157293463,
    3.340522784632065,
    3.2707072425624806,
    3.294718737939821,
    3.48894608580254,
    3.293568692880238,
    3.460521508302274,
    3.6666813907278586,
    3.8273513132889825,
    3.8144737530399437,
    3.7467826635141,
    3.9210208148872656,
    4.024724406490191,
    4.055884600892481,
    4.086056291797053,
    4.215699782739736,
    4.329298063422182,
    4.384147258502781,
    4.458298885224758,
    4.587889884926302,
    4.70723089446782,
    4.681464923467035,
    4.670549549452117,
    4.744812694864773,
    4.7052632455923975,
    4.724473073188968,
    5.309210085398265,
    5.309210085398265,
    5.186940243700405,
    5.312010096716391,
    5.503745194679953,
    5.503745194679953,
    5.787813432281463,
    6.214693898753766,
    6.668860356520572,
    6.957307115455994,
    6.957307115455994,
    6.97302140117028,
    6.905088510445141,
    6.895088516611809,
    6.895088516611809,
    6.9114295242700265,
    7.325242230580967,
    7.312062617383459,
    7.64583802817805,
    7.758072771792171,
    7.953042270496131,
    7.731352219425642,
    8.309031230772897,
    8.452980914666254,
    8.75556401791402,
    9.150437142942941,
    9.334055816022428,
    9.134311261049133,
    9.145254224277206,
    9.396361989169772,
    9.152677979560039,
    9.297180074342828,
    9.107098352955225,
    9.058306045945844,
    9.101853622772644,
    9.058918629520358,
    9.475002130392037,
    9.640409299147471,
    9.85136416176743,
    10.123458274449968,
    10.186014377614855,
    10.249682574646608,
    10.422251444484568,
    10.754189357788396,
    10.925113043667048,
    11.1606091605445,
    11.228137455048387,
    11.842253060605008,
    11.85897108684078,
    12.082501014204661,
    11.674975122578136,
    12.080215148633759,
    12.362193520966716,
    12.509588938508905,
    12.551534800350012,
    12.541701738365216,
    12.323185839687966,
    12.304534880603942,
    12.873022778734242,
    13.353300221764961,
    13.820085941535458,
    14.380337236397152,
    14.58131387919178,
    14.416445865691589,
    14.383995969818551,
    14.853184284514924,
    15.310006202192403,
    15.275821271021456,
    15.627848593512153,
    15.324809013162085,
    15.23418327526362,
    15.227180377984505,
    15.3707190253275,
    15.367574076941114,
    15.447574076941114,
    15.646931410812217,
    15.938477883811018,
    15.928850415983208,
    16.02907600827469,
    16.156264430816137,
    16.562688309476908,
    16.78499710863148,
    16.714445113150447,
    16.76161498738939,
    16.72324115992409,
    17.200192815694656,
    17.258849707190258,
    17.336805115159898,
    17.21551099751284,
    17.21151099751284,
    17.232010997512837,
    17.25494849751284,
    17.234282844325726,
    17.4237685013558,
    17.50771259244672,
    17.48158645694179,
    17.681053449903246,
    17.82744760621049,
    17.820269840066867,
    17.82277135514752,
    17.865401709517702,
    17.915754080180946,
    17.937245648056052,
    17.969398661949995,
    18.04923927641339,
    18.094724083657614,
    18.189073605874867,
    18.176714176639848,
    18.22024298159734,
    18.226695076673966,
    18.28091299718082,
    18.421306390983222,
    18.497563934375183,
    18.422810963672248,
    18.57668671266318,
    18.661871078538706,
    18.64207207341202,
    18.635949032654025,
    18.717368730797862,
    18.86747015791277,
    18.93162648521183,
    18.840464819742916,
    18.816088737849824,
    18.873364574767514,
    18.817504496641384,
    18.821469130858535,
    18.800796687372667,
    18.88684740460571,
    19.258041275842334,
    19.73409132560609,
    19.79985639277328,
    19.716370191161182,
    20.109199467588923,
    20.126590551148947,
    20.1783510998985,
    20.162838019183333,
    20.284367958406698,
    20.467518823851023,
    20.864585443106836,
    20.91423191334415,
    21.066910212063025,
    21.1400729428047,
    21.455988272566636,
    21.71420959566707,
    21.86290101309731,
    22.156780724271695,
    22.668300509655023,
    23.128050858032445,
    23.249463022071197,
    23.262698909663875,
    23.22059388962933,
    23.369404140718665,
    23.474742741821306,
    23.323622272960378,
    23.27679671735828,
    23.26182040591093,
    23.35689084053637,
    22.99025175934491,
    22.961453698277317,
    23.17245981699217,
    23.390381607912236,
    23.41116316512296,
    23.474100415089943,
    23.53339341509153,
    23.452606647868226,
    23.503307883828633,
    23.43118881013545,
    23.457261648664613,
    23.485231727554442,
    23.50803418453417,
    23.497302482334675,
    23.59661607239665,
    23.661389721409634,
    23.757530489136748,
    23.693049812393525,
    23.63210408240633,
    23.737079122390867,
    23.75145871006714,
    23.80575955587843,
    23.87720174938563,
    23.88399584806657,
    23.92555297483359,
    23.98648249386407,
    23.8087839549765,
    23.760751176695425,
    23.768364000698345,
    24.14075721766486,
    24.130694661740446,
    24.13167481497593,
    24.12726714691324,
    24.118764877087735,
    24.122972024580086,
    24.1240520863526,
    24.402291951278322,
    24.400180532036025,
    24.695854833904317,
    24.73823862278183,
    24.68652880908516,
    24.95247099917016,
    24.97426774794825,
    25.22015544972353,
    25.30609433779589,
    25.316190184498197,
    25.339557381062935,
    25.49977471395982,
    25.55938685194151,
    25.599519306951063,
    25.62944174442274,
    25.745717172504456,
    25.727208456461398,
    26.12830054487104,
    26.132028912701525,
    26.08837097603021,
    26.379986299547905,
    26.60814441536737,
    26.611828796264813,
    26.629373334473907,
    27.04087397304351,
    27.048115181853778,
    27.02955230760228,
    27.430564144684347,
    27.59761297330557,
    27.360946813205718,
    27.335880069881973,
    27.703479250166144,
    28.029468118898357,
    28.153907886985177,
    28.493683363176793,
    28.571834990168327,
    29.025199181126016,
    29.211642158163112,
    29.400375799542044,
    29.361212417196697,
    29.562342092705318,
    29.424263348843606,
    29.405418403376284,
    29.548880066857294,
    29.41475817720924,
