{
  "model_name": "Naive (Spread Closes)",
  "metrics": {
    "rmse": 0.24213779943236094,
    "mae": 0.1835674092680546,
    "directional_accuracy": 0.6226415094339622,
    "total_pnl": 16.307854643430407,
    "num_trades": 396,
    "win_rate": 0.6111111111111112,
    "sharpe_ratio": 3.7238317000390646
  },
  "timestamp": "2026-04-05T14:16:01.094531+00:00",
  "threshold": 0.02,
  "n_train_rows": 978,
  "n_test_rows": 435,
  "n_features": 35,
  "pnl_series": [
    0.004791252955082759,
    0.19682445526898057,
    0.40014337186859267,
    0.47977209406987403,
    0.46788424015288493,
    0.557911359921953,
    0.5879057857859441,
    0.5666944483474834,
    0.5760567497650582,
    0.6436867463171598,
    0.6735089393595979,
    0.6008915663550026,
    0.6329419865230697,
    0.7969212260829441,
    0.8245740281046365,
    0.9348083834960323,
    1.0298395209019753,
    1.1775200305136102,
    1.1476300117886564,
    1.1410712611408136,
    1.2047384496001556,
    1.1763665213744894,
    1.1928635926690316,
    1.2533076446734734,
    1.2103339141553695,
    1.2281106486603555,
    1.242436074056965,
    1.2566228829967785,
    1.2269531580259674,
    1.2135636052036372,
    1.1832188530378067,
    1.146422001919473,
    1.22366620609005,
    0.9216326192286636,
    1.3516323600284976,
    0.9116326192286636,
    0.9004698285309892,
    1.0738031618643227,
    0.9204698285309892,
    0.9221364951976561,
    0.9689992402956953,
    0.9406213436825044,
    0.9406213436825044,
    0.9406213436825044,
    0.9411439858343601,
    1.3327934504551793,
    1.3327934504551793,
    0.9611439858343602,
    0.9611439858343602,
    1.112855863976725,
    1.0427775208386818,
    1.110979747034996,
    1.2165567850527286,
    1.175622903337982,
    1.145078466038856,
    1.1966121389841722,
    1.1512869844205178,
    1.138744267356187,
    1.2004698285309896,
    1.2004698285309896,
    1.2004698285309896,
    1.083901250312039,
    1.083901250312039,
    1.150760372961948,
    1.2340834519012054,
    1.2351259229436764,
    1.046964659122803,
    1.160654286461405,
    1.2304698285309894,
    1.2064583331536491,
    1.01223098529093,
    0.8168535923686278,
    0.9838064077906634,
    1.0638800445588292,
    0.8577201621332444,
    1.0183900846943685,
    1.0312676449434073,
    1.0761994445515413,
    1.141358513512261,
    1.2090496030381046,
    1.0348114516649392,
    1.1385150432678646,
    1.107354848865574,
    1.0771831579610018,
    1.2068266489036845,
    1.0932283682212385,
    1.1326245245009734,
    1.1874737195815728,
    1.0548307878805858,
    1.128982414602562,
    1.2585734143041056,
    1.1392324047625875,
    1.113466433761803,
    1.1025510597468842,
    1.17681420515954,
    1.0318345589440643,
    0.9922851096716885,
    0.9730752820751176,
    1.5578122942844137,
    1.5578122942844137,
    1.4355424525865534,
    1.56061230560254,
    1.7523474035661017,
    2.179227870038405,
    2.6333943278052105,
    2.921841086740633,
    2.7267764751309738,
    2.7267764751309738,
    2.74249076084526,
    2.674557870120121,
    2.664557876286788,
    2.664557876286788,
    2.6808988839450056,
    3.0947115902559457,
    3.0815319770584373,
    3.415307387853028,
    3.5275421314671487,
    3.4593347366321145,
    3.6543042353360744,
    3.432614184265585,
    4.01029319561284,
    4.154242879506196,
    4.456825982753962,
    4.851699107782884,
    5.0353177808623695,
    4.835573225889074,
    4.846516189117147,
    5.097623954009713,
    5.242126048792501,
    5.052044327404898,
    5.003252020395518,
    5.046799597222319,
    5.003864603970031,
    5.419948104841711,
    5.585355273597147,
    5.829114840189118,
    6.040069702809076,
    5.767975590126538,
    5.830531693291425,
    5.894199890323177,
    6.066768760161138,
    6.23769244603979,
    6.473188562917242,
    6.54071685742113,
    6.5239988311853585,
    6.300468903821478,
    5.892943012194952,
    6.298183038250574,
    6.580161410583532,
    6.622107272424639,
    6.631940334409436,
    6.850456233086685,
    6.86910719217071,
    6.30061929404041,
    6.78089673707113,
    6.3141110173006325,
    6.874362312162326,
    6.673385669367698,
    6.83825368286789,
    6.870703578740927,
    6.401515264044553,
    6.858337181722031,
    6.892522112892977,
    6.589482532542909,
    6.680108270441374,
    6.673105373162259,
    6.8166440205052545,
    6.721283105369292,
    6.718138156982906,
    6.7981381569829065,
    6.907447240930401,
    7.099311838639309,
    7.089684370811499,
    7.1899099631029815,
    7.062721540561535,
    7.469145419222305,
    7.691454218376875,
    7.762006213857907,
    7.714836339618966,
    7.753210167084267,
    7.276258511313699,
    7.3349154028093,
    7.41287081077894,
    7.291576693131881,
    7.28757669313188,
    7.308076693131881,
    7.331014193131881,
    7.368612961419826,
    7.347947308232712,
    7.504230527914134,
    7.693716184944208,
    7.77766027603513,
    7.7515341405302,
    7.69088448222643,
    7.8903514751878845,
    8.03674563149513,
    8.029567865351508,
    8.032069380432162,
    8.074699734802344,
    8.078436800043482,
    8.028084429380238,
    8.111934439878613,
    8.144087453772556,
    8.225311137072726,
    8.305151751536124,
    8.291433645652162,
    8.336918452896384,
    8.324559023661367,
    8.36808782861886,
    8.374539923695487,
    8.469687811152387,
    8.52390573165924,
    8.66429912546164,
    8.740556668853603,
    8.815309639556538,
    8.969185388547467,
    9.054369754422995,
    9.050947951922932,
    9.056156285256266,
    9.03253424741865,
    9.130327325275434,
    9.110528320148749,
    9.104405279390752,
    9.18582497753459,
    9.335926404649499,
    9.40008273194856,
    9.491244397417471,
    9.46686831552438,
    9.52414415244207,
    9.52218635054754,
    9.412483581204174,
    9.468343659330305,
    9.464379025113153,
    9.48505146859902,
    9.576874208188546,
    9.66292492542159,
    10.034118796658214,
    10.510168846421971,
    10.575933913589157,
    10.49244771197706,
    10.885276988404803,
    10.86788590484478,
    10.816125356095226,
    10.831638436810392,
    10.50842942578563,
    10.629959365008997,
    10.813110230453322,
    10.647574486756776,
    10.883280332504786,
    10.48621371324897,
    10.535860183486282,
    10.688538482205159,
    10.765693851111795,
    10.69253112037012,
    10.490136233553358,
    10.806051563315293,
    10.547830240214857,
    10.696521657645096,
    10.990401368819482,
    11.50192115420281,
    11.961671502580232,
    11.948435614987554,
    11.9905406350221,
    11.841730383932767,
    11.774874963087614,
    11.880213564190255,
    12.031334033051182,
    12.07815958865328,
    12.444798669844737,
    12.416000608777143,
    12.627006727491995,
    12.844928518412061,
    12.865710075622786,
    12.92864732558977,
    13.009434092813075,
    13.081553166506259,
    13.107626005035423,
    13.079655926145593,
    13.10245838312532,
    13.091726680925822,
    13.191040270987797,
    13.255813920000781,
    13.159673152273667,
    13.22415382901689,
    13.285099559004086,
    13.301989476543115,
    13.316369064219387,
    13.143435508415127,
    13.197736354226418,
    13.269178547733615,
    13.275972646414552,
    13.31752977318157,
    13.258516068993872,
    13.319445588024353,
    13.338370825515366,
    13.38102887903964,
    13.332996100758564,
    13.340608924761483,
    13.713002141727996,
    13.702939585803582,
    13.703919739039065,
    13.699512070976374,
    13.691009801150866,
    13.695216948643218,
    13.696297010415732,
    13.974536875341457,
    13.972425456099161,
    14.268099757967452,
    14.310483546844964,
    14.258773733148297,
    14.524715923233295,
    14.546512672011383,
    14.792400373786665,
    14.878339261859022,
    14.790243577607463,
    14.808825073324103,
    14.818920920026411,
    14.84228811659115,
    15.002505449488035,
    14.962372994478484,
    14.857493806681607,
