{
  "model_name": "Volume (Higher Volume Correct)",
  "metrics": {
    "rmse": 0.21842305690892666,
    "mae": 0.1632618973832103,
    "directional_accuracy": 0.6226415094339622,
    "total_pnl": 16.435432924384536,
    "num_trades": 391,
    "win_rate": 0.6138107416879796,
    "sharpe_ratio": 3.7873796526244528
  },
  "timestamp": "2026-04-05T14:16:01.095115+00:00",
  "threshold": 0.02,
  "n_train_rows": 978,
  "n_test_rows": 435,
  "n_features": 35,
  "pnl_series": [
    0.004791252955082759,
    0.19682445526898057,
    0.40014337186859267,
    0.47977209406987403,
    0.46788424015288493,
    0.557911359921953,
    0.5879057857859441,
    0.5666944483474834,
    0.5760567497650582,
    0.6436867463171598,
    0.6735089393595979,
    0.6008915663550026,
    0.6329419865230697,
    0.7969212260829441,
    0.8245740281046365,
    0.9348083834960323,
    1.0298395209019753,
    1.1775200305136102,
    1.1476300117886564,
    1.1410712611408136,
    1.2047384496001556,
    1.1763665213744894,
    1.1928635926690316,
    1.2533076446734734,
    1.2103339141553695,
    1.2281106486603555,
    1.242436074056965,
    1.2566228829967785,
    1.2269531580259674,
    1.2135636052036372,
    1.1832188530378067,
    1.146422001919473,
    1.22366620609005,
    0.9216326192286636,
    1.3516323600284976,
    0.9116326192286636,
    0.9004698285309892,
    1.0738031618643227,
    0.9204698285309892,
    0.9221364951976561,
    0.9689992402956953,
    0.9406213436825044,
    0.9406213436825044,
    0.9406213436825044,
    0.9411439858343601,
    1.3327934504551793,
    1.3327934504551793,
    0.9611439858343602,
    0.9611439858343602,
    1.112855863976725,
    1.0427775208386818,
    1.110979747034996,
    1.2165567850527286,
    1.175622903337982,
    1.145078466038856,
    1.1966121389841722,
    1.1512869844205178,
    1.138744267356187,
    1.2004698285309896,
    1.2004698285309896,
    1.2004698285309896,
    1.083901250312039,
    1.083901250312039,
    1.150760372961948,
    1.2340834519012054,
    1.2351259229436764,
    1.046964659122803,
    1.160654286461405,
    1.2304698285309894,
    1.2064583331536491,
    1.01223098529093,
    0.8168535923686278,
    0.9838064077906634,
    1.0638800445588292,
    0.8577201621332444,
    1.0183900846943685,
    1.0312676449434073,
    1.0761994445515413,
    1.141358513512261,
    1.2090496030381046,
    1.0348114516649392,
    1.1385150432678646,
    1.107354848865574,
    1.0771831579610018,
    1.2068266489036845,
    1.0932283682212385,
    1.1326245245009734,
    1.1874737195815728,
    1.0548307878805858,
    1.128982414602562,
    1.2585734143041056,
    1.1392324047625875,
    1.113466433761803,
    1.1025510597468842,
    1.17681420515954,
    1.0318345589440643,
    0.9922851096716885,
    0.9730752820751176,
    1.5578122942844137,
    1.5578122942844137,
    1.4355424525865534,
    1.56061230560254,
    1.7523474035661017,
    2.179227870038405,
    2.6333943278052105,
    2.921841086740633,
    2.921841086740633,
    2.937555372454919,
    2.86962248172978,
    2.859622487896447,
    2.859622487896447,
    2.875963495554665,
    3.289776201865605,
    3.2765965886680966,
    3.610371999462687,
    3.722606743076808,
    3.654399348241774,
    3.8493688469457337,
    3.6276787958752443,
    4.205357807222499,
    4.349307491115855,
    4.651890594363621,
    5.046763719392543,
    5.230382392472029,
    5.030637837498733,
    5.041580800726806,
    5.292688565619372,
    5.437190660402161,
    5.2471089390145575,
    5.198316632005177,
    5.241864208831978,
    5.198929215579691,
    5.61501271645137,
    5.780419885206806,
    6.024179451798777,
    6.235134314418735,
    5.963040201736197,
    6.025596304901084,
    6.089264501932837,
    6.2618333717707975,
    6.432757057649449,
    6.668253174526901,
    6.73578146903079,
    6.719063442795018,
    6.495533515431137,
    6.088007623804612,
    6.493247649860233,
    6.775226022193191,
    6.817171884034298,
    6.827004946019096,
    7.045520844696345,
    7.064171803780369,
    6.495683905650069,
    6.975961348680789,
    6.509175628910292,
    7.069426923771985,
    6.868450280977357,
    7.033318294477549,
    7.065768190350586,
    6.596579875654212,
    7.05340179333169,
    7.0875867245026365,
    6.784547144152568,
    6.875172882051033,
    6.868169984771918,
    7.011708632114914,
    6.916347716978951,
    6.913202768592566,
    6.993202768592566,
    7.102511852540061,
    7.2943764502489685,
    7.284748982421158,
    7.384974574712641,
    7.257786152171194,
    7.664210030831964,
    7.886518829986534,
    7.957070825467566,
    7.909900951228625,
    7.948274778693926,
    7.4713231229233585,
    7.5299800144189595,
    7.607935422388599,
    7.48664130474154,
    7.48264130474154,
    7.50314130474154,
    7.52607880474154,
    7.563677573029485,
    7.543011919842371,
    7.699295139523794,
    7.888780796553867,
    7.972724887644789,
    7.912075229341019,
    8.111542222302473,
    8.257936378609719,
    8.250758612466097,
    8.253260127546751,
    8.295890481916933,
    8.299627547158071,
    8.249275176494827,
    8.333125186993202,
    8.365278200887145,
    8.446501884187315,
    8.526342498650713,
    8.512624392766751,
    8.558109200010973,
    8.545749770775956,
    8.589278575733449,
    8.595730670810076,
    8.690878558266975,
    8.74509647877383,
    8.88548987257623,
    8.961747415968192,
    9.036500386671127,
    9.190376135662056,
    9.275560501537583,
    9.272138699037521,
    9.277347032370855,
    9.37514011022764,
    9.355341105100955,
    9.349218064342958,
    9.430637762486796,
    9.580739189601704,
    9.644895516900766,
    9.620519435007674,
    9.677795271925364,
    9.675837470030835,
    9.566134700687469,
    9.6219947788136,
    9.618030144596448,
    9.638702588082314,
    9.73052532767184,
    9.816576044904885,
    10.187769916141509,
    10.663819965905265,
    10.729585033072452,
    10.646098831460355,
    11.038928107888097,
    11.021537024328074,
    10.96977647557852,
    10.985289556293687,
    10.662080545268925,
    10.783610484492291,
    10.966761349936617,
    10.80122560624007,
    11.03693145198808,
    10.639864832732265,
    10.689511302969576,
    10.842189601688453,
    10.91934497059509,
    10.846182239853414,
    10.643787353036652,
    10.959702682798588,
    10.701481359698152,
    10.85017277712839,
    11.144052488302776,
    11.655572273686104,
    12.115322622063527,
    12.102086734470848,
    12.144191754505394,
    11.995381503416061,
    11.928526082570908,
    12.03386468367355,
    12.184985152534477,
    12.231810708136575,
    12.598449789328031,
    12.569651728260437,
    12.78065784697529,
    12.998579637895356,
    13.01936119510608,
    13.082298445073064,
    13.16308521229637,
    13.235204285989553,
    13.207234207099724,
    13.230036664079451,
    13.219304961879953,
    13.318618551941928,
    13.383392200954912,
    13.287251433227798,
    13.351732109971021,
    13.412677839958217,
    13.429567757497246,
    13.443947345173518,
    13.271013789369258,
    13.325314635180549,
    13.396756828687746,
    13.403550927368682,
    13.445108054135702,
    13.386094349948003,
    13.447023868978484,
    13.465949106469496,
    13.50860715999377,
    13.460574381712695,
    13.468187205715614,
    13.840580422682127,
    13.830517866757713,
    13.831498019993198,
    13.827090351930506,
    13.818588082104998,
    13.82279522959735,
    13.823875291369864,
    14.10211515629559,
    14.100003737053294,
    14.395678038921584,
    14.438061827799096,
    14.38635201410243,
    14.652294204187427,
    14.674090952965516,
    14.919978654740797,
    15.005917542813155,
    14.917821858561595,
    14.936403354278236,
    14.946499200980544,
    14.969866397545283,
    15.130083730442168,
    15.089951275432616,
    14.98507208763574,
    15.014994525107415,
    15.131269953189133,
    15.112761237146074,
    14.711669148736435,
