{
  "model_name": "XGBoost",
  "metrics": {
    "rmse": 0.17291675241011248,
    "mae": 0.12259821794845599,
    "directional_accuracy": 0.6792452830188679,
    "total_pnl": 36.81474450556064,
    "num_trades": 380,
    "win_rate": 0.7,
    "sharpe_ratio": 9.335602358441765
  },
  "timestamp": "2026-04-05T14:16:01.418433+00:00",
  "threshold": 0.02,
  "n_train_rows": 978,
  "n_test_rows": 435,
  "n_features": 35,
  "pnl_series": [
    0.004791252955082759,
    0.19682445526898057,
    0.40014337186859267,
    0.47977209406987403,
    0.46788424015288493,
    0.557911359921953,
    0.7070024944499654,
    0.7369969203139566,
    0.715785582875496,
    0.7251478842930708,
    0.7927778808451724,
    0.8226000738876105,
    0.8952174468922057,
    0.9272678670602728,
    1.0912471066201472,
    1.1188999086418396,
    1.2291342640332354,
    1.3241654014391784,
    1.4718459110508133,
    1.4419558923258595,
    1.4353971416780167,
    1.4990643301373587,
    1.4706924019116925,
    1.5311364539161343,
    1.5489131884211202,
    1.56323861381773,
    1.5774254227575435,
    1.5477556977867324,
    1.5343661449644022,
    1.5040213927985717,
    1.467224541680238,
    1.544468745850815,
    1.8465023327122014,
    2.2765020735120354,
    2.7165018143118695,
    2.7053390236141954,
    2.8786723569475288,
    2.7253390236141954,
    2.7270056902808624,
    2.7738684353789016,
    2.745490538765711,
    2.745490538765711,
    2.745490538765711,
    2.7460131809175667,
    3.137662645538386,
    3.137662645538386,
    3.5093121101592053,
    3.5093121101592053,
    3.66102398830157,
    3.590945645163527,
    3.6591478713598415,
    3.764724909377574,
    3.764724909377574,
    3.8315840320274828,
    3.7482609530882254,
    3.8619505804268273,
    3.8859620758041675,
    3.6905846828818656,
    3.857537498303901,
    4.018207420865025,
    4.005329860615986,
    4.050261660224121,
    4.115420729184841,
    4.183111818710684,
    4.28681541031361,
    4.256643719409038,
    4.38628721035172,
    4.425683366631455,
    4.480532561712055,
    4.613175493413042,
    4.687327120135018,
    4.816918119836561,
    4.791152148835777,
    4.7802367748208585,
    4.854499920233515,
    4.814950470961139,
    4.795740643364568,
    5.3804776555738645,
    5.3804776555738645,
    5.258207813876004,
    5.383277666891991,
    5.575012764855553,
    5.575012764855553,
    5.859081002457063,
    6.285961468929366,
    6.740127926696172,
    7.028574685631594,
    7.223639297241253,
    7.223639297241253,
    7.239353582955539,
    7.1714206922304005,
    7.161420698397068,
    7.161420698397068,
    7.177761706055286,
    7.591574412366226,
    7.578394799168718,
    7.912170209963309,
    7.8439628151282745,
    8.038932313832234,
    7.817242262761745,
    8.394921274108999,
    8.538870958002356,
    8.841454061250122,
    9.236327186279043,
    9.41994585935853,
    9.220201304385235,
    9.231144267613308,
    9.482252032505874,
    9.626754127288663,
    9.43667240590106,
    9.38788009889168,
    9.43142767571848,
    9.388492682466193,
    9.804576183337872,
    9.969983352093307,
    10.213742918685277,
    10.424697781305236,
    10.696791893987774,
    10.75934799715266,
    10.823016194184413,
    10.995585064022373,
    11.327522977326202,
    11.498446663204854,
    11.733942780082305,
    11.801471074586193,
    12.415586680142814,
    12.432304706378586,
    12.655834633742467,
    12.248308742115942,
    12.653548768171564,
    12.800944185713753,
    12.758998323872646,
    12.74916526188785,
    12.5306493632106,
    12.511998404126576,
    13.080486302256876,
    13.560763745287595,
    14.027549465058092,
    14.587800759919785,
    14.788777402714414,
    14.623909389214223,
    14.65635928508726,
    15.125547599783634,
    15.582369517461112,
    15.548184586290166,
    15.900211908780863,
    15.597172328430794,
    15.506546590532329,
    15.499543693253214,
    15.643082340596209,
    15.723082340596209,
    15.832391424543703,
    16.031748758414803,
    16.22361335612371,
    16.515159829122513,
    16.5055323612947,
    16.605757953586185,
    16.732946376127632,
    17.139370254788403,
    17.361679053942975,
    17.432231049424008,
    17.47940092366295,
    17.956352579433517,
    18.01500947092912,
    18.09296487889876,
    17.9716707612517,
    17.9676707612517,
    17.9881707612517,
    18.0111082612517,
    18.048707029539646,
    18.028041376352533,
    18.184324596033957,
    18.37381025306403,
    18.45775434415495,
    18.39710468585118,
    18.596571678812634,
    18.74296583511988,
    18.735788068976255,
    18.738289584056908,
    18.78091993842709,
    18.864769948925467,
    18.886261516800573,
    18.835816713709054,
    18.850611667088,
    18.93183535038817,
    19.011675964851566,
    18.997957858967606,
    19.043442666211828,
    19.03108323697681,
    19.0746120419343,
    19.081064137010927,
    19.176212024467826,
    19.23042994497468,
    19.33200342377308,
    19.472396817575483,
    19.548654360967443,
    19.63383872684297,
    19.637260529343035,
    19.642468862676367,
    19.618846824838748,
    19.716639902695533,
    19.696840897568848,
    19.690717856810853,
    19.77213755495469,
    19.843383892412223,
    19.99348531952713,
    20.05764164682619,
    20.0332655649331,
    20.09054140185079,
    20.09249920374532,
    20.202201973088684,
    20.146341894962553,
    20.150306529179705,
    20.430199249161756,
    20.516249966394803,
    20.887443837631427,
    21.363493887395183,
    21.42925895456237,
    21.345772752950275,
    21.738602029378015,
    21.75599311293804,
    21.80775366168759,
    21.792240580972425,
    22.115449591997187,
    22.236979531220552,
    22.420130396664877,
    22.585666140361425,
    22.821371986109433,
    23.218438605365247,
    23.26808507560256,
    23.420763374321435,
    23.497918743228073,
    23.57108147396975,
    23.368686587152986,
    23.68460191691492,
    23.942823240015358,
    24.091514657445597,
    24.38539436861998,
    24.89691415400331,
    25.35666450238073,
    25.478076666419483,
    25.49131255401216,
    25.449207533977617,
    25.382352113132466,
    25.487690714235107,
    25.33657024537418,
    25.289744689772082,
    25.274768378324733,
    25.36983881295017,
    25.003199731758713,
    24.97440167069112,
    25.18540778940597,
    25.403329580326037,
    25.424111137536762,
    25.487048387503744,
    25.56783515472705,
    25.618536390687456,
    25.546417316994273,
    25.572490155523436,
    25.600460234413266,
    25.623262691392995,
    25.6125309891935,
    25.711844579255473,
    25.776618228268458,
    25.87275899599557,
    25.811813266008375,
    25.916788305992917,
    25.899898388453888,
    25.914277976130162,
    25.968578821941453,
    26.04002101544865,
    26.04681511412959,
    26.08837224089661,
    26.029358536708912,
    26.090288055739393,
    26.109213293230404,
    26.286911832117973,
    26.238879053836897,
    26.246491877839816,
    26.61888509480633,
    26.608822538881917,
    26.609802692117402,
    26.60539502405471,
    26.596892754229206,
    26.601099901721557,
    26.60217996349407,
    26.880419828419793,
    26.878308409177496,
    27.173982711045788,
    27.2163664999233,
    27.164656686226632,
    27.43059887631163,
    27.45239562508972,
    27.698283326865003,
    27.784222214937362,
    27.696126530685802,
    27.71470802640244,
    27.724803873104747,
    27.748171069669485,
    27.90838840256637,
    27.96800054054806,
    27.997922978019737,
    28.399015066429378,
    28.402743434259865,
    28.35908549758855,
    28.650700821106245,
    28.87885893692571,
    28.882543317823153,
    28.900087856032247,
    29.31158849460185,
    29.318829703412117,
    29.30026682916062,
    29.701278666242686,
    29.86832749486391,
    30.10499365496376,
    30.079926911640015,
    30.447526091924185,
    30.7735149606564,
    30.89795472874322,
    31.237730204934834,
    31.31588183192637,
